symbol,macro,sector,industry,basic,listed,_fetched
20MICRONS,,Basic Materials,Other Industrial Metals & Mining,other-industrial-metals-mining,,2026-08-30
21STCENMGM,,Financial Services,Capital Markets,capital-markets,,2026-08-30
360ONE,,Financial Services,Asset Management,asset-management,,2026-08-30
3BBLACKBIO,,Healthcare,Biotechnology,biotechnology,,2026-08-30
3IINFOLTD,,Technology,Information Technology Services,information-technology-services,,2026-08-30
3MINDIA,,Industrials,Conglomerates,conglomerates,,2026-08-30
3PLAND,,,,,,2026-08-30
5PAISA,,Financial Services,Capital Markets,capital-markets,,2026-08-30
63MOONS,,Technology,Software - Application,software-application,,2026-08-30
A2ZINFRA,,Industrials,Engineering & Construction,engineering-construction,,2026-08-30
AAATECH,,Technology,Information Technology Services,information-technology-services,,2026-08-30
AADHARHFC,,Financial Services,Mortgage Finance,mortgage-finance,,2026-08-30
AAKASH,,Energy,Oil & Gas Equipment & Services,oil-gas-equipment-services,,2026-08-30
AAREYDRUGS,,Healthcare,Drug Manufacturers - Specialty & Generic,drug-manufacturers-specialty-generic,,2026-08-30
AARNAV,,,,,,2026-08-30
AARON,,Industrials,Specialty Industrial Machinery,specialty-industrial-machinery,,2026-08-30
AARTECH,,Industrials,Electrical Equipment & Parts,electrical-equipment-parts,,2026-08-30
AARTIDRUGS,,Healthcare,Drug Manufacturers - Specialty & Generic,drug-manufacturers-specialty-generic,,2026-08-30
AARTIIND,,Basic Materials,Specialty Chemicals,specialty-chemicals,,2026-08-30
AARTIPHARM,,Healthcare,Drug Manufacturers - Specialty & Generic,drug-manufacturers-specialty-generic,,2026-08-30
AARTISURF,,Basic Materials,Specialty Chemicals,specialty-chemicals,,2026-08-30
AARVI,,Industrials,Staffing & Employment Services,staffing-employment-services,,2026-08-30
AASTHA,,Consumer Cyclical,Textile Manufacturing,textile-manufacturing,,2026-08-30
AAVAS,,Financial Services,Mortgage Finance,mortgage-finance,,2026-08-30
ABAN,,Energy,Oil & Gas Drilling,oil-gas-drilling,,2026-08-30
ABANSENT,,Financial Services,Capital Markets,capital-markets,,2026-08-30
ABB,,Industrials,Specialty Industrial Machinery,specialty-industrial-machinery,,2026-08-30
ABBOTINDIA,,Healthcare,Drug Manufacturers - Specialty & Generic,drug-manufacturers-specialty-generic,,2026-08-30
ABCAPITAL,,Financial Services,Financial Conglomerates,financial-conglomerates,,2026-08-30
ABCOTS,,Consumer Cyclical,Textile Manufacturing,textile-manufacturing,,2026-08-30
ABDL,,Consumer Defensive,Beverages - Wineries & Distilleries,beverages-wineries-distilleries,,2026-08-30
ABFRL,,Consumer Cyclical,Apparel Manufacturing,apparel-manufacturing,,2026-08-30
ABINFRA,,Industrials,Engineering & Construction,engineering-construction,,2026-08-30
ABLBL,,Consumer Cyclical,Apparel Retail,apparel-retail,,2026-08-30
ABMINTLLTD,,Basic Materials,Specialty Chemicals,specialty-chemicals,,2026-08-30
ABMKNO,,Technology,Software - Application,software-application,,2026-08-30
ABREL,,Real Estate,Real Estate Services,real-estate-services,,2026-08-30
ABSLAMC,,Financial Services,Asset Management,asset-management,,2026-08-30
ACC,,Basic Materials,Building Materials,building-materials,,2026-08-30
ACCELYA,,Technology,Information Technology Services,information-technology-services,,2026-08-30
ACCURACY,,Industrials,Integrated Freight & Logistics,integrated-freight-logistics,,2026-08-30
ACE,,Industrials,Farm & Heavy Construction Machinery,farm-heavy-construction-machinery,,2026-08-30
ACEINTEG,,Industrials,Staffing & Employment Services,staffing-employment-services,,2026-08-30
ACGL,,Consumer Cyclical,Auto Parts,auto-parts,,2026-08-30
ACI,,Basic Materials,Chemicals,chemicals,,2026-08-30
ACL,,Basic Materials,Building Materials,building-materials,,2026-08-30
ACMESOLAR,,Utilities,Utilities - Renewable,utilities-renewable,,2026-08-30
ACSTECH,,Technology,Information Technology Services,information-technology-services,,2026-08-30
ACUTAAS,,Basic Materials,Specialty Chemicals,specialty-chemicals,,2026-08-30
ADANIENSOL,,Utilities,Utilities - Independent Power Producers,utilities-independent-power-producers,,2026-08-30
ADANIENT,,Energy,Thermal Coal,thermal-coal,,2026-08-30
ADANIGREEN,,Utilities,Utilities - Renewable,utilities-renewable,,2026-08-30
ADANIPORTS,,Industrials,Marine Shipping,marine-shipping,,2026-08-30
ADANIPOWER,,Utilities,Utilities - Independent Power Producers,utilities-independent-power-producers,,2026-08-30
ADDIND,,Consumer Cyclical,Textile Manufacturing,textile-manufacturing,,2026-08-30
ADFFOODS,,Consumer Defensive,Packaged Foods,packaged-foods,,2026-08-30
ADL,,Consumer Cyclical,"Furnishings, Fixtures & Appliances",furnishings-fixtures-appliances,,2026-08-30
ADOR,,Industrials,Specialty Industrial Machinery,specialty-industrial-machinery,,2026-08-30
ADROITINFO,,Technology,Information Technology Services,information-technology-services,,2026-08-30
ADSL,,Technology,Information Technology Services,information-technology-services,,2026-08-30
ADVAIT,,Industrials,Specialty Industrial Machinery,specialty-industrial-machinery,,2026-08-30
ADVANCE,,Basic Materials,Agricultural Inputs,agricultural-inputs,,2026-08-30
ADVANIHOTR,,Consumer Cyclical,Lodging,lodging,,2026-08-30
ADVENTHTL,,Consumer Cyclical,Lodging,lodging,,2026-08-30
ADVENZYMES,,Basic Materials,Specialty Chemicals,specialty-chemicals,,2026-08-30
ADVIKCA,,Financial Services,Credit Services,credit-services,,2026-08-30
AEGISLOG,,Energy,Oil & Gas Refining & Marketing,oil-gas-refining-marketing,,2026-08-30
AEGISVOPAK,,Energy,Oil & Gas Equipment & Services,oil-gas-equipment-services,,2026-08-30
AEPL,,Industrials,Electrical Equipment & Parts,electrical-equipment-parts,,2026-08-30
AEQUS,,Industrials,Aerospace & Defense,aerospace-defense,,2026-08-30
AEROENTER,,Basic Materials,Steel,steel,,2026-08-30
AEROFLEX,,Industrials,Metal Fabrication,metal-fabrication,,2026-08-30
AERONEU,,Consumer Cyclical,Packaging & Containers,packaging-containers,,2026-08-30
AEROPLANE,,Consumer Defensive,Farm Products,farm-products,,2026-08-30
AETHER,,Basic Materials,Specialty Chemicals,specialty-chemicals,,2026-08-30
AFCONS,,Industrials,Engineering & Construction,engineering-construction,,2026-08-30
AFFLE,,Communication Services,Advertising Agencies,advertising-agencies,,2026-08-30
AFFORDABLE,,Industrials,Specialty Industrial Machinery,specialty-industrial-machinery,,2026-08-30
AFIL,,Financial Services,Credit Services,credit-services,,2026-08-30
AFSL,,Financial Services,Capital Markets,capital-markets,,2026-08-30
AGARIND,,Basic Materials,Specialty Chemicals,specialty-chemicals,,2026-08-30
AGARWALEYE,,Healthcare,Medical Instruments & Supplies,medical-instruments-supplies,,2026-08-30
AGI,,Consumer Cyclical,Packaging & Containers,packaging-containers,,2026-08-30
AGIIL,,Real Estate,Real Estate - Development,real-estate-development,,2026-08-30
AGL,,Industrials,Integrated Freight & Logistics,integrated-freight-logistics,,2026-08-30
AGRITECH,,Consumer Defensive,Farm Products,farm-products,,2026-08-30
AGROPHOS,,Basic Materials,Agricultural Inputs,agricultural-inputs,,2026-08-30
AHCL,,Healthcare,Drug Manufacturers - Specialty & Generic,drug-manufacturers-specialty-generic,,2026-08-30
AHLADA,,Industrials,Building Products & Equipment,building-products-equipment,,2026-08-30
AHLEAST,,Consumer Cyclical,Lodging,lodging,,2026-08-30
AHLUCONT,,Industrials,Engineering & Construction,engineering-construction,,2026-08-30
AHLWEST,,Consumer Cyclical,Lodging,lodging,,2026-08-30
AIAENG,,Industrials,Specialty Industrial Machinery,specialty-industrial-machinery,,2026-08-30
AIIL,,Financial Services,Capital Markets,capital-markets,,2026-08-30
AIRAN,,Technology,Information Technology Services,information-technology-services,,2026-08-30
AIROLAM,,Consumer Cyclical,"Furnishings, Fixtures & Appliances",furnishings-fixtures-appliances,,2026-08-30
AJANTPHARM,,Healthcare,Drug Manufacturers - Specialty & Generic,drug-manufacturers-specialty-generic,,2026-08-30
AJAXENGG,,Industrials,Farm & Heavy Construction Machinery,farm-heavy-construction-machinery,,2026-08-30
AJMERA,,Real Estate,Real Estate - Development,real-estate-development,,2026-08-30
AJOONI,,Consumer Defensive,Packaged Foods,packaged-foods,,2026-08-30
AKASH,,Industrials,Engineering & Construction,engineering-construction,,2026-08-30
AKCAPIT,,Financial Services,Capital Markets,capital-markets,,2026-08-30
AKG,,Industrials,Industrial Distribution,industrial-distribution,,2026-08-30
AKI,,Consumer Cyclical,Footwear & Accessories,footwear-accessories,,2026-08-30
AKSHAR,,Consumer Cyclical,Textile Manufacturing,textile-manufacturing,,2026-08-30
AKSHARCHEM,,Basic Materials,Specialty Chemicals,specialty-chemicals,,2026-08-30
AKSHOPTFBR,,Technology,Communication Equipment,communication-equipment,,2026-08-30
AKUMS,,Healthcare,Drug Manufacturers - Specialty & Generic,drug-manufacturers-specialty-generic,,2026-08-30
ALANKIT,,Technology,Information Technology Services,information-technology-services,,2026-08-30
ALBERTDAVD,,Healthcare,Drug Manufacturers - Specialty & Generic,drug-manufacturers-specialty-generic,,2026-08-30
ALEMBICLTD,,Real Estate,Real Estate - Development,real-estate-development,,2026-08-30
ALFREDHE,,Industrials,Specialty Industrial Machinery,specialty-industrial-machinery,,2026-08-30
ALGOQUANT,,Financial Services,Capital Markets,capital-markets,,2026-08-30
ALICON,,Industrials,Metal Fabrication,metal-fabrication,,2026-08-30
ALIVUS,,Healthcare,Drug Manufacturers - Specialty & Generic,drug-manufacturers-specialty-generic,,2026-08-30
ALKALI,,Basic Materials,Specialty Chemicals,specialty-chemicals,,2026-08-30
ALKEM,,Healthcare,Drug Manufacturers - Specialty & Generic,drug-manufacturers-specialty-generic,,2026-08-30
ALKYLAMINE,,Basic Materials,Specialty Chemicals,specialty-chemicals,,2026-08-30
ALLCARGO,,Industrials,Integrated Freight & Logistics,integrated-freight-logistics,,2026-08-30
ALLDIGI,,Industrials,Specialty Business Services,specialty-business-services,,2026-08-30
ALLTIME,,Consumer Defensive,Household & Personal Products,household-personal-products,,2026-08-30
ALMONDZ,,Financial Services,Capital Markets,capital-markets,,2026-08-30
ALOKINDS,,Consumer Cyclical,Textile Manufacturing,textile-manufacturing,,2026-08-30
ALPA,,Healthcare,Drug Manufacturers - Specialty & Generic,drug-manufacturers-specialty-generic,,2026-08-30
ALPHAGEO,,Energy,Oil & Gas Equipment & Services,oil-gas-equipment-services,,2026-08-30
ALPINETEX,,Consumer Cyclical,Textile Manufacturing,textile-manufacturing,,2026-08-30
ALUFLUOR,,Basic Materials,Chemicals,chemicals,,2026-08-30
AMAGI,,Technology,Software - Application,software-application,,2026-08-30
AMAL,,Basic Materials,Chemicals,chemicals,,2026-08-30
AMANTA,,Healthcare,Drug Manufacturers - Specialty & Generic,drug-manufacturers-specialty-generic,,2026-08-30
AMARJOTHI,,Consumer Cyclical,Textile Manufacturing,textile-manufacturing,,2026-08-30
AMBALALSA,,Healthcare,Drug Manufacturers - Specialty & Generic,drug-manufacturers-specialty-generic,,2026-08-30
AMBER,,Consumer Cyclical,"Furnishings, Fixtures & Appliances",furnishings-fixtures-appliances,,2026-08-30
AMBICAAGAR,,Consumer Defensive,Household & Personal Products,household-personal-products,,2026-08-30
AMBIKCO,,Consumer Cyclical,Textile Manufacturing,textile-manufacturing,,2026-08-30
AMBUJACEM,,Basic Materials,Building Materials,building-materials,,2026-08-30
AMDIND,,Consumer Cyclical,Packaging & Containers,packaging-containers,,2026-08-30
AMJLAND,,Real Estate,Real Estate - Development,real-estate-development,,2026-08-30
AMNPLST,,Basic Materials,Chemicals,chemicals,,2026-08-30
AMRUTANJAN,,Healthcare,Drug Manufacturers - Specialty & Generic,drug-manufacturers-specialty-generic,,2026-08-30
ANANDRATHI,,Financial Services,Asset Management,asset-management,,2026-08-30
ANANTRAJ,,Real Estate,Real Estate - Development,real-estate-development,,2026-08-30
ANDHRAPAP,,Basic Materials,Paper & Paper Products,paper-paper-products,,2026-08-30
ANDHRSUGAR,,Basic Materials,Chemicals,chemicals,,2026-08-30
ANDREWYU,,Consumer Defensive,Farm Products,farm-products,,2026-08-30
ANGELONE,,Financial Services,Capital Markets,capital-markets,,2026-08-30
ANIKINDS,,Consumer Defensive,Food Distribution,food-distribution,,2026-08-30
ANMOL,,Energy,Thermal Coal,thermal-coal,,2026-08-30
ANNAPURNA,,Consumer Defensive,Packaged Foods,packaged-foods,,2026-08-30
ANSALBU,,Real Estate,Real Estate - Development,real-estate-development,,2026-08-30
ANTELOPUS,,Energy,Oil & Gas E&P,oil-gas-e-p,,2026-08-30
ANTGRAPHIC,,Consumer Cyclical,Packaging & Containers,packaging-containers,,2026-08-30
ANTHEM,,Healthcare,Biotechnology,biotechnology,,2026-08-30
ANUHPHR,,Healthcare,Drug Manufacturers - Specialty & Generic,drug-manufacturers-specialty-generic,,2026-08-30
ANUP,,Industrials,Specialty Industrial Machinery,specialty-industrial-machinery,,2026-08-30
ANURAS,,Basic Materials,Specialty Chemicals,specialty-chemicals,,2026-08-30
APARINDS,,Industrials,Electrical Equipment & Parts,electrical-equipment-parts,,2026-08-30
APCL,,Basic Materials,Building Materials,building-materials,,2026-08-30
APCOTEXIND,,Basic Materials,Specialty Chemicals,specialty-chemicals,,2026-08-30
APEX,,Consumer Defensive,Farm Products,farm-products,,2026-08-30
APLAPOLLO,,Basic Materials,Steel,steel,,2026-08-30
APLLTD,,Healthcare,Drug Manufacturers - Specialty & Generic,drug-manufacturers-specialty-generic,,2026-08-30
APOLLO,,Industrials,Aerospace & Defense,aerospace-defense,,2026-08-30
APOLLOHOSP,,Healthcare,Medical Care Facilities,medical-care-facilities,,2026-08-30
APOLLOPIPE,,Industrials,Building Products & Equipment,building-products-equipment,,2026-08-30
APOLLOTYRE,,Consumer Cyclical,Auto Parts,auto-parts,,2026-08-30
APOLSINHOT,,Industrials,Specialty Business Services,specialty-business-services,,2026-08-30
APOORVA,,Financial Services,Capital Markets,capital-markets,,2026-08-30
APTECHT,,Consumer Defensive,Education & Training Services,education-training-services,,2026-08-30
APTUS,,Financial Services,Mortgage Finance,mortgage-finance,,2026-08-30
AQYLON,,Communication Services,Broadcasting,broadcasting,,2026-08-30
ARCHIDPLY,,Basic Materials,Lumber & Wood Production,lumber-wood-production,,2026-08-30
ARCHIES,,Consumer Cyclical,Specialty Retail,specialty-retail,,2026-08-30
ARCL,,Basic Materials,Specialty Chemicals,specialty-chemicals,,2026-08-30
ARDEE,,Industrials,Metal Fabrication,metal-fabrication,,2026-08-30
ARE&M,,Industrials,Electrical Equipment & Parts,electrical-equipment-parts,,2026-08-30
ARENTERP,,Basic Materials,Other Industrial Metals & Mining,other-industrial-metals-mining,,2026-08-30
ARFIN,,Basic Materials,Aluminum,aluminum,,2026-08-30
ARIES,,Basic Materials,Agricultural Inputs,agricultural-inputs,,2026-08-30
ARIHANT,,Real Estate,Real Estate - Development,real-estate-development,,2026-08-30
ARIHANTCAP,,Financial Services,Capital Markets,capital-markets,,2026-08-30
ARIHANTSUP,,Real Estate,Real Estate - Development,real-estate-development,,2026-08-30
ARIS,,Industrials,Engineering & Construction,engineering-construction,,2026-08-30
ARKADE,,Real Estate,Real Estate - Development,real-estate-development,,2026-08-30
ARMANFIN,,Financial Services,Credit Services,credit-services,,2026-08-30
AROGRANITE,,Industrials,Building Products & Equipment,building-products-equipment,,2026-08-30
ARROWGREEN,,Consumer Cyclical,Packaging & Containers,packaging-containers,,2026-08-30
ARSSBL,,Financial Services,Financial Conglomerates,financial-conglomerates,,2026-08-30
ARTEMISMED,,,,,,2026-08-30
ARTNIRMAN,,Real Estate,Real Estate - Development,real-estate-development,,2026-08-30
ARVEE,,Basic Materials,Specialty Chemicals,specialty-chemicals,,2026-08-30
ARVIND,,Consumer Cyclical,Textile Manufacturing,textile-manufacturing,,2026-08-30
ARVINDFASN,,Consumer Cyclical,Apparel Retail,apparel-retail,,2026-08-30
ARVSMART,,Real Estate,Real Estate - Development,real-estate-development,,2026-08-30
ARYAMAN,,Financial Services,Capital Markets,capital-markets,,2026-08-30
ASAHIINDIA,,Consumer Cyclical,Auto Parts,auto-parts,,2026-08-30
ASAHISONG,,Basic Materials,Specialty Chemicals,specialty-chemicals,,2026-08-30
ASAL,,Consumer Cyclical,Auto Parts,auto-parts,,2026-08-30
ASALCBR,,Consumer Defensive,Beverages - Wineries & Distilleries,beverages-wineries-distilleries,,2026-08-30
ASHAPURMIN,,Basic Materials,Other Industrial Metals & Mining,other-industrial-metals-mining,,2026-08-30
ASHIANA,,Real Estate,Real Estate - Development,real-estate-development,,2026-08-30
ASHIKAG,,Financial Services,Credit Services,credit-services,,2026-08-30
ASHIMASYN,,Real Estate,Real Estate - Development,real-estate-development,,2026-08-30
ASHOKA,,Industrials,Engineering & Construction,engineering-construction,,2026-08-30
ASHOKAMET,,Basic Materials,Steel,steel,,2026-08-30
ASHOKLEY,,Industrials,Farm & Heavy Construction Machinery,farm-heavy-construction-machinery,,2026-08-30
ASIANENE,,Energy,Oil & Gas Equipment & Services,oil-gas-equipment-services,,2026-08-30
ASIANHOTNR,,Consumer Cyclical,Lodging,lodging,,2026-08-30
ASIANPAINT,,Basic Materials,Specialty Chemicals,specialty-chemicals,,2026-08-30
ASIANTILES,,Industrials,Building Products & Equipment,building-products-equipment,,2026-08-30
ASIANTNE,,Consumer Defensive,Food Distribution,food-distribution,,2026-08-30
ASKAUTOLTD,,Consumer Cyclical,Auto Parts,auto-parts,,2026-08-30
ASMS,,Technology,Information Technology Services,information-technology-services,,2026-08-30
ASPINWALL,,Consumer Defensive,Farm Products,farm-products,,2026-08-30
ASSAMENT,,Financial Services,Capital Markets,capital-markets,,2026-08-30
ASTAR,,,,,,2026-08-30
ASTEC,,Basic Materials,Agricultural Inputs,agricultural-inputs,,2026-08-30
ASTERDM,,Healthcare,Medical Care Facilities,medical-care-facilities,,2026-08-30
ASTRAL,,Industrials,Building Products & Equipment,building-products-equipment,,2026-08-30
ASTRAMICRO,,Technology,Communication Equipment,communication-equipment,,2026-08-30
ASTRAZEN,,Healthcare,Drug Manufacturers - Specialty & Generic,drug-manufacturers-specialty-generic,,2026-08-30
ATALREAL,,Industrials,Engineering & Construction,engineering-construction,,2026-08-30
ATAM,,Industrials,Specialty Industrial Machinery,specialty-industrial-machinery,,2026-08-30
ATGL,,Utilities,Utilities - Regulated Gas,utilities-regulated-gas,,2026-08-30
ATHERENERG,,Consumer Cyclical,Auto Manufacturers,auto-manufacturers,,2026-08-30
ATL,,Industrials,Integrated Freight & Logistics,integrated-freight-logistics,,2026-08-30
ATLANTAA,,Industrials,Infrastructure Operations,infrastructure-operations,,2026-08-30
ATLANTAELE,,Industrials,Electrical Equipment & Parts,electrical-equipment-parts,,2026-08-30
ATLASCYCLE,,Consumer Cyclical,Leisure,leisure,,2026-08-30
ATUL,,Basic Materials,Specialty Chemicals,specialty-chemicals,,2026-08-30
ATULAUTO,,Consumer Cyclical,Auto Manufacturers,auto-manufacturers,,2026-08-30
AUBANK,,Financial Services,Banks - Regional,banks-regional,,2026-08-30
AURIONPRO,,Technology,Software - Application,software-application,,2026-08-30
AUROPHARMA,,Healthcare,Drug Manufacturers - Specialty & Generic,drug-manufacturers-specialty-generic,,2026-08-30
AURUM,,Real Estate,Real Estate Services,real-estate-services,,2026-08-30
AURUS,,Consumer Cyclical,Luxury Goods,luxury-goods,,2026-08-30
AUSOMENT,,Financial Services,Capital Markets,capital-markets,,2026-08-30
AUSTENG,,,,,,2026-08-30
AUTOAXLES,,Consumer Cyclical,Auto Parts,auto-parts,,2026-08-30
AUTOIND,,Consumer Cyclical,Auto Parts,auto-parts,,2026-08-30
AVADHSUGAR,,Consumer Defensive,Confectioners,confectioners,,2026-08-30
AVALON,,Technology,Electronic Components,electronic-components,,2026-08-30
AVANCE,,Technology,Information Technology Services,information-technology-services,,2026-08-30
AVANTEL,,Technology,Communication Equipment,communication-equipment,,2026-08-30
AVANTIFEED,,Consumer Defensive,Packaged Foods,packaged-foods,,2026-08-30
AVG,,Industrials,Integrated Freight & Logistics,integrated-freight-logistics,,2026-08-30
AVL,,Consumer Cyclical,Specialty Retail,specialty-retail,,2026-08-30
AVONMORE,,Financial Services,Capital Markets,capital-markets,,2026-08-30
AVROIND,,Consumer Cyclical,"Furnishings, Fixtures & Appliances",furnishings-fixtures-appliances,,2026-08-30
AVTNPL,,Basic Materials,Specialty Chemicals,specialty-chemicals,,2026-08-30
AWFIS,,Industrials,Rental & Leasing Services,rental-leasing-services,,2026-08-30
AWHCL,,Industrials,Waste Management,waste-management,,2026-08-30
AWL,,Consumer Defensive,Packaged Foods,packaged-foods,,2026-08-30
AXISBANK,,Financial Services,Banks - Regional,banks-regional,,2026-08-30
AXISCADES,,Industrials,Engineering & Construction,engineering-construction,,2026-08-30
AXITA,,Consumer Cyclical,Textile Manufacturing,textile-manufacturing,,2026-08-30
AXTEL,,Industrials,Specialty Industrial Machinery,specialty-industrial-machinery,,2026-08-30
AYE,,Financial Services,Credit Services,credit-services,,2026-08-30
AYMSYNTEX,,Consumer Cyclical,Textile Manufacturing,textile-manufacturing,,2026-08-30
AZAD,,Industrials,Specialty Industrial Machinery,specialty-industrial-machinery,,2026-08-30
AZADIND,,Basic Materials,Steel,steel,,2026-08-30
BAFNAPH,,Healthcare,Drug Manufacturers - Specialty & Generic,drug-manufacturers-specialty-generic,,2026-08-30
BAGFILMS,,Communication Services,Broadcasting,broadcasting,,2026-08-30
BAIDFIN,,Financial Services,Credit Services,credit-services,,2026-08-30
BAJAJ-AUTO,,Consumer Cyclical,Auto Manufacturers,auto-manufacturers,,2026-08-30
BAJAJCON,,Consumer Defensive,Household & Personal Products,household-personal-products,,2026-08-30
BAJAJELEC,,Consumer Cyclical,"Furnishings, Fixtures & Appliances",furnishings-fixtures-appliances,,2026-08-30
BAJAJFINSV,,Financial Services,Financial Conglomerates,financial-conglomerates,,2026-08-30
BAJAJHCARE,,Healthcare,Drug Manufacturers - Specialty & Generic,drug-manufacturers-specialty-generic,,2026-08-30
BAJAJHFL,,Financial Services,Mortgage Finance,mortgage-finance,,2026-08-30
BAJAJHIND,,Consumer Defensive,Confectioners,confectioners,,2026-08-30
BAJAJHLDNG,,Financial Services,Asset Management,asset-management,,2026-08-30
BAJAJINDEF,,Industrials,Farm & Heavy Construction Machinery,farm-heavy-construction-machinery,,2026-08-30
BAJAJST,,Industrials,Specialty Industrial Machinery,specialty-industrial-machinery,,2026-08-30
BAJEL,,Utilities,Utilities - Regulated Electric,utilities-regulated-electric,,2026-08-30
BAJFINANCE,,Financial Services,Credit Services,credit-services,,2026-08-30
BALAJEE,,Consumer Cyclical,Packaging & Containers,packaging-containers,,2026-08-30
BALAJITELE,,Communication Services,Entertainment,entertainment,,2026-08-30
BALAMINES,,Basic Materials,Specialty Chemicals,specialty-chemicals,,2026-08-30
BALAXI,,Healthcare,Drug Manufacturers - Specialty & Generic,drug-manufacturers-specialty-generic,,2026-08-30
BALKRISHNA,,Consumer Cyclical,Packaging & Containers,packaging-containers,,2026-08-30
BALKRISIND,,Consumer Cyclical,Auto Parts,auto-parts,,2026-08-30
BALMLAWRIE,,Industrials,Conglomerates,conglomerates,,2026-08-30
BALPHARMA,,Healthcare,Drug Manufacturers - Specialty & Generic,drug-manufacturers-specialty-generic,,2026-08-30
BALRAMCHIN,,Consumer Defensive,Confectioners,confectioners,,2026-08-30
BALUFORGE,,Industrials,Metal Fabrication,metal-fabrication,,2026-08-30
BANARBEADS,,Consumer Cyclical,Footwear & Accessories,footwear-accessories,,2026-08-30
BANARISUG,,Consumer Defensive,Confectioners,confectioners,,2026-08-30
BANCOINDIA,,Consumer Cyclical,Auto Parts,auto-parts,,2026-08-30
BANDHANBNK,,Financial Services,Banks - Regional,banks-regional,,2026-08-30
BANG,,Consumer Cyclical,Apparel Manufacturing,apparel-manufacturing,,2026-08-30
BANKA,,Industrials,Pollution & Treatment Controls,pollution-treatment-controls,,2026-08-30
BANKBARODA,,Financial Services,Banks - Regional,banks-regional,,2026-08-30
BANKINDIA,,Financial Services,Banks - Regional,banks-regional,,2026-08-30
BANSALWIRE,,Basic Materials,Steel,steel,,2026-08-30
BANSWRAS,,Consumer Cyclical,Textile Manufacturing,textile-manufacturing,,2026-08-30
BASF,,Basic Materials,Specialty Chemicals,specialty-chemicals,,2026-08-30
BASML,,Consumer Cyclical,Textile Manufacturing,textile-manufacturing,,2026-08-30
BATAINDIA,,Consumer Cyclical,Footwear & Accessories,footwear-accessories,,2026-08-30
BATLIBOI,,Industrials,Specialty Industrial Machinery,specialty-industrial-machinery,,2026-08-30
BAYERCROP,,Basic Materials,Agricultural Inputs,agricultural-inputs,,2026-08-30
BBL,,Industrials,Electrical Equipment & Parts,electrical-equipment-parts,,2026-08-30
BBOX,,Technology,Software - Application,software-application,,2026-08-30
BBTC,,Consumer Defensive,Packaged Foods,packaged-foods,,2026-08-30
BBTCL,,Consumer Cyclical,Packaging & Containers,packaging-containers,,2026-08-30
BCG,,Communication Services,Advertising Agencies,advertising-agencies,,2026-08-30
BCLIND,,Consumer Defensive,Beverages - Wineries & Distilleries,beverages-wineries-distilleries,,2026-08-30
BCONCEPTS,,Consumer Cyclical,Footwear & Accessories,footwear-accessories,,2026-08-30
BCPL,,Industrials,Infrastructure Operations,infrastructure-operations,,2026-08-30
BDL,,Industrials,Aerospace & Defense,aerospace-defense,,2026-08-30
BEARDSELL,,Industrials,Building Products & Equipment,building-products-equipment,,2026-08-30
BECTORFOOD,,Consumer Defensive,Packaged Foods,packaged-foods,,2026-08-30
BEDMUTHA,,Basic Materials,Steel,steel,,2026-08-30
BEEKAY,,Basic Materials,Steel,steel,,2026-08-30
BEL,,Industrials,Aerospace & Defense,aerospace-defense,,2026-08-30
BELLACASA,,Consumer Cyclical,Textile Manufacturing,textile-manufacturing,,2026-08-30
BELRISE,,Consumer Cyclical,Auto Parts,auto-parts,,2026-08-30
BEML,,Industrials,Conglomerates,conglomerates,,2026-08-30
BENARAS,,Consumer Cyclical,Lodging,lodging,,2026-08-30
BENGALASM,,Consumer Cyclical,Auto Parts,auto-parts,,2026-08-30
BEPL,,Basic Materials,Chemicals,chemicals,,2026-08-30
BERGEPAINT,,Basic Materials,Specialty Chemicals,specialty-chemicals,,2026-08-30
BESTAGRO,,Basic Materials,Agricultural Inputs,agricultural-inputs,,2026-08-30
BETA,,Healthcare,Drug Manufacturers - Specialty & Generic,drug-manufacturers-specialty-generic,,2026-08-30
BFINVEST,,Financial Services,Asset Management,asset-management,,2026-08-30
BFUTILITIE,,Industrials,Infrastructure Operations,infrastructure-operations,,2026-08-30
BGRENERGY,,Industrials,Engineering & Construction,engineering-construction,,2026-08-30
BHAGCHEM,,Basic Materials,Agricultural Inputs,agricultural-inputs,,2026-08-30
BHAGERIA,,Basic Materials,Specialty Chemicals,specialty-chemicals,,2026-08-30
BHAGYANGR,,Basic Materials,Copper,copper,,2026-08-30
BHANDARI,,Consumer Cyclical,Apparel Manufacturing,apparel-manufacturing,,2026-08-30
BHARATCOAL,,Basic Materials,Coking Coal,coking-coal,,2026-08-30
BHARATFORG,,Consumer Cyclical,Auto Parts,auto-parts,,2026-08-30
BHARATGEAR,,Consumer Cyclical,Auto Parts,auto-parts,,2026-08-30
BHARATRAS,,Basic Materials,Agricultural Inputs,agricultural-inputs,,2026-08-30
BHARATSE,,Consumer Cyclical,Auto Parts,auto-parts,,2026-08-30
BHARATWIRE,,Basic Materials,Steel,steel,,2026-08-30
BHARTIARTL,,Communication Services,Telecom Services,telecom-services,,2026-08-30
BHARTIHEXA,,Communication Services,Telecom Services,telecom-services,,2026-08-30
BHEL,,Industrials,Specialty Industrial Machinery,specialty-industrial-machinery,,2026-08-30
BI,,Consumer Cyclical,Packaging & Containers,packaging-containers,,2026-08-30
BIGBLOC,,Industrials,Building Products & Equipment,building-products-equipment,,2026-08-30
BIKAJI,,Consumer Defensive,Packaged Foods,packaged-foods,,2026-08-30
BIL,,Consumer Cyclical,Footwear & Accessories,footwear-accessories,,2026-08-30
BILVYAPAR,,Basic Materials,Specialty Chemicals,specialty-chemicals,,2026-08-30
BIMETAL,,Consumer Cyclical,Auto Parts,auto-parts,,2026-08-30
BIOCON,,Healthcare,Biotechnology,biotechnology,,2026-08-30
BIOFILCHEM,,Healthcare,Drug Manufacturers - Specialty & Generic,drug-manufacturers-specialty-generic,,2026-08-30
BIRLACABLE,,Technology,Communication Equipment,communication-equipment,,2026-08-30
BIRLACORPN,,Basic Materials,Building Materials,building-materials,,2026-08-30
BIRLAMONEY,,Financial Services,Capital Markets,capital-markets,,2026-08-30
BIRLANU,,Industrials,Building Products & Equipment,building-products-equipment,,2026-08-30
BIRLAPREC,,Industrials,Tools & Accessories,tools-accessories,,2026-08-30
BLACKBUCK,,Technology,Software - Application,software-application,,2026-08-30
BLACKROSE,,Basic Materials,Specialty Chemicals,specialty-chemicals,,2026-08-30
BLAL,,Financial Services,Shell Companies,shell-companies,,2026-08-30
BLBLIMITED,,Financial Services,Capital Markets,capital-markets,,2026-08-30
BLEL,,Basic Materials,Steel,steel,,2026-08-30
BLIL,,Industrials,Conglomerates,conglomerates,,2026-08-30
BLISSGVS,,Healthcare,Drug Manufacturers - Specialty & Generic,drug-manufacturers-specialty-generic,,2026-08-30
BLKASHYAP,,Industrials,Engineering & Construction,engineering-construction,,2026-08-30
BLS,,Industrials,Specialty Business Services,specialty-business-services,,2026-08-30
BLSE,,Industrials,Specialty Business Services,specialty-business-services,,2026-08-30
BLUECHIP,,Financial Services,Capital Markets,capital-markets,,2026-08-30
BLUECLOUDS,,Technology,Information Technology Services,information-technology-services,,2026-08-30
BLUECOAST,,Consumer Cyclical,Lodging,lodging,,2026-08-30
BLUEDART,,Industrials,Integrated Freight & Logistics,integrated-freight-logistics,,2026-08-30
BLUEJET,,Healthcare,Biotechnology,biotechnology,,2026-08-30
BLUESTARCO,,Industrials,Building Products & Equipment,building-products-equipment,,2026-08-30
BLUESTONE,,Consumer Cyclical,Luxury Goods,luxury-goods,,2026-08-30
BLUSPRING,,Industrials,Specialty Business Services,specialty-business-services,,2026-08-30
BMWVENTLTD,,Basic Materials,Steel,steel,,2026-08-30
BNAGROCHEM,,Consumer Defensive,Packaged Foods,packaged-foods,,2026-08-30
BNALTD,,Consumer Defensive,Packaged Foods,packaged-foods,,2026-08-30
BODALCHEM,,Basic Materials,Specialty Chemicals,specialty-chemicals,,2026-08-30
BOHRAIND,,Basic Materials,Agricultural Inputs,agricultural-inputs,,2026-08-30
BOMDYEING,,Consumer Cyclical,Textile Manufacturing,textile-manufacturing,,2026-08-30
BONLON,,Basic Materials,Other Industrial Metals & Mining,other-industrial-metals-mining,,2026-08-30
BORANA,,Consumer Cyclical,Textile Manufacturing,textile-manufacturing,,2026-08-30
BOROLTD,,Consumer Cyclical,"Furnishings, Fixtures & Appliances",furnishings-fixtures-appliances,,2026-08-30
BORORENEW,,Technology,Solar,solar,,2026-08-30
BOROSCI,,Consumer Cyclical,Packaging & Containers,packaging-containers,,2026-08-30
BOSCH-HCIL,,Consumer Cyclical,"Furnishings, Fixtures & Appliances",furnishings-fixtures-appliances,,2026-08-30
BOSCHLTD,,Consumer Cyclical,Auto Parts,auto-parts,,2026-08-30
BPCL,,Energy,Oil & Gas Refining & Marketing,oil-gas-refining-marketing,,2026-08-30
BPL,,Technology,Consumer Electronics,consumer-electronics,,2026-08-30
BPLPHARMA,,Healthcare,Drug Manufacturers - Specialty & Generic,drug-manufacturers-specialty-generic,,2026-08-30
BRAHMINFRA,,Industrials,Engineering & Construction,engineering-construction,,2026-08-30
BRIGADE,,Real Estate,Real Estate - Development,real-estate-development,,2026-08-30
BRIGHOTEL,,Consumer Cyclical,Lodging,lodging,,2026-08-30
BRIGHTBR,,Basic Materials,Specialty Chemicals,specialty-chemicals,,2026-08-30
BRITANNIA,,Consumer Defensive,Packaged Foods,packaged-foods,,2026-08-30
BRNL,,Industrials,Infrastructure Operations,infrastructure-operations,,2026-08-30
BROOKS,,Healthcare,Drug Manufacturers - Specialty & Generic,drug-manufacturers-specialty-generic,,2026-08-30
BSE,,Financial Services,Financial Data & Stock Exchanges,financial-data-stock-exchanges,,2026-08-30
BSHSL,,Basic Materials,Agricultural Inputs,agricultural-inputs,,2026-08-30
BSL,,Consumer Cyclical,Textile Manufacturing,textile-manufacturing,,2026-08-30
BSOFT,,Technology,Information Technology Services,information-technology-services,,2026-08-30
BTML,,Communication Services,Entertainment,entertainment,,2026-08-30
BTTL,,Consumer Cyclical,Textile Manufacturing,textile-manufacturing,,2026-08-30
BUILDPRO,,Consumer Cyclical,Home Improvement Retail,home-improvement-retail,,2026-08-30
BURNPUR,,Basic Materials,Building Materials,building-materials,,2026-08-30
BUTTERFLY,,Consumer Cyclical,"Furnishings, Fixtures & Appliances",furnishings-fixtures-appliances,,2026-08-30
BVCL,,Basic Materials,Building Materials,building-materials,,2026-08-30
BYKE,,Consumer Cyclical,Lodging,lodging,,2026-08-30
CALSOFT,,Technology,Software - Application,software-application,,2026-08-30
CAMLINFINE,,Basic Materials,Specialty Chemicals,specialty-chemicals,,2026-08-30
CAMPUS,,Consumer Cyclical,Footwear & Accessories,footwear-accessories,,2026-08-30
CAMS,,Technology,Information Technology Services,information-technology-services,,2026-08-30
CANBK,,Financial Services,Banks - Regional,banks-regional,,2026-08-30
CANFINHOME,,Financial Services,Mortgage Finance,mortgage-finance,,2026-08-30
CANHLIFE,,Financial Services,Insurance - Life,insurance-life,,2026-08-30
CANTABIL,,Consumer Cyclical,Apparel Manufacturing,apparel-manufacturing,,2026-08-30
CAPACITE,,Industrials,Engineering & Construction,engineering-construction,,2026-08-30
CAPILLARY,,Technology,Software - Infrastructure,software-infrastructure,,2026-08-30
CAPITALSFB,,Financial Services,Banks - Regional,banks-regional,,2026-08-30
CAPLIPOINT,,Healthcare,Drug Manufacturers - Specialty & Generic,drug-manufacturers-specialty-generic,,2026-08-30
CAPTRUST,,Financial Services,Credit Services,credit-services,,2026-08-30
CARBORUNIV,,Industrials,Conglomerates,conglomerates,,2026-08-30
CARERATING,,Financial Services,Financial Data & Stock Exchanges,financial-data-stock-exchanges,,2026-08-30
CARRARO,,Consumer Cyclical,Auto Parts,auto-parts,,2026-08-30
CARTRADE,,Consumer Cyclical,Auto & Truck Dealerships,auto-truck-dealerships,,2026-08-30
CARYSIL,,Consumer Cyclical,"Furnishings, Fixtures & Appliances",furnishings-fixtures-appliances,,2026-08-30
CASTROLIND,,Energy,Oil & Gas Refining & Marketing,oil-gas-refining-marketing,,2026-08-30
CCAVENUE,,Technology,Software - Infrastructure,software-infrastructure,,2026-08-30
CCCL,,Industrials,Engineering & Construction,engineering-construction,,2026-08-30
CCHHL,,Consumer Cyclical,Lodging,lodging,,2026-08-30
CCL,,Consumer Defensive,Packaged Foods,packaged-foods,,2026-08-30
CDSL,,Financial Services,Capital Markets,capital-markets,,2026-08-30
CEATLTD,,Consumer Cyclical,Auto Parts,auto-parts,,2026-08-30
CEIGALL,,Industrials,Engineering & Construction,engineering-construction,,2026-08-30
CEINSYS,,Industrials,Engineering & Construction,engineering-construction,,2026-08-30
CELEBRITY,,Consumer Cyclical,Apparel Manufacturing,apparel-manufacturing,,2026-08-30
CELLO,,Consumer Cyclical,"Furnishings, Fixtures & Appliances",furnishings-fixtures-appliances,,2026-08-30
CEMPRO,,Industrials,Engineering & Construction,engineering-construction,,2026-08-30
CENTENKA,,Consumer Cyclical,Textile Manufacturing,textile-manufacturing,,2026-08-30
CENTEXT,,Basic Materials,Aluminum,aluminum,,2026-08-30
CENTRALBK,,Financial Services,Banks - Regional,banks-regional,,2026-08-30
CENTRUM,,Financial Services,Financial Conglomerates,financial-conglomerates,,2026-08-30
CENTUM,,Technology,Electronic Components,electronic-components,,2026-08-30
CENTURYPLY,,Basic Materials,Lumber & Wood Production,lumber-wood-production,,2026-08-30
CERA,,Industrials,Building Products & Equipment,building-products-equipment,,2026-08-30
CESC,,Utilities,Utilities - Regulated Electric,utilities-regulated-electric,,2026-08-30
CEWATER,,Utilities,Utilities - Regulated Water,utilities-regulated-water,,2026-08-30
CFEL,,Utilities,Utilities - Regulated Gas,utilities-regulated-gas,,2026-08-30
CGCL,,Financial Services,Credit Services,credit-services,,2026-08-30
CGPOWER,,Industrials,Electrical Equipment & Parts,electrical-equipment-parts,,2026-08-30
CGVAK,,Technology,Software - Application,software-application,,2026-08-30
CHALET,,Consumer Cyclical,Lodging,lodging,,2026-08-30
CHAMBLFERT,,Basic Materials,Agricultural Inputs,agricultural-inputs,,2026-08-30
CHEMBOND,,Basic Materials,Specialty Chemicals,specialty-chemicals,,2026-08-30
CHEMBONDCH,,Basic Materials,Specialty Chemicals,specialty-chemicals,,2026-08-30
CHEMCON,,Basic Materials,Specialty Chemicals,specialty-chemicals,,2026-08-30
CHEMCRUX,,Basic Materials,Specialty Chemicals,specialty-chemicals,,2026-08-30
CHEMFAB,,Basic Materials,Specialty Chemicals,specialty-chemicals,,2026-08-30
CHEMPLASTS,,Basic Materials,Chemicals,chemicals,,2026-08-30
CHENNPETRO,,Energy,Oil & Gas Refining & Marketing,oil-gas-refining-marketing,,2026-08-30
CHEVIOT,,Consumer Cyclical,Textile Manufacturing,textile-manufacturing,,2026-08-30
CHOICEIN,,Financial Services,Capital Markets,capital-markets,,2026-08-30
CHOLAFIN,,Financial Services,Credit Services,credit-services,,2026-08-30
CHOLAHLDNG,,Financial Services,Credit Services,credit-services,,2026-08-30
CIEINDIA,,Consumer Cyclical,Auto Parts,auto-parts,,2026-08-30
CIFL,,Financial Services,Credit Services,credit-services,,2026-08-30
CINELINE,,Communication Services,Entertainment,entertainment,,2026-08-30
CINEVISTA,,Communication Services,Entertainment,entertainment,,2026-08-30
CIPLA,,Healthcare,Drug Manufacturers - Specialty & Generic,drug-manufacturers-specialty-generic,,2026-08-30
CLCIND,,Consumer Cyclical,Textile Manufacturing,textile-manufacturing,,2026-08-30
CLEAN,,Basic Materials,Specialty Chemicals,specialty-chemicals,,2026-08-30
CLEANMAX,,Utilities,Utilities - Renewable,utilities-renewable,,2026-08-30
CLEDUCATE,,Consumer Defensive,Education & Training Services,education-training-services,,2026-08-30
CLSEL,,Consumer Defensive,Packaged Foods,packaged-foods,,2026-08-30
CMLL,,Energy,Thermal Coal,thermal-coal,,2026-08-30
CMPDI,,Basic Materials,Other Industrial Metals & Mining,other-industrial-metals-mining,,2026-08-30
CMRGREEN,,Basic Materials,Aluminum,aluminum,,2026-08-30
CMSINFO,,Industrials,Specialty Business Services,specialty-business-services,,2026-08-30
CNL,,Technology,Electronics & Computer Distribution,electronics-computer-distribution,,2026-08-30
COALINDIA,,Energy,Thermal Coal,thermal-coal,,2026-08-30
COASTCORP,,Consumer Defensive,Packaged Foods,packaged-foods,,2026-08-30
COCHINSHIP,,Industrials,Aerospace & Defense,aerospace-defense,,2026-08-30
COCKERILL,,Industrials,Metal Fabrication,metal-fabrication,,2026-08-30
COFFEEDAY,,Consumer Cyclical,Restaurants,restaurants,,2026-08-30
COFORGE,,Technology,Information Technology Services,information-technology-services,,2026-08-30
COHANCE,,Healthcare,Drug Manufacturers - Specialty & Generic,drug-manufacturers-specialty-generic,,2026-08-30
COLPAL,,Consumer Defensive,Household & Personal Products,household-personal-products,,2026-08-30
COMFINTE,,Industrials,Conglomerates,conglomerates,,2026-08-30
COMPEAU,,Consumer Cyclical,Auto & Truck Dealerships,auto-truck-dealerships,,2026-08-30
COMPUSOFT,,Consumer Defensive,Education & Training Services,education-training-services,,2026-08-30
COMSYN,,Consumer Cyclical,Packaging & Containers,packaging-containers,,2026-08-30
CONCOR,,Industrials,Railroads,railroads,,2026-08-30
CONCORDBIO,,Healthcare,Biotechnology,biotechnology,,2026-08-30
CONFIPET,,Energy,Oil & Gas Refining & Marketing,oil-gas-refining-marketing,,2026-08-30
CONSOFINVT,,Financial Services,Capital Markets,capital-markets,,2026-08-30
CONTROLPR,,Industrials,Business Equipment & Supplies,business-equipment-supplies,,2026-08-30
CORALFINAC,,Real Estate,Real Estate Services,real-estate-services,,2026-08-30
CORDELIA,,Industrials,Marine Shipping,marine-shipping,,2026-08-30
CORDSCABLE,,Industrials,Electrical Equipment & Parts,electrical-equipment-parts,,2026-08-30
COROMANDEL,,Basic Materials,Agricultural Inputs,agricultural-inputs,,2026-08-30
CORONA,,Healthcare,Drug Manufacturers - General,drug-manufacturers-general,,2026-08-30
COSMOFIRST,,Consumer Cyclical,Packaging & Containers,packaging-containers,,2026-08-30
COUNCODOS,,Real Estate,Real Estate - Development,real-estate-development,,2026-08-30
CPCAP,,Financial Services,Credit Services,credit-services,,2026-08-30
CPEDU,,Consumer Defensive,Education & Training Services,education-training-services,,2026-08-30
CPL,,Industrials,Farm & Heavy Construction Machinery,farm-heavy-construction-machinery,,2026-08-30
CPPLUS,,Industrials,Building Products & Equipment,building-products-equipment,,2026-08-30
CRAFTSMAN,,Consumer Cyclical,Auto Parts,auto-parts,,2026-08-30
CRAMC,,Financial Services,Asset Management,asset-management,,2026-08-30
CRAVATEX,,Consumer Cyclical,Leisure,leisure,,2026-08-30
CREATIVEYE,,Communication Services,Entertainment,entertainment,,2026-08-30
CREDITACC,,Financial Services,Credit Services,credit-services,,2026-08-30
CREST,,Financial Services,Financial Conglomerates,financial-conglomerates,,2026-08-30
CRISIL,,Financial Services,Financial Data & Stock Exchanges,financial-data-stock-exchanges,,2026-08-30
CRIZAC,,Consumer Defensive,Education & Training Services,education-training-services,,2026-08-30
CROMPTON,,Consumer Cyclical,"Furnishings, Fixtures & Appliances",furnishings-fixtures-appliances,,2026-08-30
CROWN,,Industrials,Rental & Leasing Services,rental-leasing-services,,2026-08-30
CRSL,,Technology,Information Technology Services,information-technology-services,,2026-08-30
CSBBANK,,Financial Services,Banks - Regional,banks-regional,,2026-08-30
CSLFINANCE,,Financial Services,Credit Services,credit-services,,2026-08-30
CSM,,Technology,Information Technology Services,information-technology-services,,2026-08-30
CTE,,Technology,Information Technology Services,information-technology-services,,2026-08-30
CUB,,Financial Services,Banks - Regional,banks-regional,,2026-08-30
CUBEXTUB,,Basic Materials,Copper,copper,,2026-08-30
CUMMINSIND,,Industrials,Specialty Industrial Machinery,specialty-industrial-machinery,,2026-08-30
CUPID,,Consumer Defensive,Household & Personal Products,household-personal-products,,2026-08-30
CURAA,,Technology,Software - Application,software-application,,2026-08-30
CYBERMEDIA,,Communication Services,Publishing,publishing,,2026-08-30
CYBERTECH,,Technology,Information Technology Services,information-technology-services,,2026-08-30
CYIENT,,Industrials,Conglomerates,conglomerates,,2026-08-30
CYIENTDLM,,Industrials,Aerospace & Defense,aerospace-defense,,2026-08-30
DABUR,,Consumer Defensive,Household & Personal Products,household-personal-products,,2026-08-30
DAICHI,,Basic Materials,Specialty Chemicals,specialty-chemicals,,2026-08-30
DALBHARAT,,Basic Materials,Building Materials,building-materials,,2026-08-30
DALMIASUG,,Consumer Defensive,Confectioners,confectioners,,2026-08-30
DAMCAPITAL,,Financial Services,Capital Markets,capital-markets,,2026-08-30
DAMODARIND,,Consumer Cyclical,Textile Manufacturing,textile-manufacturing,,2026-08-30
DANGEE,,Consumer Cyclical,Restaurants,restaurants,,2026-08-30
DATAMATICS,,Technology,Information Technology Services,information-technology-services,,2026-08-30
DATAPATTNS,,Industrials,Aerospace & Defense,aerospace-defense,,2026-08-30
DAVANGERE,,Consumer Defensive,Confectioners,confectioners,,2026-08-30
DBCORP,,Communication Services,Publishing,publishing,,2026-08-30
DBEIL,,Industrials,Engineering & Construction,engineering-construction,,2026-08-30
DBL,,Industrials,Engineering & Construction,engineering-construction,,2026-08-30
DBOL,,Consumer Defensive,Farm Products,farm-products,,2026-08-30
DBREALTY,,Real Estate,Real Estate - Development,real-estate-development,,2026-08-30
DBSTOCKBRO,,Financial Services,Capital Markets,capital-markets,,2026-08-30
DCAL,,Healthcare,Biotechnology,biotechnology,,2026-08-30
DCBBANK,,Financial Services,Banks - Regional,banks-regional,,2026-08-30
DCI,,Technology,Electronics & Computer Distribution,electronics-computer-distribution,,2026-08-30
DCM,,Industrials,Metal Fabrication,metal-fabrication,,2026-08-30
DCMFINSERV,,Financial Services,Credit Services,credit-services,,2026-08-30
DCMNVL,,Consumer Cyclical,Textile Manufacturing,textile-manufacturing,,2026-08-30
DCMSHRIRAM,,Industrials,Conglomerates,conglomerates,,2026-08-30
DCMSIL,,Industrials,Industrial Distribution,industrial-distribution,,2026-08-30
DCMSRIND,,Consumer Defensive,Confectioners,confectioners,,2026-08-30
DCW,,Basic Materials,Chemicals,chemicals,,2026-08-30
DCXINDIA,,Industrials,Aerospace & Defense,aerospace-defense,,2026-08-30
DDEVPLSTIK,,Basic Materials,Specialty Chemicals,specialty-chemicals,,2026-08-30
DECCANCE,,Basic Materials,Building Materials,building-materials,,2026-08-30
DECNGOLD,,Basic Materials,Gold,gold,,2026-08-30
DEEDEV,,Industrials,Metal Fabrication,metal-fabrication,,2026-08-30
DEEP,,Basic Materials,Specialty Chemicals,specialty-chemicals,,2026-08-30
DEEPAKFERT,,Basic Materials,Chemicals,chemicals,,2026-08-30
DEEPAKNTR,,Basic Materials,Chemicals,chemicals,,2026-08-30
DEEPINDS,,Energy,Oil & Gas E&P,oil-gas-e-p,,2026-08-30
DELHIVERY,,Industrials,Integrated Freight & Logistics,integrated-freight-logistics,,2026-08-30
DELPHIFX,,Financial Services,Capital Markets,capital-markets,,2026-08-30
DELTACORP,,Consumer Cyclical,Resorts & Casinos,resorts-casinos,,2026-08-30
DELTAMAGNT,,Consumer Cyclical,Textile Manufacturing,textile-manufacturing,,2026-08-30
DEN,,Communication Services,Entertainment,entertainment,,2026-08-30
DENORA,,Industrials,Electrical Equipment & Parts,electrical-equipment-parts,,2026-08-30
DENTA,,Industrials,Engineering & Construction,engineering-construction,,2026-08-30
DEVIT,,Technology,Information Technology Services,information-technology-services,,2026-08-30
DEVX,,Real Estate,Real Estate Services,real-estate-services,,2026-08-30
DEVYANI,,Consumer Cyclical,Restaurants,restaurants,,2026-08-30
DGCONTENT,,Communication Services,Internet Content & Information,internet-content-information,,2026-08-30
DHABRIYA,,Industrials,Building Products & Equipment,building-products-equipment,,2026-08-30
DHAMPURSUG,,Consumer Defensive,Confectioners,confectioners,,2026-08-30
DHANBANK,,Financial Services,Banks - Regional,banks-regional,,2026-08-30
DHANUKA,,Basic Materials,Agricultural Inputs,agricultural-inputs,,2026-08-30
DHARMAJ,,Basic Materials,Agricultural Inputs,agricultural-inputs,,2026-08-30
DHATRE,,,,,,2026-08-30
DHOOTTRANS,,Consumer Cyclical,Auto Parts,auto-parts,,2026-08-30
DHRUV,,Industrials,Engineering & Construction,engineering-construction,,2026-08-30
DHUNINV,,Financial Services,Capital Markets,capital-markets,,2026-08-30
DIACABS,,Industrials,Specialty Industrial Machinery,specialty-industrial-machinery,,2026-08-30
DIAMINESQ,,Basic Materials,Chemicals,chemicals,,2026-08-30
DIAMONDYD,,Consumer Defensive,Packaged Foods,packaged-foods,,2026-08-30
DICIND,,Basic Materials,Specialty Chemicals,specialty-chemicals,,2026-08-30
DIFFNKG,,Industrials,Specialty Industrial Machinery,specialty-industrial-machinery,,2026-08-30
DIGIDRIVE,,Consumer Cyclical,Internet Retail,internet-retail,,2026-08-30
DIGISPICE,,Financial Services,Financial Conglomerates,financial-conglomerates,,2026-08-30
DIGITIDE,,Industrials,Specialty Business Services,specialty-business-services,,2026-08-30
DIGJAMLMTD,,Consumer Cyclical,Textile Manufacturing,textile-manufacturing,,2026-08-30
DISAQ,,,,,,2026-08-30
DISHTV,,Communication Services,Entertainment,entertainment,,2026-08-30
DIVGIITTS,,Consumer Cyclical,Auto Parts,auto-parts,,2026-08-30
DIVISLAB,,Healthcare,Drug Manufacturers - Specialty & Generic,drug-manufacturers-specialty-generic,,2026-08-30
DIXON,,Technology,Consumer Electronics,consumer-electronics,,2026-08-30
DJML,,Industrials,Specialty Business Services,specialty-business-services,,2026-08-30
DLF,,Real Estate,Real Estate - Development,real-estate-development,,2026-08-30
DLINKINDIA,,Technology,Communication Equipment,communication-equipment,,2026-08-30
DMART,,Consumer Defensive,Discount Stores,discount-stores,,2026-08-30
DMCC,,Basic Materials,Chemicals,chemicals,,2026-08-30
DNAMEDIA,,Communication Services,Publishing,publishing,,2026-08-30
DODLA,,Consumer Defensive,Food Distribution,food-distribution,,2026-08-30
DOLATALGO,,Financial Services,Capital Markets,capital-markets,,2026-08-30
DOLLAR,,Consumer Cyclical,Apparel Manufacturing,apparel-manufacturing,,2026-08-30
DOLPHIN,,Energy,Oil & Gas Equipment & Services,oil-gas-equipment-services,,2026-08-30
DOMS,,Industrials,Business Equipment & Supplies,business-equipment-supplies,,2026-08-30
DONEAR,,Consumer Cyclical,Textile Manufacturing,textile-manufacturing,,2026-08-30
DPABHUSHAN,,Consumer Cyclical,Luxury Goods,luxury-goods,,2026-08-30
DPSCLTD,,Utilities,Utilities - Regulated Electric,utilities-regulated-electric,,2026-08-30
DPWIRES,,Industrials,Metal Fabrication,metal-fabrication,,2026-08-30
DRAGARWQ,,Healthcare,Medical Care Facilities,medical-care-facilities,,2026-08-30
DRCSYSTEMS,,Technology,Information Technology Services,information-technology-services,,2026-08-30
DREAMFOLKS,,Industrials,Airports & Air Services,airports-air-services,,2026-08-30
DREDGECORP,,Industrials,Engineering & Construction,engineering-construction,,2026-08-30
DRREDDY,,Healthcare,Drug Manufacturers - Specialty & Generic,drug-manufacturers-specialty-generic,,2026-08-30
DSFCL,,Basic Materials,Specialty Chemicals,specialty-chemicals,,2026-08-30
DSKULKARNI,,Real Estate,Real Estate - Development,real-estate-development,,2026-08-30
DSSL,,Technology,Information Technology Services,information-technology-services,,2026-08-30
DTIL,,Consumer Defensive,Packaged Foods,packaged-foods,,2026-08-30
DUCON,,Industrials,Specialty Industrial Machinery,specialty-industrial-machinery,,2026-08-30
DVL,,Financial Services,Capital Markets,capital-markets,,2026-08-30
DWARKESH,,Consumer Defensive,Confectioners,confectioners,,2026-08-30
DYCL,,Industrials,Electrical Equipment & Parts,electrical-equipment-parts,,2026-08-30
DYNAMATECH,,Consumer Cyclical,Auto Parts,auto-parts,,2026-08-30
DYNPRO,,Basic Materials,Specialty Chemicals,specialty-chemicals,,2026-08-30
E2E,,Technology,Software - Infrastructure,software-infrastructure,,2026-08-30
EASEMYTRIP,,Consumer Cyclical,Travel Services,travel-services,,2026-08-30
EASTSILK,,Consumer Cyclical,Textile Manufacturing,textile-manufacturing,,2026-08-30
EASTWEST,,Industrials,Integrated Freight & Logistics,integrated-freight-logistics,,2026-08-30
EBGNG,,Technology,Computer Hardware,computer-hardware,,2026-08-30
EBIX,,Technology,Software - Application,software-application,,2026-08-30
ECLERX,,Technology,Information Technology Services,information-technology-services,,2026-08-30
ECORECO,,Industrials,Waste Management,waste-management,,2026-08-30
ECOSMOBLTY,,Industrials,Rental & Leasing Services,rental-leasing-services,,2026-08-30
EDELWEISS,,Financial Services,Financial Conglomerates,financial-conglomerates,,2026-08-30
EFCIL,,Real Estate,Real Estate Services,real-estate-services,,2026-08-30
EICHERMOT,,Consumer Cyclical,Auto Manufacturers,auto-manufacturers,,2026-08-30
EIDPARRY,,Basic Materials,Agricultural Inputs,agricultural-inputs,,2026-08-30
EIEL,,Industrials,Engineering & Construction,engineering-construction,,2026-08-30
EIFFL,,Consumer Defensive,Packaged Foods,packaged-foods,,2026-08-30
EIHAHOTELS,,Consumer Cyclical,Lodging,lodging,,2026-08-30
EIHOTEL,,Consumer Cyclical,Lodging,lodging,,2026-08-30
EIMCOELECO,,Industrials,Farm & Heavy Construction Machinery,farm-heavy-construction-machinery,,2026-08-30
EKC,,Industrials,Specialty Industrial Machinery,specialty-industrial-machinery,,2026-08-30
EKI,,Industrials,Consulting Services,consulting-services,,2026-08-30
ELANTAS,,Basic Materials,Specialty Chemicals,specialty-chemicals,,2026-08-30
ELCIDIN,,,,,,2026-08-30
ELDEHSG,,Real Estate,Real Estate Services,real-estate-services,,2026-08-30
ELECON,,Industrials,Specialty Industrial Machinery,specialty-industrial-machinery,,2026-08-30
ELECTCAST,,Industrials,Building Products & Equipment,building-products-equipment,,2026-08-30
ELECTHERM,,Basic Materials,Steel,steel,,2026-08-30
ELGIEQUIP,,Industrials,Specialty Industrial Machinery,specialty-industrial-machinery,,2026-08-30
ELGIRUBCO,,Consumer Cyclical,Auto Parts,auto-parts,,2026-08-30
ELIN,,Industrials,Electrical Equipment & Parts,electrical-equipment-parts,,2026-08-30
ELITECON,,Consumer Defensive,Tobacco,tobacco,,2026-08-30
ELLEN,,Basic Materials,Chemicals,chemicals,,2026-08-30
ELPROINTL,,,,,,2026-08-30
EMAMILTD,,Consumer Defensive,Household & Personal Products,household-personal-products,,2026-08-30
EMAMIPAP,,Basic Materials,Paper & Paper Products,paper-paper-products,,2026-08-30
EMAMIREAL,,Real Estate,Real Estate - Development,real-estate-development,,2026-08-30
EMBDL,,Real Estate,Real Estate - Diversified,real-estate-diversified,,2026-08-30
EMCURE,,Healthcare,Drug Manufacturers - Specialty & Generic,drug-manufacturers-specialty-generic,,2026-08-30
EMIL,,Consumer Cyclical,Specialty Retail,specialty-retail,,2026-08-30
EMKAY,,Financial Services,Capital Markets,capital-markets,,2026-08-30
EMMBI,,Consumer Cyclical,Packaging & Containers,packaging-containers,,2026-08-30
EMMVEE,,Technology,Solar,solar,,2026-08-30
EMPIND,,Industrials,Conglomerates,conglomerates,,2026-08-30
EMPOWER,,Technology,Electronics & Computer Distribution,electronics-computer-distribution,,2026-08-30
EMSLIMITED,,Industrials,Engineering & Construction,engineering-construction,,2026-08-30
EMUDHRA,,Technology,Software - Application,software-application,,2026-08-30
ENDURANCE,,Consumer Cyclical,Auto Parts,auto-parts,,2026-08-30
ENERGYDEV,,Utilities,Utilities - Regulated Electric,utilities-regulated-electric,,2026-08-30
ENGINERSIN,,Industrials,Engineering & Construction,engineering-construction,,2026-08-30
ENIL,,Communication Services,Broadcasting,broadcasting,,2026-08-30
ENKEIWHEL,,Consumer Cyclical,Auto Parts,auto-parts,,2026-08-30
ENRIN,,Utilities,Utilities - Renewable,utilities-renewable,,2026-08-30
ENTERO,,Healthcare,Medical Distribution,medical-distribution,,2026-08-30
EPACK,,Consumer Cyclical,"Furnishings, Fixtures & Appliances",furnishings-fixtures-appliances,,2026-08-30
EPACKPEB,,Industrials,Engineering & Construction,engineering-construction,,2026-08-30
EPIGRAL,,Basic Materials,Chemicals,chemicals,,2026-08-30
EPL,,Consumer Cyclical,Packaging & Containers,packaging-containers,,2026-08-30
EQUIPPP,,Technology,Information Technology Services,information-technology-services,,2026-08-30
EQUITASBNK,,Financial Services,Banks - Regional,banks-regional,,2026-08-30
ERIS,,Healthcare,Drug Manufacturers - Specialty & Generic,drug-manufacturers-specialty-generic,,2026-08-30
ESABINDIA,,Industrials,Tools & Accessories,tools-accessories,,2026-08-30
ESAFSFB,,Financial Services,Banks - Regional,banks-regional,,2026-08-30
ESCORTS,,Industrials,Farm & Heavy Construction Machinery,farm-heavy-construction-machinery,,2026-08-30
ESSARSHPNG,,Industrials,Marine Shipping,marine-shipping,,2026-08-30
ESSENTIA,,Consumer Defensive,Food Distribution,food-distribution,,2026-08-30
ESTER,,Basic Materials,Specialty Chemicals,specialty-chemicals,,2026-08-30
ETERNAL,,Consumer Cyclical,Internet Retail,internet-retail,,2026-08-30
ETHOSLTD,,Consumer Cyclical,Luxury Goods,luxury-goods,,2026-08-30
EUREKAFORB,,Consumer Cyclical,"Furnishings, Fixtures & Appliances",furnishings-fixtures-appliances,,2026-08-30
EUROBOND,,Industrials,Building Products & Equipment,building-products-equipment,,2026-08-30
EUROPRATIK,,Basic Materials,Building Materials,building-materials,,2026-08-30
EUROTEXIND,,Real Estate,Real Estate - Development,real-estate-development,,2026-08-30
EVEREADY,,Industrials,Electrical Equipment & Parts,electrical-equipment-parts,,2026-08-30
EVERESTIND,,Industrials,Building Products & Equipment,building-products-equipment,,2026-08-30
EXCELINDUS,,Basic Materials,Specialty Chemicals,specialty-chemicals,,2026-08-30
EXCELSOFT,,Technology,Software - Application,software-application,,2026-08-30
EXICOM,,Industrials,Electrical Equipment & Parts,electrical-equipment-parts,,2026-08-30
EXIDEIND,,Consumer Cyclical,Auto Parts,auto-parts,,2026-08-30
EXPLEOSOL,,Technology,Information Technology Services,information-technology-services,,2026-08-30
EXXARO,,Industrials,Building Products & Equipment,building-products-equipment,,2026-08-30
FABTECH,,Healthcare,Health Information Services,health-information-services,,2026-08-30
FACT,,Basic Materials,Agricultural Inputs,agricultural-inputs,,2026-08-30
FAIRCHEMOR,,Basic Materials,Specialty Chemicals,specialty-chemicals,,2026-08-30
FAZE3Q,,Consumer Cyclical,Textile Manufacturing,textile-manufacturing,,2026-08-30
FCL,,Basic Materials,Specialty Chemicals,specialty-chemicals,,2026-08-30
FCSSOFT,,Technology,Information Technology Services,information-technology-services,,2026-08-30
FDC,,Healthcare,Drug Manufacturers - Specialty & Generic,drug-manufacturers-specialty-generic,,2026-08-30
FEDDERSHOL,,Financial Services,Credit Services,credit-services,,2026-08-30
FEDERALBNK,,Financial Services,Banks - Regional,banks-regional,,2026-08-30
FEDFINA,,Financial Services,Credit Services,credit-services,,2026-08-30
FERMENTA,,Healthcare,Drug Manufacturers - Specialty & Generic,drug-manufacturers-specialty-generic,,2026-08-30
FIBERWEB,,Consumer Cyclical,Textile Manufacturing,textile-manufacturing,,2026-08-30
FIEMIND,,Consumer Cyclical,Auto Parts,auto-parts,,2026-08-30
FILATEX,,Consumer Cyclical,Textile Manufacturing,textile-manufacturing,,2026-08-30
FILATFASH,,Consumer Cyclical,Apparel Manufacturing,apparel-manufacturing,,2026-08-30
FINCABLES,,Industrials,Electrical Equipment & Parts,electrical-equipment-parts,,2026-08-30
FINEORG,,Basic Materials,Specialty Chemicals,specialty-chemicals,,2026-08-30
FINKURVE,,Financial Services,Credit Services,credit-services,,2026-08-30
FINOPB,,Financial Services,Banks - Regional,banks-regional,,2026-08-30
FINPIPE,,Industrials,Building Products & Equipment,building-products-equipment,,2026-08-30
FIRSTCRY,,Consumer Cyclical,Internet Retail,internet-retail,,2026-08-30
FISCHER,,Healthcare,Medical Devices,medical-devices,,2026-08-30
FIVESTAR,,Financial Services,Credit Services,credit-services,,2026-08-30
FLAIR,,Industrials,Business Equipment & Supplies,business-equipment-supplies,,2026-08-30
FLEXITUFF,,Consumer Cyclical,Textile Manufacturing,textile-manufacturing,,2026-08-30
FLUOROCHEM,,Basic Materials,Specialty Chemicals,specialty-chemicals,,2026-08-30
FMGOETZE,,Consumer Cyclical,Auto Parts,auto-parts,,2026-08-30
FMNL,,Real Estate,Real Estate Services,real-estate-services,,2026-08-30
FOCUS,,Consumer Cyclical,"Furnishings, Fixtures & Appliances",furnishings-fixtures-appliances,,2026-08-30
FOODSIN,,Consumer Defensive,Packaged Foods,packaged-foods,,2026-08-30
FORCEMOT,,Consumer Cyclical,Auto Manufacturers,auto-manufacturers,,2026-08-30
FORTIS,,Healthcare,Medical Care Facilities,medical-care-facilities,,2026-08-30
FOSECOIND,,Basic Materials,Chemicals,chemicals,,2026-08-30
FRACTAL,,Technology,Software - Infrastructure,software-infrastructure,,2026-08-30
FREDUN,,Healthcare,Drug Manufacturers - Specialty & Generic,drug-manufacturers-specialty-generic,,2026-08-30
FRONTSP,,Industrials,Metal Fabrication,metal-fabrication,,2026-08-30
FSL,,Technology,Information Technology Services,information-technology-services,,2026-08-30
FUSION,,Financial Services,Credit Services,credit-services,,2026-08-30
GABRIEL,,Consumer Cyclical,Auto Parts,auto-parts,,2026-08-30
GAEL,,Consumer Defensive,Packaged Foods,packaged-foods,,2026-08-30
GAIL,,Utilities,Utilities - Regulated Gas,utilities-regulated-gas,,2026-08-30
GAJA,,Financial Services,Asset Management,asset-management,,2026-08-30
GALAPREC,,Industrials,Specialty Industrial Machinery,specialty-industrial-machinery,,2026-08-30
GALAXYSURF,,Basic Materials,Specialty Chemicals,specialty-chemicals,,2026-08-30
GALLANTT,,Basic Materials,Steel,steel,,2026-08-30
GANDHAR,,Energy,Oil & Gas Refining & Marketing,oil-gas-refining-marketing,,2026-08-30
GANDHITUBE,,Industrials,Metal Fabrication,metal-fabrication,,2026-08-30
GANECOS,,Consumer Cyclical,Textile Manufacturing,textile-manufacturing,,2026-08-30
GANESHBE,,Basic Materials,Specialty Chemicals,specialty-chemicals,,2026-08-30
GANESHCP,,Consumer Defensive,Packaged Foods,packaged-foods,,2026-08-30
GANESHHOU,,Real Estate,Real Estate - Development,real-estate-development,,2026-08-30
GANGAFORGE,,Industrials,Metal Fabrication,metal-fabrication,,2026-08-30
GANGESSECU,,Consumer Defensive,Packaged Foods,packaged-foods,,2026-08-30
GARFIBRES,,Consumer Cyclical,Textile Manufacturing,textile-manufacturing,,2026-08-30
GARUDA,,Industrials,Engineering & Construction,engineering-construction,,2026-08-30
GATECH,,Financial Services,Asset Management,asset-management,,2026-08-30
GATECHDVR,,Financial Services,Asset Management,asset-management,,2026-08-30
GATEWAY,,Industrials,Integrated Freight & Logistics,integrated-freight-logistics,,2026-08-30
GAUDIUMIVF,,Healthcare,Medical Care Facilities,medical-care-facilities,,2026-08-30
GAYAHWS,,Industrials,Infrastructure Operations,infrastructure-operations,,2026-08-30
GAYAPROJ,,Industrials,Engineering & Construction,engineering-construction,,2026-08-30
GCSL,,Financial Services,Capital Markets,capital-markets,,2026-08-30
GEECEE,,Real Estate,Real Estate - Development,real-estate-development,,2026-08-30
GEEKAYWIRE,,Industrials,Electrical Equipment & Parts,electrical-equipment-parts,,2026-08-30
GEMAROMA,,Basic Materials,Chemicals,chemicals,,2026-08-30
GENCON,,Industrials,Engineering & Construction,engineering-construction,,2026-08-30
GENESYS,,Technology,Software - Application,software-application,,2026-08-30
GENUSPAPER,,Basic Materials,Paper & Paper Products,paper-paper-products,,2026-08-30
GENUSPOWER,,Industrials,Electrical Equipment & Parts,electrical-equipment-parts,,2026-08-30
GEOJITFSL,,Financial Services,Capital Markets,capital-markets,,2026-08-30
GESHIP,,Industrials,Marine Shipping,marine-shipping,,2026-08-30
GFLLIMITED,,Financial Services,Asset Management,asset-management,,2026-08-30
GHCL,,Basic Materials,Chemicals,chemicals,,2026-08-30
GHCLTEXTIL,,Consumer Cyclical,Textile Manufacturing,textile-manufacturing,,2026-08-30
GICHSGFIN,,Financial Services,Mortgage Finance,mortgage-finance,,2026-08-30
GICL,,Industrials,Integrated Freight & Logistics,integrated-freight-logistics,,2026-08-30
GICRE,,Financial Services,Insurance - Reinsurance,insurance-reinsurance,,2026-08-30
GILLANDERS,,Consumer Defensive,Farm Products,farm-products,,2026-08-30
GILLETTE,,Consumer Defensive,Household & Personal Products,household-personal-products,,2026-08-30
GINNIFILA,,Consumer Cyclical,Textile Manufacturing,textile-manufacturing,,2026-08-30
GIPCL,,Utilities,Utilities - Regulated Electric,utilities-regulated-electric,,2026-08-30
GKB,,Healthcare,Medical Instruments & Supplies,medical-instruments-supplies,,2026-08-30
GKENERGY,,Utilities,Utilities - Renewable,utilities-renewable,,2026-08-30
GKSL,,Healthcare,Medical Care Facilities,medical-care-facilities,,2026-08-30
GKWLIMITED,,Industrials,Specialty Business Services,specialty-business-services,,2026-08-30
GLAND,,Healthcare,Drug Manufacturers - Specialty & Generic,drug-manufacturers-specialty-generic,,2026-08-30
GLAXO,,Healthcare,Drug Manufacturers - General,drug-manufacturers-general,,2026-08-30
GLENMARK,,Healthcare,Drug Manufacturers - Specialty & Generic,drug-manufacturers-specialty-generic,,2026-08-30
GLFL,,Financial Services,Shell Companies,shell-companies,,2026-08-30
GLOBAL,,Consumer Defensive,Education & Training Services,education-training-services,,2026-08-30
GLOBALE,,Consumer Cyclical,Textile Manufacturing,textile-manufacturing,,2026-08-30
GLOBALVECT,,Industrials,Airports & Air Services,airports-air-services,,2026-08-30
GLOBE,,Consumer Cyclical,Textile Manufacturing,textile-manufacturing,,2026-08-30
GLOBECIVIL,,Industrials,Engineering & Construction,engineering-construction,,2026-08-30
GLOBUSSPR,,Consumer Defensive,Beverages - Wineries & Distilleries,beverages-wineries-distilleries,,2026-08-30
GLOSTERLTD,,Consumer Cyclical,Textile Manufacturing,textile-manufacturing,,2026-08-30
GLOTTIS,,Industrials,Integrated Freight & Logistics,integrated-freight-logistics,,2026-08-30
GMBREW,,Consumer Defensive,Beverages - Wineries & Distilleries,beverages-wineries-distilleries,,2026-08-30
GMDCLTD,,Energy,Thermal Coal,thermal-coal,,2026-08-30
GMMPFAUDLR,,Industrials,Specialty Industrial Machinery,specialty-industrial-machinery,,2026-08-30
GMRAIRPORT,,Industrials,Airports & Air Services,airports-air-services,,2026-08-30
GMRP&UI,,Energy,Thermal Coal,thermal-coal,,2026-08-30
GNA,,Consumer Cyclical,Auto Parts,auto-parts,,2026-08-30
GNFC,,Basic Materials,Chemicals,chemicals,,2026-08-30
GNRL,,Energy,Oil & Gas E&P,oil-gas-e-p,,2026-08-30
GOACARBON,,Basic Materials,Specialty Chemicals,specialty-chemicals,,2026-08-30
GOCLCORP,,Basic Materials,Specialty Chemicals,specialty-chemicals,,2026-08-30
GOCOLORS,,Consumer Cyclical,Apparel Retail,apparel-retail,,2026-08-30
GODAVARIB,,Basic Materials,Chemicals,chemicals,,2026-08-30
GODFRYPHLP,,Consumer Defensive,Tobacco,tobacco,,2026-08-30
GODIGIT,,Financial Services,Insurance - Property & Casualty,insurance-property-casualty,,2026-08-30
GODREJAGRO,,Consumer Defensive,Packaged Foods,packaged-foods,,2026-08-30
GODREJCP,,Consumer Defensive,Household & Personal Products,household-personal-products,,2026-08-30
GODREJIND,,Industrials,Conglomerates,conglomerates,,2026-08-30
GODREJPROP,,Real Estate,Real Estate - Development,real-estate-development,,2026-08-30
GOKEX,,Consumer Cyclical,Apparel Manufacturing,apparel-manufacturing,,2026-08-30
GOKUL,,Consumer Defensive,Packaged Foods,packaged-foods,,2026-08-30
GOKULAGRO,,Consumer Defensive,Packaged Foods,packaged-foods,,2026-08-30
GOLDIAM,,Consumer Cyclical,Luxury Goods,luxury-goods,,2026-08-30
GOLDTECH,,Technology,Information Technology Services,information-technology-services,,2026-08-30
GOODLUCK,,Basic Materials,Steel,steel,,2026-08-30
GOODYEAR,,Consumer Cyclical,Auto Parts,auto-parts,,2026-08-30
GOPAL,,Consumer Defensive,Packaged Foods,packaged-foods,,2026-08-30
GOYALALUM,,Basic Materials,Aluminum,aluminum,,2026-08-30
GPIL,,Basic Materials,Steel,steel,,2026-08-30
GPPL,,Industrials,Marine Shipping,marine-shipping,,2026-08-30
GPTHEALTH,,Healthcare,Medical Care Facilities,medical-care-facilities,,2026-08-30
GPTINFRA,,Industrials,Engineering & Construction,engineering-construction,,2026-08-30
GRADIENTE,,Communication Services,Entertainment,entertainment,,2026-08-30
GRANDOAK,,Financial Services,Mortgage Finance,mortgage-finance,,2026-08-30
GRANULES,,Healthcare,Drug Manufacturers - Specialty & Generic,drug-manufacturers-specialty-generic,,2026-08-30
GRAPHITE,,Industrials,Electrical Equipment & Parts,electrical-equipment-parts,,2026-08-30
GRASIM,,Basic Materials,Building Materials,building-materials,,2026-08-30
GRAUWEIL,,Basic Materials,Specialty Chemicals,specialty-chemicals,,2026-08-30
GRAVISSHO,,Consumer Cyclical,Lodging,lodging,,2026-08-30
GRAVITA,,Industrials,Metal Fabrication,metal-fabrication,,2026-08-30
GREAVESCOT,,Industrials,Specialty Industrial Machinery,specialty-industrial-machinery,,2026-08-30
GREENLAM,,Consumer Cyclical,"Furnishings, Fixtures & Appliances",furnishings-fixtures-appliances,,2026-08-30
GREENPANEL,,Basic Materials,Lumber & Wood Production,lumber-wood-production,,2026-08-30
GREENPLY,,Basic Materials,Lumber & Wood Production,lumber-wood-production,,2026-08-30
GREENPOWER,,Utilities,Utilities - Independent Power Producers,utilities-independent-power-producers,,2026-08-30
GRINDWELL,,Industrials,Building Products & Equipment,building-products-equipment,,2026-08-30
GRINFRA,,Industrials,Engineering & Construction,engineering-construction,,2026-08-30
GRMOVER,,Consumer Defensive,Packaged Foods,packaged-foods,,2026-08-30
GROBTEA,,Consumer Defensive,Farm Products,farm-products,,2026-08-30
GROWW,,Financial Services,Capital Markets,capital-markets,,2026-08-30
GRPLTD,,Consumer Cyclical,Auto Parts,auto-parts,,2026-08-30
GRSE,,Industrials,Aerospace & Defense,aerospace-defense,,2026-08-30
GRWRHITECH,,Basic Materials,Specialty Chemicals,specialty-chemicals,,2026-08-30
GSFC,,Basic Materials,Agricultural Inputs,agricultural-inputs,,2026-08-30
GSLSU,,Basic Materials,Building Materials,building-materials,,2026-08-30
GSPCROP,,Basic Materials,Agricultural Inputs,agricultural-inputs,,2026-08-30
GSS,,Technology,Information Technology Services,information-technology-services,,2026-08-30
GTECJAINX,,Consumer Defensive,Education & Training Services,education-training-services,,2026-08-30
GTL,,Communication Services,Telecom Services,telecom-services,,2026-08-30
GTLINFRA,,Technology,Communication Equipment,communication-equipment,,2026-08-30
GTPL,,Communication Services,Entertainment,entertainment,,2026-08-30
GUFICBIO,,Healthcare,Drug Manufacturers - Specialty & Generic,drug-manufacturers-specialty-generic,,2026-08-30
GUJALKALI,,Basic Materials,Chemicals,chemicals,,2026-08-30
GUJAPOLLO,,Industrials,Specialty Industrial Machinery,specialty-industrial-machinery,,2026-08-30
GUJENERGY,,Utilities,Utilities - Regulated Gas,utilities-regulated-gas,,2026-08-30
GUJRAFFIA,,,,,,2026-08-30
GUJTHEM,,Healthcare,Drug Manufacturers - Specialty & Generic,drug-manufacturers-specialty-generic,,2026-08-30
GULFOILLUB,,Basic Materials,Specialty Chemicals,specialty-chemicals,,2026-08-30
GULFPETRO,,Energy,Oil & Gas Refining & Marketing,oil-gas-refining-marketing,,2026-08-30
GULPOLY,,Basic Materials,Chemicals,chemicals,,2026-08-30
GVKPIL,,Utilities,Utilities - Independent Power Producers,utilities-independent-power-producers,,2026-08-30
GVPIL,,Industrials,Engineering & Construction,engineering-construction,,2026-08-30
GVPTECH,,Technology,Information Technology Services,information-technology-services,,2026-08-30
GVT&D,,Industrials,Specialty Industrial Machinery,specialty-industrial-machinery,,2026-08-30
GYFTR,,Industrials,Specialty Business Services,specialty-business-services,,2026-08-30
HAL,,Industrials,Aerospace & Defense,aerospace-defense,,2026-08-30
HALDER,,Consumer Defensive,Farm Products,farm-products,,2026-08-30
HALDYNGL,,Consumer Cyclical,Packaging & Containers,packaging-containers,,2026-08-30
HALEOSLABS,,Healthcare,Biotechnology,biotechnology,,2026-08-30
HAMPTON,,Financial Services,Capital Markets,capital-markets,,2026-08-30
HAPPSTMNDS,,Technology,Information Technology Services,information-technology-services,,2026-08-30
HAPPYFORGE,,Industrials,Metal Fabrication,metal-fabrication,,2026-08-30
HARDWYN,,Industrials,Building Products & Equipment,building-products-equipment,,2026-08-30
HARIOMPIPE,,Basic Materials,Steel,steel,,2026-08-30
HARRMALAYA,,Consumer Defensive,Farm Products,farm-products,,2026-08-30
HARSHA,,Industrials,Tools & Accessories,tools-accessories,,2026-08-30
HATHWAY,,Communication Services,Entertainment,entertainment,,2026-08-30
HATSUN,,Consumer Defensive,Packaged Foods,packaged-foods,,2026-08-30
HAVELLS,,Industrials,Electrical Equipment & Parts,electrical-equipment-parts,,2026-08-30
HAVISHA,,Consumer Cyclical,Lodging,lodging,,2026-08-30
HAWKINCOOK,,Consumer Cyclical,"Furnishings, Fixtures & Appliances",furnishings-fixtures-appliances,,2026-08-30
HAZOOR,,Real Estate,Real Estate - Development,real-estate-development,,2026-08-30
HBESD,,,,,,2026-08-30
HBLENGINE,,Industrials,Electrical Equipment & Parts,electrical-equipment-parts,,2026-08-30
HBPOR,,Financial Services,Capital Markets,capital-markets,,2026-08-30
HBSL,,Financial Services,Capital Markets,capital-markets,,2026-08-30
HCC,,Industrials,Engineering & Construction,engineering-construction,,2026-08-30
HCG,,Healthcare,Medical Care Facilities,medical-care-facilities,,2026-08-30
HCL-INSYS,,Technology,Electronics & Computer Distribution,electronics-computer-distribution,,2026-08-30
HCLTECH,,Technology,Information Technology Services,information-technology-services,,2026-08-30
HDBFS,,Financial Services,Credit Services,credit-services,,2026-08-30
HDFCAMC,,Financial Services,Asset Management,asset-management,,2026-08-30
HDFCBANK,,Financial Services,Banks - Regional,banks-regional,,2026-08-30
HDFCLIFE,,Financial Services,Insurance - Life,insurance-life,,2026-08-30
HEADSUP,,Consumer Cyclical,Apparel Retail,apparel-retail,,2026-08-30
HEALTHX,,Healthcare,Pharmaceutical Retailers,pharmaceutical-retailers,,2026-08-30
HECPROJECT,,Industrials,Engineering & Construction,engineering-construction,,2026-08-30
HEG,,Industrials,Electrical Equipment & Parts,electrical-equipment-parts,,2026-08-30
HEIDELBERG,,Basic Materials,Building Materials,building-materials,,2026-08-30
HEMIPROP,,Real Estate,Real Estate - Diversified,real-estate-diversified,,2026-08-30
HERANBA,,Basic Materials,Agricultural Inputs,agricultural-inputs,,2026-08-30
HERITGFOOD,,Consumer Defensive,Packaged Foods,packaged-foods,,2026-08-30
HEROMOTOCO,,Consumer Cyclical,Auto Manufacturers,auto-manufacturers,,2026-08-30
HESTERBIO,,Healthcare,Drug Manufacturers - Specialty & Generic,drug-manufacturers-specialty-generic,,2026-08-30
HEXAGON,,Consumer Defensive,Packaged Foods,packaged-foods,,2026-08-30
HEXATRADEX,,Financial Services,Credit Services,credit-services,,2026-08-30
HEXT,,Technology,Information Technology Services,information-technology-services,,2026-08-30
HFCL,,Technology,Communication Equipment,communication-equipment,,2026-08-30
HGINFRA,,Industrials,Engineering & Construction,engineering-construction,,2026-08-30
HGM,,Technology,Information Technology Services,information-technology-services,,2026-08-30
HGS,,Industrials,Specialty Business Services,specialty-business-services,,2026-08-30
HIKAL,,Healthcare,Drug Manufacturers - Specialty & Generic,drug-manufacturers-specialty-generic,,2026-08-30
HILINFRA,,Industrials,Infrastructure Operations,infrastructure-operations,,2026-08-30
HILTON,,Industrials,Metal Fabrication,metal-fabrication,,2026-08-30
HIMATSEIDE,,Consumer Cyclical,Textile Manufacturing,textile-manufacturing,,2026-08-30
HINDADH,,Basic Materials,Specialty Chemicals,specialty-chemicals,,2026-08-30
HINDALCO,,Basic Materials,Aluminum,aluminum,,2026-08-30
HINDALUMI,,Basic Materials,Aluminum,aluminum,,2026-08-30
HINDCOMPOS,,Consumer Cyclical,Auto Parts,auto-parts,,2026-08-30
HINDCON,,Basic Materials,Specialty Chemicals,specialty-chemicals,,2026-08-30
HINDCOPPER,,Basic Materials,Copper,copper,,2026-08-30
HINDOILEXP,,Energy,Oil & Gas E&P,oil-gas-e-p,,2026-08-30
HINDPETRO,,Energy,Oil & Gas Refining & Marketing,oil-gas-refining-marketing,,2026-08-30
HINDUNILVR,,Consumer Defensive,Household & Personal Products,household-personal-products,,2026-08-30
HINDWAREAP,,Consumer Cyclical,"Furnishings, Fixtures & Appliances",furnishings-fixtures-appliances,,2026-08-30
HINDZINC,,Basic Materials,Other Industrial Metals & Mining,other-industrial-metals-mining,,2026-08-30
HIRECT,,Industrials,Electrical Equipment & Parts,electrical-equipment-parts,,2026-08-30
HISARMETAL,,Basic Materials,Steel,steel,,2026-08-30
HITECH,,Basic Materials,Steel,steel,,2026-08-30
HITECHCORP,,Consumer Cyclical,Packaging & Containers,packaging-containers,,2026-08-30
HITECHGEAR,,Consumer Cyclical,Auto Parts,auto-parts,,2026-08-30
HLEGLAS,,Industrials,Specialty Industrial Machinery,specialty-industrial-machinery,,2026-08-30
HLVLTD,,Consumer Cyclical,Lodging,lodging,,2026-08-30
HMAAGRO,,Consumer Defensive,Packaged Foods,packaged-foods,,2026-08-30
HMVL,,Communication Services,Publishing,publishing,,2026-08-30
HNDFDS,,Industrials,Conglomerates,conglomerates,,2026-08-30
HOMEFIRST,,Financial Services,Mortgage Finance,mortgage-finance,,2026-08-30
HONASA,,Consumer Defensive,Household & Personal Products,household-personal-products,,2026-08-30
HONAUT,,Industrials,Electrical Equipment & Parts,electrical-equipment-parts,,2026-08-30
HONDAPOWER,,Industrials,Specialty Industrial Machinery,specialty-industrial-machinery,,2026-08-30
HORIZONIND,,Real Estate,Real Estate - Development,real-estate-development,,2026-08-30
HPAL,,Basic Materials,Specialty Chemicals,specialty-chemicals,,2026-08-30
HPIL,,Basic Materials,Specialty Chemicals,specialty-chemicals,,2026-08-30
HPL,,Industrials,Electrical Equipment & Parts,electrical-equipment-parts,,2026-08-30
HRYNSHP,,Industrials,Waste Management,waste-management,,2026-08-30
HSCL,,Basic Materials,Specialty Chemicals,specialty-chemicals,,2026-08-30
HTMEDIA,,Communication Services,Publishing,publishing,,2026-08-30
HUBTOWN,,Real Estate,Real Estate - Development,real-estate-development,,2026-08-30
HUDCO,,Financial Services,Credit Services,credit-services,,2026-08-30
HUHTAMAKI,,Consumer Cyclical,Packaging & Containers,packaging-containers,,2026-08-30
HYBRIDFIN,,Financial Services,Capital Markets,capital-markets,,2026-08-30
HYUNDAI,,Consumer Cyclical,Auto Manufacturers,auto-manufacturers,,2026-08-30
IBULLSLTD,,Real Estate,Real Estate - Development,real-estate-development,,2026-08-30
ICDSLTD,,Real Estate,Real Estate Services,real-estate-services,,2026-08-30
ICEMAKE,,Industrials,Specialty Industrial Machinery,specialty-industrial-machinery,,2026-08-30
ICICIAMC,,Financial Services,Asset Management,asset-management,,2026-08-30
ICICIBANK,,Financial Services,Banks - Regional,banks-regional,,2026-08-30
ICICIGI,,Financial Services,Insurance - Diversified,insurance-diversified,,2026-08-30
ICICIPRULI,,Financial Services,Insurance - Life,insurance-life,,2026-08-30
ICIL,,Consumer Cyclical,Textile Manufacturing,textile-manufacturing,,2026-08-30
ICRA,,Financial Services,Financial Data & Stock Exchanges,financial-data-stock-exchanges,,2026-08-30
IDBI,,Financial Services,Banks - Regional,banks-regional,,2026-08-30
IDEA,,Communication Services,Telecom Services,telecom-services,,2026-08-30
IDEAFORGE,,Technology,Computer Hardware,computer-hardware,,2026-08-30
IDFCFIRSTB,,Financial Services,Banks - Regional,banks-regional,,2026-08-30
IEX,,Financial Services,Capital Markets,capital-markets,,2026-08-30
IFBAGRO,,Consumer Defensive,Beverages - Wineries & Distilleries,beverages-wineries-distilleries,,2026-08-30
IFBIND,,Consumer Cyclical,"Furnishings, Fixtures & Appliances",furnishings-fixtures-appliances,,2026-08-30
IFCI,,Financial Services,Credit Services,credit-services,,2026-08-30
IFGLEXPOR,,Basic Materials,Building Materials,building-materials,,2026-08-30
IGARASHI,,Consumer Cyclical,Auto Parts,auto-parts,,2026-08-30
IGCL,,Basic Materials,Agricultural Inputs,agricultural-inputs,,2026-08-30
IGIL,,Basic Materials,Other Precious Metals & Mining,other-precious-metals-mining,,2026-08-30
IGL,,Utilities,Utilities - Regulated Gas,utilities-regulated-gas,,2026-08-30
IGPL,,Basic Materials,Chemicals,chemicals,,2026-08-30
IIFL,,Financial Services,Credit Services,credit-services,,2026-08-30
IIFLCAPS,,Financial Services,Capital Markets,capital-markets,,2026-08-30
IITL,,Financial Services,Credit Services,credit-services,,2026-08-30
IKIO,,Technology,Electronic Components,electronic-components,,2026-08-30
IKS,,Healthcare,Health Information Services,health-information-services,,2026-08-30
IMAGICAA,,Communication Services,Entertainment,entertainment,,2026-08-30
IMFA,,Basic Materials,Other Industrial Metals & Mining,other-industrial-metals-mining,,2026-08-30
IMPAL,,Consumer Cyclical,Auto Parts,auto-parts,,2026-08-30
INA,,Technology,Solar,solar,,2026-08-30
INCREDIBLE,,Basic Materials,Steel,steel,,2026-08-30
INDBANK,,Financial Services,Capital Markets,capital-markets,,2026-08-30
INDGN,,Healthcare,Health Information Services,health-information-services,,2026-08-30
INDHOTEL,,Consumer Cyclical,Lodging,lodging,,2026-08-30
INDIACEM,,Basic Materials,Building Materials,building-materials,,2026-08-30
INDIAGLYCO,,Basic Materials,Chemicals,chemicals,,2026-08-30
INDIAMART,,Communication Services,Internet Content & Information,internet-content-information,,2026-08-30
INDIANB,,Financial Services,Banks - Regional,banks-regional,,2026-08-30
INDIANCARD,,Consumer Cyclical,Textile Manufacturing,textile-manufacturing,,2026-08-30
INDIANHUME,,Industrials,Engineering & Construction,engineering-construction,,2026-08-30
INDIASHLTR,,Financial Services,Mortgage Finance,mortgage-finance,,2026-08-30
INDIGO,,Industrials,Airlines,airlines,,2026-08-30
INDIGOPNTS,,Basic Materials,Specialty Chemicals,specialty-chemicals,,2026-08-30
INDIQUBE,,Real Estate,Real Estate Services,real-estate-services,,2026-08-30
INDNIPPON,,Consumer Cyclical,Auto Parts,auto-parts,,2026-08-30
INDOAMIN,,Basic Materials,Chemicals,chemicals,,2026-08-30
INDOBORAX,,Basic Materials,Chemicals,chemicals,,2026-08-30
INDOCO,,Healthcare,Drug Manufacturers - Specialty & Generic,drug-manufacturers-specialty-generic,,2026-08-30
INDOFARM,,Industrials,Farm & Heavy Construction Machinery,farm-heavy-construction-machinery,,2026-08-30
INDOKEM,,Basic Materials,Specialty Chemicals,specialty-chemicals,,2026-08-30
INDOMIM,,Industrials,Metal Fabrication,metal-fabrication,,2026-08-30
INDORAMA,,Consumer Cyclical,Textile Manufacturing,textile-manufacturing,,2026-08-30
INDOSTAR,,Financial Services,Credit Services,credit-services,,2026-08-30
INDOTECH,,Industrials,Electrical Equipment & Parts,electrical-equipment-parts,,2026-08-30
INDOTHAI,,Financial Services,Capital Markets,capital-markets,,2026-08-30
INDOUS,,Basic Materials,Agricultural Inputs,agricultural-inputs,,2026-08-30
INDOWIND,,Utilities,Utilities - Renewable,utilities-renewable,,2026-08-30
INDPRUD,,Financial Services,Asset Management,asset-management,,2026-08-30
INDRAMEDCO,,Healthcare,Medical Care Facilities,medical-care-facilities,,2026-08-30
INDSWFTLAB,,Healthcare,Drug Manufacturers - Specialty & Generic,drug-manufacturers-specialty-generic,,2026-08-30
INDTERRAIN,,Consumer Cyclical,Apparel Retail,apparel-retail,,2026-08-30
INDUSINDBK,,Financial Services,Banks - Regional,banks-regional,,2026-08-30
INDUSTOWER,,Communication Services,Telecom Services,telecom-services,,2026-08-30
INFOBEAN,,Technology,Software - Application,software-application,,2026-08-30
INFOMEDIA,,Financial Services,Shell Companies,shell-companies,,2026-08-30
INFY,,Technology,Information Technology Services,information-technology-services,,2026-08-30
INGERRAND,,Industrials,Specialty Industrial Machinery,specialty-industrial-machinery,,2026-08-30
INNOVACAP,,Healthcare,Drug Manufacturers - Specialty & Generic,drug-manufacturers-specialty-generic,,2026-08-30
INNOVANA,,Technology,Software - Application,software-application,,2026-08-30
INNOVISION,,Industrials,Staffing & Employment Services,staffing-employment-services,,2026-08-30
INOXGREEN,,Utilities,Utilities - Renewable,utilities-renewable,,2026-08-30
INOXINDIA,,Industrials,Specialty Industrial Machinery,specialty-industrial-machinery,,2026-08-30
INOXWIND,,Industrials,Specialty Industrial Machinery,specialty-industrial-machinery,,2026-08-30
INSECTICID,,Basic Materials,Agricultural Inputs,agricultural-inputs,,2026-08-30
INSPIRISYS,,Technology,Information Technology Services,information-technology-services,,2026-08-30
INTELLECT,,Technology,Software - Application,software-application,,2026-08-30
INTENTECH,,Technology,Software - Infrastructure,software-infrastructure,,2026-08-30
INTERARCH,,Industrials,Engineering & Construction,engineering-construction,,2026-08-30
INTLCONV,,Industrials,Specialty Industrial Machinery,specialty-industrial-machinery,,2026-08-30
INVENTURE,,Financial Services,Capital Markets,capital-markets,,2026-08-30
INVPRECQ,,Basic Materials,Steel,steel,,2026-08-30
IOB,,Financial Services,Banks - Regional,banks-regional,,2026-08-30
IOC,,Energy,Oil & Gas Refining & Marketing,oil-gas-refining-marketing,,2026-08-30
IOLCP,,Healthcare,Drug Manufacturers - Specialty & Generic,drug-manufacturers-specialty-generic,,2026-08-30
IONEXCHANG,,Industrials,Pollution & Treatment Controls,pollution-treatment-controls,,2026-08-30
IPCALAB,,Healthcare,Drug Manufacturers - Specialty & Generic,drug-manufacturers-specialty-generic,,2026-08-30
IPL,,Basic Materials,Agricultural Inputs,agricultural-inputs,,2026-08-30
IPRINGLTD,,Consumer Cyclical,Auto Parts,auto-parts,,2026-08-30
IRB,,Industrials,Infrastructure Operations,infrastructure-operations,,2026-08-30
IRCON,,Industrials,Engineering & Construction,engineering-construction,,2026-08-30
IRCTC,,Consumer Cyclical,Travel Services,travel-services,,2026-08-30
IREDA,,Financial Services,Credit Services,credit-services,,2026-08-30
IRFC,,Financial Services,Credit Services,credit-services,,2026-08-30
IRIS,,Technology,Software - Application,software-application,,2026-08-30
IRISDOREME,,Consumer Cyclical,Apparel Manufacturing,apparel-manufacturing,,2026-08-30
IRMENERGY,,Utilities,Utilities - Regulated Gas,utilities-regulated-gas,,2026-08-30
ISFT,,Consumer Cyclical,Internet Retail,internet-retail,,2026-08-30
ISGEC,,Industrials,Specialty Industrial Machinery,specialty-industrial-machinery,,2026-08-30
ISHANCH,,Basic Materials,Chemicals,chemicals,,2026-08-30
ISTLTD,,Consumer Cyclical,Auto Parts,auto-parts,,2026-08-30
ITC,,Consumer Defensive,Tobacco,tobacco,,2026-08-30
ITCHOTELS,,Consumer Cyclical,Resorts & Casinos,resorts-casinos,,2026-08-30
ITDC,,Consumer Cyclical,Lodging,lodging,,2026-08-30
ITI,,Technology,Communication Equipment,communication-equipment,,2026-08-30
ITL,,Industrials,Specialty Industrial Machinery,specialty-industrial-machinery,,2026-08-30
IVALUE,,Technology,Information Technology Services,information-technology-services,,2026-08-30
IVC,,Financial Services,Financial Conglomerates,financial-conglomerates,,2026-08-30
IVP,,Basic Materials,Specialty Chemicals,specialty-chemicals,,2026-08-30
IWP,,Basic Materials,Lumber & Wood Production,lumber-wood-production,,2026-08-30
IXIGO,,Consumer Cyclical,Travel Services,travel-services,,2026-08-30
IZMO,,Technology,Software - Application,software-application,,2026-08-30
J&KBANK,,Financial Services,Banks - Regional,banks-regional,,2026-08-30
JAGRAN,,Communication Services,Publishing,publishing,,2026-08-30
JAGSNPHARM,,Healthcare,Drug Manufacturers - Specialty & Generic,drug-manufacturers-specialty-generic,,2026-08-30
JAIBALAJI,,Basic Materials,Steel,steel,,2026-08-30
JAICORPLTD,,Basic Materials,Specialty Chemicals,specialty-chemicals,,2026-08-30
JAINREC,,Basic Materials,Other Industrial Metals & Mining,other-industrial-metals-mining,,2026-08-30
JAIPURKURT,,Consumer Cyclical,Apparel Manufacturing,apparel-manufacturing,,2026-08-30
JAMNAAUTO,,Consumer Cyclical,Auto Parts,auto-parts,,2026-08-30
JARO,,Consumer Defensive,Education & Training Services,education-training-services,,2026-08-30
JASH,,Industrials,Specialty Industrial Machinery,specialty-industrial-machinery,,2026-08-30
JAYAGROGN,,Basic Materials,Specialty Chemicals,specialty-chemicals,,2026-08-30
JAYBARMARU,,Consumer Cyclical,Auto Parts,auto-parts,,2026-08-30
JAYKAY,,Industrials,Specialty Business Services,specialty-business-services,,2026-08-30
JAYNECOIND,,Basic Materials,Steel,steel,,2026-08-30
JAYSREETEA,,Consumer Defensive,Farm Products,farm-products,,2026-08-30
JBMA,,Consumer Cyclical,Auto Parts,auto-parts,,2026-08-30
JENBURPH,,Healthcare,Drug Manufacturers - Specialty & Generic,drug-manufacturers-specialty-generic,,2026-08-30
JETFREIGHT,,Industrials,Integrated Freight & Logistics,integrated-freight-logistics,,2026-08-30
JGCHEM,,Basic Materials,Other Industrial Metals & Mining,other-industrial-metals-mining,,2026-08-30
JHS,,Consumer Defensive,Household & Personal Products,household-personal-products,,2026-08-30
JINDALPHOT,,Financial Services,Asset Management,asset-management,,2026-08-30
JINDALPOLY,,Consumer Cyclical,Packaging & Containers,packaging-containers,,2026-08-30
JINDALSAW,,Basic Materials,Steel,steel,,2026-08-30
JINDALSTEL,,Basic Materials,Steel,steel,,2026-08-30
JINDRILL,,Energy,Oil & Gas Equipment & Services,oil-gas-equipment-services,,2026-08-30
JINDWORLD,,Consumer Cyclical,Textile Manufacturing,textile-manufacturing,,2026-08-30
JIOFIN,,Financial Services,Asset Management,asset-management,,2026-08-30
JISLDVREQS,,Industrials,Conglomerates,conglomerates,,2026-08-30
JISLJALEQS,,Industrials,Conglomerates,conglomerates,,2026-08-30
JITFINFRA,,Industrials,Engineering & Construction,engineering-construction,,2026-08-30
JKCEMENT,,Basic Materials,Building Materials,building-materials,,2026-08-30
JKIL,,Industrials,Engineering & Construction,engineering-construction,,2026-08-30
JKIPL,,Industrials,Farm & Heavy Construction Machinery,farm-heavy-construction-machinery,,2026-08-30
JKLAKSHMI,,Basic Materials,Building Materials,building-materials,,2026-08-30
JKPAPER,,Basic Materials,Paper & Paper Products,paper-paper-products,,2026-08-30
JKTYRE,,Consumer Cyclical,Auto Parts,auto-parts,,2026-08-30
JLHL,,Healthcare,Medical Care Facilities,medical-care-facilities,,2026-08-30
JMA,,Consumer Cyclical,Auto Parts,auto-parts,,2026-08-30
JMFINANCIL,,Financial Services,Capital Markets,capital-markets,,2026-08-30
JNKINDIA,,Industrials,Specialty Industrial Machinery,specialty-industrial-machinery,,2026-08-30
JNPR,,Utilities,Utilities - Renewable,utilities-renewable,,2026-08-30
JOCIL,,Basic Materials,Specialty Chemicals,specialty-chemicals,,2026-08-30
JPOLYINVST,,Financial Services,Asset Management,asset-management,,2026-08-30
JPPOWER,,Utilities,Utilities - Independent Power Producers,utilities-independent-power-producers,,2026-08-30
JSFB,,Financial Services,Banks - Regional,banks-regional,,2026-08-30
JSL,,Basic Materials,Steel,steel,,2026-08-30
JSLL,,Healthcare,Medical Care Facilities,medical-care-facilities,,2026-08-30
JSWCEMENT,,Basic Materials,Building Materials,building-materials,,2026-08-30
JSWDULUX,,,,,,2026-08-30
JSWENERGY,,Utilities,Utilities - Independent Power Producers,utilities-independent-power-producers,,2026-08-30
JSWHL,,Financial Services,Asset Management,asset-management,,2026-08-30
JSWINFRA,,Industrials,Marine Shipping,marine-shipping,,2026-08-30
JSWSTEEL,,Basic Materials,Steel,steel,,2026-08-30
JTEKTINDIA,,Consumer Cyclical,Auto Parts,auto-parts,,2026-08-30
JTLIND,,Basic Materials,Steel,steel,,2026-08-30
JUBLCPL,,Basic Materials,Specialty Chemicals,specialty-chemicals,,2026-08-30
JUBLFOOD,,Consumer Cyclical,Restaurants,restaurants,,2026-08-30
JUBLINGREA,,Basic Materials,Specialty Chemicals,specialty-chemicals,,2026-08-30
JUBLPHARMA,,Healthcare,Drug Manufacturers - Specialty & Generic,drug-manufacturers-specialty-generic,,2026-08-30
JUNIPER,,Consumer Cyclical,Lodging,lodging,,2026-08-30
JUSTDIAL,,Communication Services,Internet Content & Information,internet-content-information,,2026-08-30
JWL,,Industrials,Railroads,railroads,,2026-08-30
JYOTHYLAB,,Consumer Defensive,Household & Personal Products,household-personal-products,,2026-08-30
JYOTICNC,,Industrials,Specialty Industrial Machinery,specialty-industrial-machinery,,2026-08-30
JYOTIRES,,Basic Materials,Specialty Chemicals,specialty-chemicals,,2026-08-30
JYOTISTRUC,,Industrials,Specialty Industrial Machinery,specialty-industrial-machinery,,2026-08-30
KABRAEXTRU,,Industrials,Specialty Industrial Machinery,specialty-industrial-machinery,,2026-08-30
KAJARIACER,,Industrials,Building Products & Equipment,building-products-equipment,,2026-08-30
KAKATCEM,,Basic Materials,Building Materials,building-materials,,2026-08-30
KALAMANDIR,,Consumer Cyclical,Apparel Retail,apparel-retail,,2026-08-30
KALPATARU,,Real Estate,Real Estate - Development,real-estate-development,,2026-08-30
KALYANI,,Consumer Cyclical,Auto & Truck Dealerships,auto-truck-dealerships,,2026-08-30
KALYANIFRG,,Consumer Cyclical,Auto Parts,auto-parts,,2026-08-30
KALYANKJIL,,Consumer Cyclical,Luxury Goods,luxury-goods,,2026-08-30
KAMAHOLD,,Industrials,Conglomerates,conglomerates,,2026-08-30
KAMANWALA,,,,,,2026-08-30
KAMATHOTEL,,Consumer Cyclical,Lodging,lodging,,2026-08-30
KAMDHENU,,Basic Materials,Steel,steel,,2026-08-30
KAMOPAINTS,,Basic Materials,Steel,steel,,2026-08-30
KANANIIND,,Consumer Cyclical,Luxury Goods,luxury-goods,,2026-08-30
KANCHI,,Basic Materials,Specialty Chemicals,specialty-chemicals,,2026-08-30
KANCOTEA,,Consumer Defensive,Farm Products,farm-products,,2026-08-30
KANORICHEM,,Basic Materials,Chemicals,chemicals,,2026-08-30
KANPRPLA,,Consumer Cyclical,Packaging & Containers,packaging-containers,,2026-08-30
KANSAINER,,Basic Materials,Specialty Chemicals,specialty-chemicals,,2026-08-30
KAPSTON,,Industrials,Specialty Business Services,specialty-business-services,,2026-08-30
KARMAENG,,Utilities,Utilities - Renewable,utilities-renewable,,2026-08-30
KARURVYSYA,,Financial Services,Banks - Regional,banks-regional,,2026-08-30
KAUSHALYA,,Industrials,Engineering & Construction,engineering-construction,,2026-08-30
KAVDEFENCE,,Technology,Communication Equipment,communication-equipment,,2026-08-30
KAYA,,Consumer Defensive,Household & Personal Products,household-personal-products,,2026-08-30
KAYNES,,Technology,Electronic Components,electronic-components,,2026-08-30
KCP,,Basic Materials,Building Materials,building-materials,,2026-08-30
KCPSUGIND,,Consumer Defensive,Confectioners,confectioners,,2026-08-30
KDDL,,Consumer Cyclical,Luxury Goods,luxury-goods,,2026-08-30
KEC,,Industrials,Engineering & Construction,engineering-construction,,2026-08-30
KECL,,Industrials,Specialty Industrial Machinery,specialty-industrial-machinery,,2026-08-30
KEEPLEARN,,Consumer Defensive,Education & Training Services,education-training-services,,2026-08-30
KEI,,Industrials,Electrical Equipment & Parts,electrical-equipment-parts,,2026-08-30
KELLTONTEC,,Technology,Software - Application,software-application,,2026-08-30
KENNAMET,,Industrials,Tools & Accessories,tools-accessories,,2026-08-30
KERNEX,,Technology,Software - Application,software-application,,2026-08-30
KESORAMIND,,Basic Materials,Building Materials,building-materials,,2026-08-30
KEYFINSERV,,Financial Services,Capital Markets,capital-markets,,2026-08-30
KFINTECH,,Technology,Software - Application,software-application,,2026-08-30
KHADIM,,Consumer Cyclical,Footwear & Accessories,footwear-accessories,,2026-08-30
KHAICHEM,,Basic Materials,Agricultural Inputs,agricultural-inputs,,2026-08-30
KHAITANLTD,,Industrials,Industrial Distribution,industrial-distribution,,2026-08-30
KHANDSE,,Financial Services,Capital Markets,capital-markets,,2026-08-30
KICL,,Financial Services,Asset Management,asset-management,,2026-08-30
KILITCH,,Healthcare,Drug Manufacturers - Specialty & Generic,drug-manufacturers-specialty-generic,,2026-08-30
KIMS,,Healthcare,Medical Care Facilities,medical-care-facilities,,2026-08-30
KINGFA,,Basic Materials,Specialty Chemicals,specialty-chemicals,,2026-08-30
KIOCL,,Basic Materials,Steel,steel,,2026-08-30
KIRANVYPAR,,Financial Services,Capital Markets,capital-markets,,2026-08-30
KIRIINDUS,,Basic Materials,Specialty Chemicals,specialty-chemicals,,2026-08-30
KIRLFER,,Industrials,Metal Fabrication,metal-fabrication,,2026-08-30
KIRLOSBROS,,Industrials,Specialty Industrial Machinery,specialty-industrial-machinery,,2026-08-30
KIRLOSENG,,Industrials,Specialty Industrial Machinery,specialty-industrial-machinery,,2026-08-30
KIRLOSIND,,Industrials,Metal Fabrication,metal-fabrication,,2026-08-30
KIRLPNU,,Industrials,Specialty Industrial Machinery,specialty-industrial-machinery,,2026-08-30
KISSHT,,Financial Services,Credit Services,credit-services,,2026-08-30
KITEX,,Consumer Cyclical,Apparel Manufacturing,apparel-manufacturing,,2026-08-30
KJMCFIN,,Financial Services,Capital Markets,capital-markets,,2026-08-30
KKCL,,Consumer Cyclical,Apparel Manufacturing,apparel-manufacturing,,2026-08-30
KLBRENG-B,,Industrials,Specialty Industrial Machinery,specialty-industrial-machinery,,2026-08-30
KMCSHIL,,Healthcare,Medical Care Facilities,medical-care-facilities,,2026-08-30
KMEW,,Industrials,Marine Shipping,marine-shipping,,2026-08-30
KMSUGAR,,Consumer Defensive,Confectioners,confectioners,,2026-08-30
KNACK,,Consumer Cyclical,Packaging & Containers,packaging-containers,,2026-08-30
KNAGRI,,Consumer Defensive,Farm Products,farm-products,,2026-08-30
KNRCON,,Industrials,Engineering & Construction,engineering-construction,,2026-08-30
KOHINOOR,,Consumer Defensive,Packaged Foods,packaged-foods,,2026-08-30
KOKUYOCMLN,,Industrials,Business Equipment & Supplies,business-equipment-supplies,,2026-08-30
KOLTEPATIL,,Real Estate,Real Estate - Development,real-estate-development,,2026-08-30
KOPRAN,,Healthcare,Drug Manufacturers - General,drug-manufacturers-general,,2026-08-30
KOTAKBANK,,Financial Services,Banks - Regional,banks-regional,,2026-08-30
KOTARISUG,,Consumer Defensive,Confectioners,confectioners,,2026-08-30
KOTHARIPET,,Basic Materials,Specialty Chemicals,specialty-chemicals,,2026-08-30
KOTHARIPRO,,Industrials,Conglomerates,conglomerates,,2026-08-30
KOTIC,,Basic Materials,Agricultural Inputs,agricultural-inputs,,2026-08-30
KOTYARK,,Basic Materials,Specialty Chemicals,specialty-chemicals,,2026-08-30
KOVAI,,Healthcare,Medical Care Facilities,medical-care-facilities,,2026-08-30
KPEL,,Industrials,Engineering & Construction,engineering-construction,,2026-08-30
KPIGREEN,,Utilities,Utilities - Renewable,utilities-renewable,,2026-08-30
KPIL,,Industrials,Engineering & Construction,engineering-construction,,2026-08-30
KPITTECH,,Technology,Software - Infrastructure,software-infrastructure,,2026-08-30
KPL,,Healthcare,Drug Manufacturers - Specialty & Generic,drug-manufacturers-specialty-generic,,2026-08-30
KPRMILL,,Consumer Cyclical,Textile Manufacturing,textile-manufacturing,,2026-08-30
KRBL,,Consumer Defensive,Packaged Foods,packaged-foods,,2026-08-30
KREBSBIO,,Healthcare,Drug Manufacturers - Specialty & Generic,drug-manufacturers-specialty-generic,,2026-08-30
KRIDHANINF,,Basic Materials,Steel,steel,,2026-08-30
KRISHANA,,Basic Materials,Agricultural Inputs,agricultural-inputs,,2026-08-30
KRISHIVAL,,Consumer Defensive,Packaged Foods,packaged-foods,,2026-08-30
KRISHNADEF,,Industrials,Specialty Industrial Machinery,specialty-industrial-machinery,,2026-08-30
KRITI,,Industrials,Building Products & Equipment,building-products-equipment,,2026-08-30
KRITIKA,,Basic Materials,Steel,steel,,2026-08-30
KRITINUT,,Consumer Defensive,Packaged Foods,packaged-foods,,2026-08-30
KRN,,Technology,Electronic Components,electronic-components,,2026-08-30
KRONOX,,Basic Materials,Specialty Chemicals,specialty-chemicals,,2026-08-30
KROSS,,Consumer Cyclical,Auto Parts,auto-parts,,2026-08-30
KRSNAA,,Healthcare,Diagnostics & Research,diagnostics-research,,2026-08-30
KRYSTAL,,Industrials,Specialty Business Services,specialty-business-services,,2026-08-30
KSB,,Industrials,Specialty Industrial Machinery,specialty-industrial-machinery,,2026-08-30
KSCL,,Basic Materials,Agricultural Inputs,agricultural-inputs,,2026-08-30
KSE,,Consumer Defensive,Packaged Foods,packaged-foods,,2026-08-30
KSHINTL,,Industrials,Electrical Equipment & Parts,electrical-equipment-parts,,2026-08-30
KSHITIJ-RE,,,,,,2026-08-30
KSHITIJPOL,,Industrials,Business Equipment & Supplies,business-equipment-supplies,,2026-08-30
KSL,,Basic Materials,Steel,steel,,2026-08-30
KSOLVES,,Technology,Software - Application,software-application,,2026-08-30
KSR,,Consumer Cyclical,Footwear & Accessories,footwear-accessories,,2026-08-30
KTKBANK,,Financial Services,Banks - Regional,banks-regional,,2026-08-30
KUANTUM,,Basic Materials,Paper & Paper Products,paper-paper-products,,2026-08-30
KUSUMGAR,,Consumer Cyclical,Textile Manufacturing,textile-manufacturing,,2026-08-30
KWIL,,Consumer Defensive,Packaged Foods,packaged-foods,,2026-08-30
LADDERUP,,Financial Services,Capital Markets,capital-markets,,2026-08-30
LAGNAM,,Consumer Cyclical,Textile Manufacturing,textile-manufacturing,,2026-08-30
LAHOTIOV,,Consumer Cyclical,Textile Manufacturing,textile-manufacturing,,2026-08-30
LAKSHMIMIL,,Consumer Cyclical,Textile Manufacturing,textile-manufacturing,,2026-08-30
LAL,,Consumer Cyclical,Apparel Manufacturing,apparel-manufacturing,,2026-08-30
LALITHAA,,Consumer Cyclical,Luxury Goods,luxury-goods,,2026-08-30
LALPATHLAB,,Healthcare,Diagnostics & Research,diagnostics-research,,2026-08-30
LAMBODHARA,,Consumer Cyclical,Textile Manufacturing,textile-manufacturing,,2026-08-30
LANCER,,Industrials,Integrated Freight & Logistics,integrated-freight-logistics,,2026-08-30
LANCORHOL,,Real Estate,Real Estate - Development,real-estate-development,,2026-08-30
LANDMARK,,Consumer Cyclical,Auto & Truck Dealerships,auto-truck-dealerships,,2026-08-30
LANDSMILL,,Industrials,Conglomerates,conglomerates,,2026-08-30
LAOPALA,,Consumer Cyclical,"Furnishings, Fixtures & Appliances",furnishings-fixtures-appliances,,2026-08-30
LASA,,Healthcare,Drug Manufacturers - Specialty & Generic,drug-manufacturers-specialty-generic,,2026-08-30
LASERPOWER,,Industrials,Electrical Equipment & Parts,electrical-equipment-parts,,2026-08-30
LATENTVIEW,,Industrials,Consulting Services,consulting-services,,2026-08-30
LATTEYS,,Industrials,Specialty Industrial Machinery,specialty-industrial-machinery,,2026-08-30
LAURUSLABS,,Healthcare,Drug Manufacturers - Specialty & Generic,drug-manufacturers-specialty-generic,,2026-08-30
LAXMICOT,,Consumer Cyclical,Textile Manufacturing,textile-manufacturing,,2026-08-30
LAXMIDENTL,,Healthcare,Medical Instruments & Supplies,medical-instruments-supplies,,2026-08-30
LAXMIINDIA,,Financial Services,Credit Services,credit-services,,2026-08-30
LCCINFOTEC,,Consumer Defensive,Education & Training Services,education-training-services,,2026-08-30
LCL,,Industrials,Specialty Industrial Machinery,specialty-industrial-machinery,,2026-08-30
LEAPIND,,Industrials,Integrated Freight & Logistics,integrated-freight-logistics,,2026-08-30
LEENEE,,Technology,Information Technology Services,information-technology-services,,2026-08-30
LEMERITE,,Consumer Cyclical,Textile Manufacturing,textile-manufacturing,,2026-08-30
LEMONTREE,,Consumer Cyclical,Lodging,lodging,,2026-08-30
LENSKART,,Healthcare,Medical Instruments & Supplies,medical-instruments-supplies,,2026-08-30
LEXUS,,Industrials,Building Products & Equipment,building-products-equipment,,2026-08-30
LFIC,,Financial Services,Asset Management,asset-management,,2026-08-30
LGBBROSLTD,,Consumer Cyclical,Auto Parts,auto-parts,,2026-08-30
LGEINDIA,,Technology,Consumer Electronics,consumer-electronics,,2026-08-30
LGHL,,Consumer Cyclical,Luxury Goods,luxury-goods,,2026-08-30
LIBAS,,Consumer Cyclical,Apparel Manufacturing,apparel-manufacturing,,2026-08-30
LIBERTSHOE,,Consumer Cyclical,Footwear & Accessories,footwear-accessories,,2026-08-30
LICHSGFIN,,Financial Services,Mortgage Finance,mortgage-finance,,2026-08-30
LICI,,Financial Services,Insurance - Life,insurance-life,,2026-08-30
LIKHITHA,,Energy,Oil & Gas Equipment & Services,oil-gas-equipment-services,,2026-08-30
LINC,,Industrials,Business Equipment & Supplies,business-equipment-supplies,,2026-08-30
LINCOLN,,Healthcare,Drug Manufacturers - Specialty & Generic,drug-manufacturers-specialty-generic,,2026-08-30
LINDEINDIA,,Basic Materials,Specialty Chemicals,specialty-chemicals,,2026-08-30
LKPSEC,,Financial Services,Capital Markets,capital-markets,,2026-08-30
LLOYDSENGG,,Industrials,Specialty Industrial Machinery,specialty-industrial-machinery,,2026-08-30
LLOYDSENT,,Basic Materials,Steel,steel,,2026-08-30
LLOYDSME,,Basic Materials,Steel,steel,,2026-08-30
LMW,,Industrials,Specialty Industrial Machinery,specialty-industrial-machinery,,2026-08-30
LODHA,,Real Estate,Real Estate - Development,real-estate-development,,2026-08-30
LOKESHMACH,,Industrials,Specialty Industrial Machinery,specialty-industrial-machinery,,2026-08-30
LORDSCHLO,,Basic Materials,Chemicals,chemicals,,2026-08-30
LOTUSCHO,,Consumer Defensive,Confectioners,confectioners,,2026-08-30
LOTUSDEV,,Industrials,Engineering & Construction,engineering-construction,,2026-08-30
LOTUSEYE,,Healthcare,Medical Care Facilities,medical-care-facilities,,2026-08-30
LOVABLE,,Consumer Cyclical,Apparel Manufacturing,apparel-manufacturing,,2026-08-30
LOYALTEX,,Consumer Cyclical,Textile Manufacturing,textile-manufacturing,,2026-08-30
LPDC,,Real Estate,Real Estate Services,real-estate-services,,2026-08-30
LT,,Industrials,Engineering & Construction,engineering-construction,,2026-08-30
LTF,,Financial Services,Credit Services,credit-services,,2026-08-30
LTFOODS,,Consumer Defensive,Packaged Foods,packaged-foods,,2026-08-30
LTM,,Technology,Information Technology Services,information-technology-services,,2026-08-30
LTTS,,Technology,Information Technology Services,information-technology-services,,2026-08-30
LUMAXIND,,Consumer Cyclical,Auto Parts,auto-parts,,2026-08-30
LUMAXTECH,,Consumer Cyclical,Auto Parts,auto-parts,,2026-08-30
LUPIN,,Healthcare,Drug Manufacturers - Specialty & Generic,drug-manufacturers-specialty-generic,,2026-08-30
LUXIND,,Consumer Cyclical,Apparel Manufacturing,apparel-manufacturing,,2026-08-30
LXCHEM,,Basic Materials,Specialty Chemicals,specialty-chemicals,,2026-08-30
LYKALABS,,Healthcare,Biotechnology,biotechnology,,2026-08-30
M&M,,Consumer Cyclical,Auto Manufacturers,auto-manufacturers,,2026-08-30
M&MFIN,,Financial Services,Credit Services,credit-services,,2026-08-30
MAANALU,,Basic Materials,Aluminum,aluminum,,2026-08-30
MACPOWER,,Industrials,Specialty Industrial Machinery,specialty-industrial-machinery,,2026-08-30
MADHAV,,Industrials,Building Products & Equipment,building-products-equipment,,2026-08-30
MADHAVIPL,,Industrials,Engineering & Construction,engineering-construction,,2026-08-30
MADHUCON,,Industrials,Engineering & Construction,engineering-construction,,2026-08-30
MADRASFERT,,Basic Materials,Agricultural Inputs,agricultural-inputs,,2026-08-30
MAFATIND,,,,,,2026-08-30
MAGADSUGAR,,Consumer Defensive,Confectioners,confectioners,,2026-08-30
MAGNUM,,Basic Materials,Paper & Paper Products,paper-paper-products,,2026-08-30
MAHABANK,,Financial Services,Banks - Regional,banks-regional,,2026-08-30
MAHAPEXLTD,,Financial Services,Credit Services,credit-services,,2026-08-30
MAHASTEEL,,Basic Materials,Steel,steel,,2026-08-30
MAHEPC,,Industrials,Farm & Heavy Construction Machinery,farm-heavy-construction-machinery,,2026-08-30
MAHESHWARI,,Industrials,Integrated Freight & Logistics,integrated-freight-logistics,,2026-08-30
MAHLIFE,,Real Estate,Real Estate - Development,real-estate-development,,2026-08-30
MAHLOG,,Industrials,Integrated Freight & Logistics,integrated-freight-logistics,,2026-08-30
MAHSCOOTER,,Financial Services,Asset Management,asset-management,,2026-08-30
MAHSEAMLES,,Basic Materials,Steel,steel,,2026-08-30
MAITHANALL,,Basic Materials,Steel,steel,,2026-08-30
MAJESAUT,,Real Estate,Real Estate Services,real-estate-services,,2026-08-30
MAKERSL,,Healthcare,Drug Manufacturers - Specialty & Generic,drug-manufacturers-specialty-generic,,2026-08-30
MALLCOM,,Industrials,Security & Protection Services,security-protection-services,,2026-08-30
MALUPAPER,,Basic Materials,Paper & Paper Products,paper-paper-products,,2026-08-30
MAMATA,,Industrials,Specialty Industrial Machinery,specialty-industrial-machinery,,2026-08-30
MANAKALUCO,,Basic Materials,Aluminum,aluminum,,2026-08-30
MANAKCOAT,,Industrials,Metal Fabrication,metal-fabrication,,2026-08-30
MANAKSIA,,Industrials,Metal Fabrication,metal-fabrication,,2026-08-30
MANAKSTEEL,,Basic Materials,Steel,steel,,2026-08-30
MANALIPETC,,Basic Materials,Specialty Chemicals,specialty-chemicals,,2026-08-30
MANAPPURAM,,Financial Services,Credit Services,credit-services,,2026-08-30
MANBA,,Financial Services,Credit Services,credit-services,,2026-08-30
MANBRO,,Consumer Cyclical,Footwear & Accessories,footwear-accessories,,2026-08-30
MANCREDIT,,Financial Services,Credit Services,credit-services,,2026-08-30
MANGALAM,,Healthcare,Drug Manufacturers - Specialty & Generic,drug-manufacturers-specialty-generic,,2026-08-30
MANGLMCEM,,Basic Materials,Building Materials,building-materials,,2026-08-30
MANINDS,,Basic Materials,Steel,steel,,2026-08-30
MANINFRA,,Industrials,Engineering & Construction,engineering-construction,,2026-08-30
MANIPALHOS,,Healthcare,Medical Care Facilities,medical-care-facilities,,2026-08-30
MANKIND,,Healthcare,Drug Manufacturers - Specialty & Generic,drug-manufacturers-specialty-generic,,2026-08-30
MANOMAY,,Consumer Cyclical,Textile Manufacturing,textile-manufacturing,,2026-08-30
MANORAMA,,Consumer Defensive,Packaged Foods,packaged-foods,,2026-08-30
MANORG,,Basic Materials,Specialty Chemicals,specialty-chemicals,,2026-08-30
MANUGRAPH,,Industrials,Specialty Industrial Machinery,specialty-industrial-machinery,,2026-08-30
MANYAVAR,,Consumer Cyclical,Apparel Manufacturing,apparel-manufacturing,,2026-08-30
MAPMYINDIA,,Technology,Software - Infrastructure,software-infrastructure,,2026-08-30
MARALOVER,,Consumer Cyclical,Textile Manufacturing,textile-manufacturing,,2026-08-30
MARATHON,,Real Estate,Real Estate - Development,real-estate-development,,2026-08-30
MARICO,,Consumer Defensive,Household & Personal Products,household-personal-products,,2026-08-30
MARINE,,Industrials,Electrical Equipment & Parts,electrical-equipment-parts,,2026-08-30
MARKOLINES,,Industrials,Infrastructure Operations,infrastructure-operations,,2026-08-30
MARKSANS,,Healthcare,Drug Manufacturers - General,drug-manufacturers-general,,2026-08-30
MARSONS,,Industrials,Electrical Equipment & Parts,electrical-equipment-parts,,2026-08-30
MARUTI,,Consumer Cyclical,Auto Manufacturers,auto-manufacturers,,2026-08-30
MASFIN,,Financial Services,Credit Services,credit-services,,2026-08-30
MASKINVEST,,Financial Services,Capital Markets,capital-markets,,2026-08-30
MASTEK,,Technology,Information Technology Services,information-technology-services,,2026-08-30
MASTERTR,,Financial Services,Capital Markets,capital-markets,,2026-08-30
MATRIMONY,,Communication Services,Internet Content & Information,internet-content-information,,2026-08-30
MAWANASUG,,Consumer Defensive,Confectioners,confectioners,,2026-08-30
MAXESTATES,,Real Estate,Real Estate - Development,real-estate-development,,2026-08-30
MAXHEALTH,,Healthcare,Medical Care Facilities,medical-care-facilities,,2026-08-30
MAXIND,,Healthcare,Medical Care Facilities,medical-care-facilities,,2026-08-30
MAYURUNIQ,,Consumer Cyclical,Textile Manufacturing,textile-manufacturing,,2026-08-30
MAZDA,,Industrials,Specialty Industrial Machinery,specialty-industrial-machinery,,2026-08-30
MAZDOCK,,Industrials,Aerospace & Defense,aerospace-defense,,2026-08-30
MBAPL,,Basic Materials,Agricultural Inputs,agricultural-inputs,,2026-08-30
MBEL,,Industrials,Engineering & Construction,engineering-construction,,2026-08-30
MBLINFRA,,Industrials,Engineering & Construction,engineering-construction,,2026-08-30
MCCHRLS-B,,Industrials,Conglomerates,conglomerates,,2026-08-30
MCL,,Basic Materials,Copper,copper,,2026-08-30
MCLEODRUSS,,Consumer Defensive,Packaged Foods,packaged-foods,,2026-08-30
MCLOUD,,Technology,Information Technology Services,information-technology-services,,2026-08-30
MCX,,Financial Services,Financial Data & Stock Exchanges,financial-data-stock-exchanges,,2026-08-30
MEDANTA,,Healthcare,Medical Care Facilities,medical-care-facilities,,2026-08-30
MEDIASSIST,,Healthcare,Healthcare Plans,healthcare-plans,,2026-08-30
MEDICAMEQ,,Healthcare,Drug Manufacturers - Specialty & Generic,drug-manufacturers-specialty-generic,,2026-08-30
MEDICAPQ,,Real Estate,Real Estate - Diversified,real-estate-diversified,,2026-08-30
MEDICO,,Healthcare,Drug Manufacturers - Specialty & Generic,drug-manufacturers-specialty-generic,,2026-08-30
MEDPLUS,,Healthcare,Pharmaceutical Retailers,pharmaceutical-retailers,,2026-08-30
MEESHO,,Consumer Cyclical,Internet Retail,internet-retail,,2026-08-30
MEGASTAR,,Consumer Defensive,Packaged Foods,packaged-foods,,2026-08-30
MEIL,,Industrials,Electrical Equipment & Parts,electrical-equipment-parts,,2026-08-30
MENNPIS,,Consumer Cyclical,Auto Parts,auto-parts,,2026-08-30
MENONBE,,Consumer Cyclical,Auto Parts,auto-parts,,2026-08-30
MERCANTILE,,Real Estate,Real Estate Services,real-estate-services,,2026-08-30
MERCURYEV,,Consumer Cyclical,Auto Manufacturers,auto-manufacturers,,2026-08-30
METROBRAND,,Consumer Cyclical,Apparel Retail,apparel-retail,,2026-08-30
METROGLOBL,,Industrials,Conglomerates,conglomerates,,2026-08-30
METROPOLIS,,Healthcare,Diagnostics & Research,diagnostics-research,,2026-08-30
MFML,,Consumer Cyclical,Textile Manufacturing,textile-manufacturing,,2026-08-30
MFSL,,Financial Services,Insurance - Life,insurance-life,,2026-08-30
MGEL,,Consumer Defensive,Farm Products,farm-products,,2026-08-30
MGL,,Utilities,Utilities - Regulated Gas,utilities-regulated-gas,,2026-08-30
MHLXMIRU,,Consumer Cyclical,Textile Manufacturing,textile-manufacturing,,2026-08-30
MHRIL,,Consumer Cyclical,Resorts & Casinos,resorts-casinos,,2026-08-30
MICEL,,Technology,Electronic Components,electronic-components,,2026-08-30
MIDHANI,,Basic Materials,Steel,steel,,2026-08-30
MIDWESTLTD,,Basic Materials,Building Materials,building-materials,,2026-08-30
MIIL,,Real Estate,Real Estate - Development,real-estate-development,,2026-08-30
MILKYMIST,,Consumer Defensive,Packaged Foods,packaged-foods,,2026-08-30
MINALIND,,Consumer Cyclical,Luxury Goods,luxury-goods,,2026-08-30
MINDACORP,,Consumer Cyclical,Auto Parts,auto-parts,,2026-08-30
MINDTECK,,Technology,Information Technology Services,information-technology-services,,2026-08-30
MIRZAINT,,Consumer Cyclical,Footwear & Accessories,footwear-accessories,,2026-08-30
MITCON,,Industrials,Engineering & Construction,engineering-construction,,2026-08-30
MITTAL,,Consumer Cyclical,Textile Manufacturing,textile-manufacturing,,2026-08-30
MKEXIM,,Consumer Defensive,Household & Personal Products,household-personal-products,,2026-08-30
MKPL,,Consumer Defensive,Packaged Foods,packaged-foods,,2026-08-30
MLKFOOD,,Consumer Defensive,Packaged Foods,packaged-foods,,2026-08-30
MMFL,,Industrials,Metal Fabrication,metal-fabrication,,2026-08-30
MMP,,Basic Materials,Aluminum,aluminum,,2026-08-30
MMTC,,Industrials,Conglomerates,conglomerates,,2026-08-30
MMWL,,Communication Services,Entertainment,entertainment,,2026-08-30
MOBIKWIK,,Technology,Software - Infrastructure,software-infrastructure,,2026-08-30
MODINATUR,,Consumer Defensive,Packaged Foods,packaged-foods,,2026-08-30
MODIRUBBER,,Real Estate,Real Estate Services,real-estate-services,,2026-08-30
MODIS,,Real Estate,Real Estate - Development,real-estate-development,,2026-08-30
MODISONLTD,,Industrials,Electrical Equipment & Parts,electrical-equipment-parts,,2026-08-30
MODTHREAD,,Consumer Cyclical,Textile Manufacturing,textile-manufacturing,,2026-08-30
MOHITE,,Consumer Cyclical,Textile Manufacturing,textile-manufacturing,,2026-08-30
MOHITIND,,Consumer Cyclical,Textile Manufacturing,textile-manufacturing,,2026-08-30
MOIL,,Basic Materials,Other Industrial Metals & Mining,other-industrial-metals-mining,,2026-08-30
MOKSH,,Consumer Cyclical,Luxury Goods,luxury-goods,,2026-08-30
MOL,,Basic Materials,Agricultural Inputs,agricultural-inputs,,2026-08-30
MOLBIO,,Healthcare,Medical Devices,medical-devices,,2026-08-30
MOLDTECH,,Industrials,Engineering & Construction,engineering-construction,,2026-08-30
MOLDTKPAC,,Consumer Cyclical,Packaging & Containers,packaging-containers,,2026-08-30
MONARCH,,Financial Services,Capital Markets,capital-markets,,2026-08-30
MONEYBOXX,,Financial Services,Credit Services,credit-services,,2026-08-30
MONTECARLO,,Consumer Cyclical,Apparel Manufacturing,apparel-manufacturing,,2026-08-30
MOREPENLAB,,Healthcare,Drug Manufacturers - Specialty & Generic,drug-manufacturers-specialty-generic,,2026-08-30
MOSCHIP,,Technology,Semiconductor Equipment & Materials,semiconductor-equipment-materials,,2026-08-30
MOTHERSON,,Consumer Cyclical,Auto Parts,auto-parts,,2026-08-30
MOTILALOFS,,Financial Services,Capital Markets,capital-markets,,2026-08-30
MOTISONS,,Consumer Cyclical,Luxury Goods,luxury-goods,,2026-08-30
MOTOGENFIN,,Real Estate,Real Estate Services,real-estate-services,,2026-08-30
MPDL,,Real Estate,Real Estate - Development,real-estate-development,,2026-08-30
MPHASIS,,Technology,Information Technology Services,information-technology-services,,2026-08-30
MPSLTD,,Communication Services,Publishing,publishing,,2026-08-30
MRF,,Consumer Cyclical,Auto Parts,auto-parts,,2026-08-30
MRPL,,Energy,Oil & Gas Refining & Marketing,oil-gas-refining-marketing,,2026-08-30
MSL,,Basic Materials,Agricultural Inputs,agricultural-inputs,,2026-08-30
MSPL,,Basic Materials,Steel,steel,,2026-08-30
MSTCLTD,,Industrials,Conglomerates,conglomerates,,2026-08-30
MSUMI,,Consumer Cyclical,Auto Parts,auto-parts,,2026-08-30
MTARTECH,,Industrials,Specialty Industrial Machinery,specialty-industrial-machinery,,2026-08-30
MTEDUCARE,,Consumer Defensive,Education & Training Services,education-training-services,,2026-08-30
MTNL,,Communication Services,Telecom Services,telecom-services,,2026-08-30
MUFIN,,Financial Services,Credit Services,credit-services,,2026-08-30
MUFTI,,Consumer Cyclical,Apparel Retail,apparel-retail,,2026-08-30
MUKANDLTD,,Basic Materials,Steel,steel,,2026-08-30
MUKESHB,,Financial Services,Capital Markets,capital-markets,,2026-08-30
MUKKA,,Consumer Defensive,Packaged Foods,packaged-foods,,2026-08-30
MUKTAARTS,,Communication Services,Entertainment,entertainment,,2026-08-30
MUNJALAU,,Consumer Cyclical,Auto Parts,auto-parts,,2026-08-30
MUNJALSHOW,,Consumer Cyclical,Auto Parts,auto-parts,,2026-08-30
MURUDCERA,,Industrials,Building Products & Equipment,building-products-equipment,,2026-08-30
MUTHOOTCAP,,Financial Services,Credit Services,credit-services,,2026-08-30
MUTHOOTFIN,,Financial Services,Credit Services,credit-services,,2026-08-30
MUTHOOTMF,,Financial Services,Credit Services,credit-services,,2026-08-30
MVELECTRO,,Industrials,Electrical Equipment & Parts,electrical-equipment-parts,,2026-08-30
MVGJL,,Consumer Cyclical,Luxury Goods,luxury-goods,,2026-08-30
MWL,,Basic Materials,Steel,steel,,2026-08-30
MYSORPETRO,,Basic Materials,Chemicals,chemicals,,2026-08-30
NACLIND,,Basic Materials,Agricultural Inputs,agricultural-inputs,,2026-08-30
NAGREEKCAP,,Financial Services,Asset Management,asset-management,,2026-08-30
NAGREEKEXP,,Consumer Cyclical,Textile Manufacturing,textile-manufacturing,,2026-08-30
NAHARCAP,,Financial Services,Capital Markets,capital-markets,,2026-08-30
NAHARINDUS,,Consumer Cyclical,Textile Manufacturing,textile-manufacturing,,2026-08-30
NAHARPOLY,,Consumer Cyclical,Packaging & Containers,packaging-containers,,2026-08-30
NAHARSPING,,Consumer Cyclical,Textile Manufacturing,textile-manufacturing,,2026-08-30
NAM-INDIA,,Financial Services,Asset Management,asset-management,,2026-08-30
NARMADA,,Basic Materials,Agricultural Inputs,agricultural-inputs,,2026-08-30
NATCAPSUQ,,Healthcare,Drug Manufacturers - Specialty & Generic,drug-manufacturers-specialty-generic,,2026-08-30
NATCOPHARM,,Healthcare,Drug Manufacturers - Specialty & Generic,drug-manufacturers-specialty-generic,,2026-08-30
NATHBIOGEN,,Basic Materials,Agricultural Inputs,agricultural-inputs,,2026-08-30
NATIONALUM,,Basic Materials,Aluminum,aluminum,,2026-08-30
NATIONSTD,,Real Estate,Real Estate - Development,real-estate-development,,2026-08-30
NAUKRI,,Communication Services,Internet Content & Information,internet-content-information,,2026-08-30
NAVA,,Industrials,Conglomerates,conglomerates,,2026-08-30
NAVINFLUOR,,Basic Materials,Chemicals,chemicals,,2026-08-30
NAVKARCORP,,Industrials,Integrated Freight & Logistics,integrated-freight-logistics,,2026-08-30
NAVKARURB,,Basic Materials,Building Materials,building-materials,,2026-08-30
NAVNETEDUL,,Communication Services,Publishing,publishing,,2026-08-30
NAZARA,,Communication Services,Electronic Gaming & Multimedia,electronic-gaming-multimedia,,2026-08-30
NBCC,,Industrials,Engineering & Construction,engineering-construction,,2026-08-30
NBIFIN,,Financial Services,Capital Markets,capital-markets,,2026-08-30
NCC,,Industrials,Engineering & Construction,engineering-construction,,2026-08-30
NCLIND,,Basic Materials,Building Materials,building-materials,,2026-08-30
NDGL,,Financial Services,Capital Markets,capital-markets,,2026-08-30
NDL,,Consumer Cyclical,Textile Manufacturing,textile-manufacturing,,2026-08-30
NDLVENTURE,,Communication Services,Entertainment,entertainment,,2026-08-30
NDRAUTO,,Consumer Cyclical,Auto Parts,auto-parts,,2026-08-30
NDTV,,Communication Services,Broadcasting,broadcasting,,2026-08-30
NEAGI,,Consumer Defensive,Farm Products,farm-products,,2026-08-30
NECCLTD,,Industrials,Trucking,trucking,,2026-08-30
NECLIFE,,Healthcare,Drug Manufacturers - Specialty & Generic,drug-manufacturers-specialty-generic,,2026-08-30
NELCAST,,Industrials,Metal Fabrication,metal-fabrication,,2026-08-30
NELCO,,Technology,Communication Equipment,communication-equipment,,2026-08-30
NEOGEN,,Basic Materials,Specialty Chemicals,specialty-chemicals,,2026-08-30
NEPHROPLUS,,Healthcare,Medical Care Facilities,medical-care-facilities,,2026-08-30
NESCO,,Industrials,Conglomerates,conglomerates,,2026-08-30
NESTLEIND,,Consumer Defensive,Packaged Foods,packaged-foods,,2026-08-30
NETWEB,,Technology,Computer Hardware,computer-hardware,,2026-08-30
NETWORK18,,Communication Services,Entertainment,entertainment,,2026-08-30
NEUEON,,Basic Materials,Steel,steel,,2026-08-30
NEULANDLAB,,Healthcare,Drug Manufacturers - Specialty & Generic,drug-manufacturers-specialty-generic,,2026-08-30
NEWGEN,,Technology,Software - Infrastructure,software-infrastructure,,2026-08-30
NEXTMEDIA,,Communication Services,Broadcasting,broadcasting,,2026-08-30
NFL,,Basic Materials,Agricultural Inputs,agricultural-inputs,,2026-08-30
NGIL,,Consumer Defensive,Packaged Foods,packaged-foods,,2026-08-30
NGLFINE,,Healthcare,Drug Manufacturers - General,drug-manufacturers-general,,2026-08-30
NH,,Healthcare,Medical Care Facilities,medical-care-facilities,,2026-08-30
NHPC,,Utilities,Utilities - Renewable,utilities-renewable,,2026-08-30
NIACL,,Financial Services,Insurance - Diversified,insurance-diversified,,2026-08-30
NIBE,,Industrials,Conglomerates,conglomerates,,2026-08-30
NIBL,,Industrials,Tools & Accessories,tools-accessories,,2026-08-30
NICCOPAR,,Consumer Cyclical,Leisure,leisure,,2026-08-30
NIITLTD,,Consumer Defensive,Education & Training Services,education-training-services,,2026-08-30
NIITMTS,,Consumer Defensive,Education & Training Services,education-training-services,,2026-08-30
NILAINFRA,,Real Estate,Real Estate - Development,real-estate-development,,2026-08-30
NILASPACES,,Real Estate,Real Estate - Development,real-estate-development,,2026-08-30
NILE,,Basic Materials,Other Industrial Metals & Mining,other-industrial-metals-mining,,2026-08-30
NILKAMAL,,Consumer Cyclical,"Furnishings, Fixtures & Appliances",furnishings-fixtures-appliances,,2026-08-30
NIMBSPROJ,,,,,,2026-08-30
NINSYS,,Technology,Information Technology Services,information-technology-services,,2026-08-30
NIPPOBATRY,,Industrials,Electrical Equipment & Parts,electrical-equipment-parts,,2026-08-30
NIRAJ,,Industrials,Engineering & Construction,engineering-construction,,2026-08-30
NIRAJISPAT,,Consumer Cyclical,Apparel Manufacturing,apparel-manufacturing,,2026-08-30
NIRLON,,Real Estate,Real Estate Services,real-estate-services,,2026-08-30
NITCO,,Industrials,Building Products & Equipment,building-products-equipment,,2026-08-30
NITINSPIN,,Consumer Cyclical,Textile Manufacturing,textile-manufacturing,,2026-08-30
NITIRAJ,,Technology,Scientific & Technical Instruments,scientific-technical-instruments,,2026-08-30
NITTAGELA,,Basic Materials,Specialty Chemicals,specialty-chemicals,,2026-08-30
NIVABUPA,,Financial Services,Insurance - Life,insurance-life,,2026-08-30
NKIND,,Consumer Defensive,Household & Personal Products,household-personal-products,,2026-08-30
NLCINDIA,,Utilities,Utilities - Regulated Electric,utilities-regulated-electric,,2026-08-30
NMDC,,Basic Materials,Steel,steel,,2026-08-30
NOCIL,,Basic Materials,Specialty Chemicals,specialty-chemicals,,2026-08-30
NOIDATOLL,,Industrials,Infrastructure Operations,infrastructure-operations,,2026-08-30
NORBTEAEXP,,Consumer Defensive,Farm Products,farm-products,,2026-08-30
NORTHARC,,Financial Services,Credit Services,credit-services,,2026-08-30
NOVAAGRI,,Basic Materials,Agricultural Inputs,agricultural-inputs,,2026-08-30
NOVARTIND,,Healthcare,Drug Manufacturers - Specialty & Generic,drug-manufacturers-specialty-generic,,2026-08-30
NPST,,Technology,Software - Application,software-application,,2026-08-30
NRAIL,,Basic Materials,Paper & Paper Products,paper-paper-products,,2026-08-30
NRBBEARING,,Consumer Cyclical,Auto Parts,auto-parts,,2026-08-30
NRL,,Industrials,Waste Management,waste-management,,2026-08-30
NSIL,,Financial Services,Asset Management,asset-management,,2026-08-30
NSLNISP,,Basic Materials,Steel,steel,,2026-08-30
NTCIND,,Consumer Defensive,Tobacco,tobacco,,2026-08-30
NTPC,,Utilities,Utilities - Regulated Electric,utilities-regulated-electric,,2026-08-30
NTPCGREEN,,Utilities,Utilities - Renewable,utilities-renewable,,2026-08-30
NUCLEUS,,Technology,Software - Application,software-application,,2026-08-30
NURECA,,Healthcare,Medical Devices,medical-devices,,2026-08-30
NUVAMA,,Financial Services,Asset Management,asset-management,,2026-08-30
NUVOCO,,Basic Materials,Building Materials,building-materials,,2026-08-30
NYKAA,,Consumer Cyclical,Internet Retail,internet-retail,,2026-08-30
OAL,,Basic Materials,Specialty Chemicals,specialty-chemicals,,2026-08-30
OBCL,,Industrials,Trucking,trucking,,2026-08-30
OBEROIRLTY,,Real Estate,Real Estate - Development,real-estate-development,,2026-08-30
OCCLLTD,,Basic Materials,Chemicals,chemicals,,2026-08-30
ODIGMA,,Communication Services,Advertising Agencies,advertising-agencies,,2026-08-30
ODYCORP,,Financial Services,Capital Markets,capital-markets,,2026-08-30
OFSS,,Technology,Software - Infrastructure,software-infrastructure,,2026-08-30
OIL,,Energy,Oil & Gas Integrated,oil-gas-integrated,,2026-08-30
OILCOUNTUB,,Energy,Oil & Gas Equipment & Services,oil-gas-equipment-services,,2026-08-30
OLAELEC,,Consumer Cyclical,Auto Manufacturers,auto-manufacturers,,2026-08-30
OLECTRA,,Industrials,Farm & Heavy Construction Machinery,farm-heavy-construction-machinery,,2026-08-30
OMAXAUTO,,Consumer Cyclical,Auto Parts,auto-parts,,2026-08-30
OMAXE,,Real Estate,Real Estate - Development,real-estate-development,,2026-08-30
OMFREIGHT,,Industrials,Integrated Freight & Logistics,integrated-freight-logistics,,2026-08-30
OMINFRAL,,Industrials,Engineering & Construction,engineering-construction,,2026-08-30
OMNI,,Industrials,Specialty Industrial Machinery,specialty-industrial-machinery,,2026-08-30
OMPOWER,,Industrials,Engineering & Construction,engineering-construction,,2026-08-30
ONEGLOBAL,,Healthcare,Pharmaceutical Retailers,pharmaceutical-retailers,,2026-08-30
ONELIFECAP,,Financial Services,Capital Markets,capital-markets,,2026-08-30
ONEPOINT,,Industrials,Specialty Business Services,specialty-business-services,,2026-08-30
ONESOURCE,,Healthcare,Biotechnology,biotechnology,,2026-08-30
ONGC,,Energy,Oil & Gas Integrated,oil-gas-integrated,,2026-08-30
ONIDA,,Consumer Cyclical,"Furnishings, Fixtures & Appliances",furnishings-fixtures-appliances,,2026-08-30
ONIXSOLAR,,Technology,Solar,solar,,2026-08-30
ONMOBILE,,Communication Services,Telecom Services,telecom-services,,2026-08-30
ONWARDTEC,,Technology,Information Technology Services,information-technology-services,,2026-08-30
OPTIEMUS,,Technology,Electronics & Computer Distribution,electronics-computer-distribution,,2026-08-30
OPTIFIN,,Basic Materials,Chemicals,chemicals,,2026-08-30
ORBTEXP,,Consumer Cyclical,Textile Manufacturing,textile-manufacturing,,2026-08-30
ORCHASP,,Technology,Software - Application,software-application,,2026-08-30
ORCHPHARMA,,Healthcare,Drug Manufacturers - Specialty & Generic,drug-manufacturers-specialty-generic,,2026-08-30
ORICONENT,,Consumer Cyclical,Packaging & Containers,packaging-containers,,2026-08-30
ORIENTALTL,,Industrials,Building Products & Equipment,building-products-equipment,,2026-08-30
ORIENTBELL,,Industrials,Building Products & Equipment,building-products-equipment,,2026-08-30
ORIENTCEM,,Basic Materials,Building Materials,building-materials,,2026-08-30
ORIENTCER,,Basic Materials,Specialty Chemicals,specialty-chemicals,,2026-08-30
ORIENTELEC,,Consumer Cyclical,"Furnishings, Fixtures & Appliances",furnishings-fixtures-appliances,,2026-08-30
ORIENTHOT,,Consumer Cyclical,Lodging,lodging,,2026-08-30
ORIENTLTD,,Consumer Cyclical,Packaging & Containers,packaging-containers,,2026-08-30
ORIENTPPR,,Basic Materials,Paper & Paper Products,paper-paper-products,,2026-08-30
ORIENTTECH,,Technology,Information Technology Services,information-technology-services,,2026-08-30
ORIRAIL,,Industrials,Railroads,railroads,,2026-08-30
ORISSAMINE,,Basic Materials,Steel,steel,,2026-08-30
ORKLAINDIA,,Consumer Defensive,Packaged Foods,packaged-foods,,2026-08-30
ORTINGLOBE,,Healthcare,Drug Manufacturers - Specialty & Generic,drug-manufacturers-specialty-generic,,2026-08-30
OSIAHYPER,,Consumer Cyclical,Department Stores,department-stores,,2026-08-30
OSWALAGRO,,Real Estate,Real Estate - Development,real-estate-development,,2026-08-30
OSWALGREEN,,Financial Services,Asset Management,asset-management,,2026-08-30
OSWALPUMPS,,Industrials,Electrical Equipment & Parts,electrical-equipment-parts,,2026-08-30
OSWALSEEDS,,Basic Materials,Agricultural Inputs,agricultural-inputs,,2026-08-30
PACEDIGITK,,Technology,Communication Equipment,communication-equipment,,2026-08-30
PACIFICI,,Basic Materials,Building Materials,building-materials,,2026-08-30
PAGEIND,,Consumer Cyclical,Apparel Manufacturing,apparel-manufacturing,,2026-08-30
PAISALO,,Financial Services,Credit Services,credit-services,,2026-08-30
PAKKA,,Basic Materials,Paper & Paper Products,paper-paper-products,,2026-08-30
PALASHSECU,,Consumer Defensive,Packaged Foods,packaged-foods,,2026-08-30
PALREDTEC,,Technology,Consumer Electronics,consumer-electronics,,2026-08-30
PANACEABIO,,Healthcare,Biotechnology,biotechnology,,2026-08-30
PANACHE,,Technology,Communication Equipment,communication-equipment,,2026-08-30
PANAMAPET,,Energy,Oil & Gas Refining & Marketing,oil-gas-refining-marketing,,2026-08-30
PANCHMAHQ,,Basic Materials,Steel,steel,,2026-08-30
PANORAMA,,Communication Services,Entertainment,entertainment,,2026-08-30
PANSARI,,Real Estate,Real Estate - Development,real-estate-development,,2026-08-30
PAR,,Healthcare,Drug Manufacturers - Specialty & Generic,drug-manufacturers-specialty-generic,,2026-08-30
PARACABLES,,Technology,Communication Equipment,communication-equipment,,2026-08-30
PARADEEP,,Basic Materials,Agricultural Inputs,agricultural-inputs,,2026-08-30
PARAGMILK,,Consumer Defensive,Packaged Foods,packaged-foods,,2026-08-30
PARAS,,Industrials,Aerospace & Defense,aerospace-defense,,2026-08-30
PARASPETRO,,Consumer Cyclical,Textile Manufacturing,textile-manufacturing,,2026-08-30
PARKHOSPS,,Healthcare,Medical Care Facilities,medical-care-facilities,,2026-08-30
PARKHOTELS,,Consumer Cyclical,Lodging,lodging,,2026-08-30
PARNAXLAB,,Healthcare,Drug Manufacturers - Specialty & Generic,drug-manufacturers-specialty-generic,,2026-08-30
PARSVNATH,,Real Estate,Real Estate - Development,real-estate-development,,2026-08-30
PASHUPATI,,Consumer Cyclical,Textile Manufacturing,textile-manufacturing,,2026-08-30
PASUPTAC,,Consumer Cyclical,Textile Manufacturing,textile-manufacturing,,2026-08-30
PATANJALI,,Consumer Defensive,Packaged Foods,packaged-foods,,2026-08-30
PATELENG,,Industrials,Engineering & Construction,engineering-construction,,2026-08-30
PATELRMART,,Consumer Cyclical,Department Stores,department-stores,,2026-08-30
PATINTLOG,,Industrials,Integrated Freight & Logistics,integrated-freight-logistics,,2026-08-30
PAUSHAKLTD,,Basic Materials,Specialty Chemicals,specialty-chemicals,,2026-08-30
PAVNAIND,,Consumer Cyclical,Auto Parts,auto-parts,,2026-08-30
PAYTM,,Technology,Software - Infrastructure,software-infrastructure,,2026-08-30
PBMPOLY,,Consumer Cyclical,Textile Manufacturing,textile-manufacturing,,2026-08-30
PCBL,,Basic Materials,Specialty Chemicals,specialty-chemicals,,2026-08-30
PCJEWELLER,,Consumer Cyclical,Luxury Goods,luxury-goods,,2026-08-30
PDMJEPAPER,,Basic Materials,Paper & Paper Products,paper-paper-products,,2026-08-30
PDSL,,Industrials,Specialty Business Services,specialty-business-services,,2026-08-30
PEARLPOLY,,Consumer Cyclical,Packaging & Containers,packaging-containers,,2026-08-30
PENIND,,Industrials,Specialty Industrial Machinery,specialty-industrial-machinery,,2026-08-30
PENINLAND,,Real Estate,Real Estate - Development,real-estate-development,,2026-08-30
PERMAGN,,Industrials,Electrical Equipment & Parts,electrical-equipment-parts,,2026-08-30
PERSISTENT,,Technology,Information Technology Services,information-technology-services,,2026-08-30
PETRONET,,Energy,Oil & Gas Refining & Marketing,oil-gas-refining-marketing,,2026-08-30
PFC,,Financial Services,Credit Services,credit-services,,2026-08-30
PFIZER,,Healthcare,Drug Manufacturers - General,drug-manufacturers-general,,2026-08-30
PFOCUS,,Communication Services,Entertainment,entertainment,,2026-08-30
PFS,,Financial Services,Credit Services,credit-services,,2026-08-30
PGEL,,Technology,Electronic Components,electronic-components,,2026-08-30
PGHH,,Consumer Defensive,Household & Personal Products,household-personal-products,,2026-08-30
PGHL,,Healthcare,Drug Manufacturers - Specialty & Generic,drug-manufacturers-specialty-generic,,2026-08-30
PGIL,,Consumer Cyclical,Apparel Manufacturing,apparel-manufacturing,,2026-08-30
PHOENIXLTD,,Real Estate,Real Estate - Diversified,real-estate-diversified,,2026-08-30
PHOENXINTL,,Consumer Cyclical,Footwear & Accessories,footwear-accessories,,2026-08-30
PICCADIL,,Consumer Defensive,Beverages - Wineries & Distilleries,beverages-wineries-distilleries,,2026-08-30
PIDILITIND,,Basic Materials,Specialty Chemicals,specialty-chemicals,,2026-08-30
PIGL,,Industrials,Engineering & Construction,engineering-construction,,2026-08-30
PIIND,,Basic Materials,Agricultural Inputs,agricultural-inputs,,2026-08-30
PILANIINVS,,Financial Services,Asset Management,asset-management,,2026-08-30
PILITA,,Consumer Cyclical,"Furnishings, Fixtures & Appliances",furnishings-fixtures-appliances,,2026-08-30
PINELABS,,Technology,Software - Infrastructure,software-infrastructure,,2026-08-30
PIONEEREMB,,Consumer Cyclical,Textile Manufacturing,textile-manufacturing,,2026-08-30
PIONRINV,,Financial Services,Capital Markets,capital-markets,,2026-08-30
PIRAMALFIN,,Financial Services,Credit Services,credit-services,,2026-08-30
PITTIENG,,Industrials,Metal Fabrication,metal-fabrication,,2026-08-30
PIXTRANS,,Industrials,Specialty Industrial Machinery,specialty-industrial-machinery,,2026-08-30
PKTEA,,Consumer Defensive,Farm Products,farm-products,,2026-08-30
PLASTIBLEN,,Basic Materials,Specialty Chemicals,specialty-chemicals,,2026-08-30
PLATIND,,Basic Materials,Specialty Chemicals,specialty-chemicals,,2026-08-30
PLAZACABLE,,Industrials,Electrical Equipment & Parts,electrical-equipment-parts,,2026-08-30
PML,,Financial Services,Capital Markets,capital-markets,,2026-08-30
PNB,,Financial Services,Banks - Regional,banks-regional,,2026-08-30
PNBGILTS,,Financial Services,Capital Markets,capital-markets,,2026-08-30
PNBHOUSING,,Financial Services,Mortgage Finance,mortgage-finance,,2026-08-30
PNC,,Communication Services,Entertainment,entertainment,,2026-08-30
PNCINFRA,,Industrials,Engineering & Construction,engineering-construction,,2026-08-30
PNGJL,,Consumer Cyclical,Luxury Goods,luxury-goods,,2026-08-30
PNGSREVA,,Consumer Cyclical,Luxury Goods,luxury-goods,,2026-08-30
POCL,,Basic Materials,Specialty Chemicals,specialty-chemicals,,2026-08-30
PODDARMENT,,Basic Materials,Specialty Chemicals,specialty-chemicals,,2026-08-30
POEL,,Basic Materials,Chemicals,chemicals,,2026-08-30
POKARNA,,Industrials,Building Products & Equipment,building-products-equipment,,2026-08-30
POLICYBZR,,Financial Services,Insurance Brokers,insurance-brokers,,2026-08-30
POLYCAB,,Industrials,Electrical Equipment & Parts,electrical-equipment-parts,,2026-08-30
POLYMED,,Healthcare,Medical Instruments & Supplies,medical-instruments-supplies,,2026-08-30
POLYPLEX,,Basic Materials,Specialty Chemicals,specialty-chemicals,,2026-08-30
POLYSPIN,,Consumer Cyclical,Packaging & Containers,packaging-containers,,2026-08-30
PONNIERODE,,Consumer Defensive,Confectioners,confectioners,,2026-08-30
POONAWALLA,,Financial Services,Credit Services,credit-services,,2026-08-30
POWERGRID,,Utilities,Utilities - Regulated Electric,utilities-regulated-electric,,2026-08-30
POWERICA,,Industrials,Specialty Industrial Machinery,specialty-industrial-machinery,,2026-08-30
POWERINDIA,,Industrials,Electrical Equipment & Parts,electrical-equipment-parts,,2026-08-30
POWERMECH,,Industrials,Engineering & Construction,engineering-construction,,2026-08-30
PPAP,,Consumer Cyclical,Auto Parts,auto-parts,,2026-08-30
PPL,,Industrials,Building Products & Equipment,building-products-equipment,,2026-08-30
PPLPHARMA,,Healthcare,Drug Manufacturers - Specialty & Generic,drug-manufacturers-specialty-generic,,2026-08-30
PRABHA,,Energy,Oil & Gas E&P,oil-gas-e-p,,2026-08-30
PRADPME,,Industrials,Metal Fabrication,metal-fabrication,,2026-08-30
PRAENG,,Real Estate,Real Estate - Development,real-estate-development,,2026-08-30
PRAJIND,,Industrials,Engineering & Construction,engineering-construction,,2026-08-30
PRAKASH,,Basic Materials,Steel,steel,,2026-08-30
PRAKASHSTL,,Basic Materials,Steel,steel,,2026-08-30
PRAVEG,,Communication Services,Advertising Agencies,advertising-agencies,,2026-08-30
PRAXIS,,Consumer Cyclical,Specialty Retail,specialty-retail,,2026-08-30
PRECAM,,Consumer Cyclical,Auto Parts,auto-parts,,2026-08-30
PRECOT,,Consumer Cyclical,Textile Manufacturing,textile-manufacturing,,2026-08-30
PRECWIRE,,Industrials,Electrical Equipment & Parts,electrical-equipment-parts,,2026-08-30
PREMCO,,Consumer Cyclical,Textile Manufacturing,textile-manufacturing,,2026-08-30
PREMEXPLN,,Basic Materials,Specialty Chemicals,specialty-chemicals,,2026-08-30
PREMIER,,Industrials,Specialty Industrial Machinery,specialty-industrial-machinery,,2026-08-30
PREMIERENE,,Technology,Solar,solar,,2026-08-30
PREMIERPOL,,Basic Materials,Specialty Chemicals,specialty-chemicals,,2026-08-30
PRESTIGE,,Real Estate,Real Estate - Diversified,real-estate-diversified,,2026-08-30
PRICOLLTD,,Consumer Cyclical,Auto Parts,auto-parts,,2026-08-30
PRIMESECU,,Financial Services,Capital Markets,capital-markets,,2026-08-30
PRIMO,,Basic Materials,Chemicals,chemicals,,2026-08-30
PRINCEPIPE,,Industrials,Building Products & Equipment,building-products-equipment,,2026-08-30
PRISMX,,Financial Services,Capital Markets,capital-markets,,2026-08-30
PRITI,,Consumer Cyclical,"Furnishings, Fixtures & Appliances",furnishings-fixtures-appliances,,2026-08-30
PRITIKAUTO,,Industrials,Specialty Industrial Machinery,specialty-industrial-machinery,,2026-08-30
PRIVISCL,,Basic Materials,Specialty Chemicals,specialty-chemicals,,2026-08-30
PROSTARM,,Industrials,Electrical Equipment & Parts,electrical-equipment-parts,,2026-08-30
PROTEAN,,Technology,Information Technology Services,information-technology-services,,2026-08-30
PROZONER,,Real Estate,Real Estate - Diversified,real-estate-diversified,,2026-08-30
PRSMJOHNSN,,Basic Materials,Building Materials,building-materials,,2026-08-30
PRUDENT,,Financial Services,Asset Management,asset-management,,2026-08-30
PRUDMOULI,,Consumer Defensive,Confectioners,confectioners,,2026-08-30
PSB,,Financial Services,Banks - Regional,banks-regional,,2026-08-30
PSPPROJECT,,Industrials,Engineering & Construction,engineering-construction,,2026-08-30
PTC,,Utilities,Utilities - Independent Power Producers,utilities-independent-power-producers,,2026-08-30
PTCIL,,Industrials,Metal Fabrication,metal-fabrication,,2026-08-30
PTL,,Real Estate,Real Estate Services,real-estate-services,,2026-08-30
PUNJABCHEM,,Basic Materials,Chemicals,chemicals,,2026-08-30
PURVA,,Real Estate,Real Estate - Development,real-estate-development,,2026-08-30
PVP,,Industrials,Conglomerates,conglomerates,,2026-08-30
PVRINOX,,Communication Services,Entertainment,entertainment,,2026-08-30
PVSL,,Consumer Cyclical,Auto & Truck Dealerships,auto-truck-dealerships,,2026-08-30
PWL,,Consumer Defensive,Education & Training Services,education-training-services,,2026-08-30
PYRAMID,,Consumer Cyclical,Packaging & Containers,packaging-containers,,2026-08-30
QMSMEDI,,Healthcare,Medical Instruments & Supplies,medical-instruments-supplies,,2026-08-30
QPOWER,,Industrials,Electrical Equipment & Parts,electrical-equipment-parts,,2026-08-30
QUADFUTURE,,Industrials,Railroads,railroads,,2026-08-30
QUESS,,Industrials,Staffing & Employment Services,staffing-employment-services,,2026-08-30
QUICKHEAL,,Technology,Software - Application,software-application,,2026-08-30
QUINT,,Communication Services,Entertainment,entertainment,,2026-08-30
RACE,,Industrials,Waste Management,waste-management,,2026-08-30
RACLGEAR,,Consumer Cyclical,Auto Parts,auto-parts,,2026-08-30
RADAAN,,Communication Services,Entertainment,entertainment,,2026-08-30
RADHIKAJWE,,Consumer Cyclical,Luxury Goods,luxury-goods,,2026-08-30
RADIANTCMS,,Industrials,Specialty Business Services,specialty-business-services,,2026-08-30
RADICO,,Consumer Defensive,Beverages - Wineries & Distilleries,beverages-wineries-distilleries,,2026-08-30
RADIOCITY,,Communication Services,Broadcasting,broadcasting,,2026-08-30
RAILTEL,,Communication Services,Telecom Services,telecom-services,,2026-08-30
RAIN,,Basic Materials,Specialty Chemicals,specialty-chemicals,,2026-08-30
RAINBOW,,Healthcare,Medical Care Facilities,medical-care-facilities,,2026-08-30
RAJMET,,Basic Materials,Copper,copper,,2026-08-30
RAJOOENG,,Industrials,Specialty Industrial Machinery,specialty-industrial-machinery,,2026-08-30
RAJPALAYAM,,,,,,2026-08-30
RAJRATAN,,Basic Materials,Steel,steel,,2026-08-30
RAJRILTD,,Consumer Cyclical,Textile Manufacturing,textile-manufacturing,,2026-08-30
RAJSREESUG,,Consumer Defensive,Confectioners,confectioners,,2026-08-30
RAJTV,,Communication Services,Broadcasting,broadcasting,,2026-08-30
RALLIS,,Basic Materials,Agricultural Inputs,agricultural-inputs,,2026-08-30
RAMANEWS,,Consumer Defensive,Beverages - Non-Alcoholic,beverages-non-alcoholic,,2026-08-30
RAMAPHO,,Basic Materials,Agricultural Inputs,agricultural-inputs,,2026-08-30
RAMASTEEL,,Basic Materials,Steel,steel,,2026-08-30
RAMBHAJO,,Consumer Cyclical,Luxury Goods,luxury-goods,,2026-08-30
RAMCOCEM,,Basic Materials,Building Materials,building-materials,,2026-08-30
RAMCOIND,,Industrials,Building Products & Equipment,building-products-equipment,,2026-08-30
RAMCOSYS,,Technology,Software - Application,software-application,,2026-08-30
RAMKY,,Industrials,Engineering & Construction,engineering-construction,,2026-08-30
RAMRAT,,Industrials,Electrical Equipment & Parts,electrical-equipment-parts,,2026-08-30
RANASUG,,Consumer Defensive,Confectioners,confectioners,,2026-08-30
RANEHOLDIN,,Consumer Cyclical,Auto Parts,auto-parts,,2026-08-30
RATEGAIN,,Technology,Software - Application,software-application,,2026-08-30
RATNAMANI,,Basic Materials,Steel,steel,,2026-08-30
RATNAVEER,,Basic Materials,Steel,steel,,2026-08-30
RAYMOND,,Industrials,Specialty Industrial Machinery,specialty-industrial-machinery,,2026-08-30
RAYMONDLSL,,Consumer Cyclical,Apparel Manufacturing,apparel-manufacturing,,2026-08-30
RAYMONDREL,,Real Estate,Real Estate - Development,real-estate-development,,2026-08-30
RBA,,Consumer Cyclical,Restaurants,restaurants,,2026-08-30
RBLBANK,,Financial Services,Banks - Regional,banks-regional,,2026-08-30
RBZJEWEL,,Consumer Cyclical,Luxury Goods,luxury-goods,,2026-08-30
RCF,,Basic Materials,Agricultural Inputs,agricultural-inputs,,2026-08-30
RCOM,,Communication Services,Telecom Services,telecom-services,,2026-08-30
RECLTD,,Financial Services,Credit Services,credit-services,,2026-08-30
REDINGTON,,Technology,Information Technology Services,information-technology-services,,2026-08-30
REDTAPE,,Consumer Cyclical,Footwear & Accessories,footwear-accessories,,2026-08-30
REFEX,,Energy,Thermal Coal,thermal-coal,,2026-08-30
REGAAL,,Consumer Defensive,Packaged Foods,packaged-foods,,2026-08-30
REGENCERAM,,Industrials,Building Products & Equipment,building-products-equipment,,2026-08-30
RELAXO,,Consumer Cyclical,Footwear & Accessories,footwear-accessories,,2026-08-30
RELCHEMQ,,Consumer Cyclical,Textile Manufacturing,textile-manufacturing,,2026-08-30
RELIABLE,,Technology,Information Technology Services,information-technology-services,,2026-08-30
RELIANCE,,Energy,Oil & Gas Refining & Marketing,oil-gas-refining-marketing,,2026-08-30
RELIGARE,,Financial Services,Insurance - Life,insurance-life,,2026-08-30
RELINFRA,,Utilities,Utilities - Independent Power Producers,utilities-independent-power-producers,,2026-08-30
RELTD,,Technology,Solar,solar,,2026-08-30
REMSONSIND,,Consumer Cyclical,Auto Parts,auto-parts,,2026-08-30
RENUKA,,Consumer Defensive,Confectioners,confectioners,,2026-08-30
REPCOHOME,,Financial Services,Mortgage Finance,mortgage-finance,,2026-08-30
REPL,,Industrials,Consulting Services,consulting-services,,2026-08-30
REPRO,,Industrials,Specialty Business Services,specialty-business-services,,2026-08-30
RESPONIND,,Basic Materials,Specialty Chemicals,specialty-chemicals,,2026-08-30
RETAIL,,Consumer Defensive,Grocery Stores,grocery-stores,,2026-08-30
RGL,,Consumer Cyclical,Luxury Goods,luxury-goods,,2026-08-30
RHETAN,,Basic Materials,Steel,steel,,2026-08-30
RHIM,,Industrials,Metal Fabrication,metal-fabrication,,2026-08-30
RHL,,Consumer Cyclical,Lodging,lodging,,2026-08-30
RICOAUTO,,Consumer Cyclical,Auto Parts,auto-parts,,2026-08-30
RIIL,,Industrials,Engineering & Construction,engineering-construction,,2026-08-30
RIR,,Technology,Semiconductors,semiconductors,,2026-08-30
RISHABH,,Technology,Scientific & Technical Instruments,scientific-technical-instruments,,2026-08-30
RITCO,,Industrials,Integrated Freight & Logistics,integrated-freight-logistics,,2026-08-30
RITES,,Industrials,Engineering & Construction,engineering-construction,,2026-08-30
RKDL,,Consumer Defensive,Beverages - Wineries & Distilleries,beverages-wineries-distilleries,,2026-08-30
RKEC,,Industrials,Engineering & Construction,engineering-construction,,2026-08-30
RKFORGE,,Industrials,Metal Fabrication,metal-fabrication,,2026-08-30
RKSWAMY,,Communication Services,Advertising Agencies,advertising-agencies,,2026-08-30
RMC,,Industrials,Electrical Equipment & Parts,electrical-equipment-parts,,2026-08-30
RMDRIP,,Industrials,Farm & Heavy Construction Machinery,farm-heavy-construction-machinery,,2026-08-30
RML,,Consumer Cyclical,Auto Parts,auto-parts,,2026-08-30
RNBDENIMS,,Consumer Cyclical,Textile Manufacturing,textile-manufacturing,,2026-08-30
ROHLTD,,Consumer Cyclical,Lodging,lodging,,2026-08-30
ROLEXRINGS,,Industrials,Metal Fabrication,metal-fabrication,,2026-08-30
ROLLT,,Real Estate,Real Estate Services,real-estate-services,,2026-08-30
ROML,,Consumer Defensive,Packaged Foods,packaged-foods,,2026-08-30
ROSSARI,,Basic Materials,Specialty Chemicals,specialty-chemicals,,2026-08-30
ROSSELLIND,,Industrials,Conglomerates,conglomerates,,2026-08-30
ROSSTECH,,Industrials,Aerospace & Defense,aerospace-defense,,2026-08-30
ROTO,,Industrials,Specialty Industrial Machinery,specialty-industrial-machinery,,2026-08-30
ROUTE,,Communication Services,Telecom Services,telecom-services,,2026-08-30
RPEL,,Basic Materials,Chemicals,chemicals,,2026-08-30
RPGLIFE,,Healthcare,Drug Manufacturers - Specialty & Generic,drug-manufacturers-specialty-generic,,2026-08-30
RPOWER,,Utilities,Utilities - Independent Power Producers,utilities-independent-power-producers,,2026-08-30
RPPINFRA,,Industrials,Engineering & Construction,engineering-construction,,2026-08-30
RPPL,,Consumer Cyclical,Packaging & Containers,packaging-containers,,2026-08-30
RPSGVENT,,Technology,Information Technology Services,information-technology-services,,2026-08-30
RPTECH,,Technology,Electronics & Computer Distribution,electronics-computer-distribution,,2026-08-30
RRECL,,Real Estate,Real Estate Services,real-estate-services,,2026-08-30
RRIL,,Consumer Cyclical,Textile Manufacturing,textile-manufacturing,,2026-08-30
RRKABEL,,Industrials,Electrical Equipment & Parts,electrical-equipment-parts,,2026-08-30
RSDFIN,,Financial Services,Asset Management,asset-management,,2026-08-30
RSL,,Basic Materials,Steel,steel,,2026-08-30
RSSOFTWARE,,Technology,Information Technology Services,information-technology-services,,2026-08-30
RSWM,,Consumer Cyclical,Textile Manufacturing,textile-manufacturing,,2026-08-30
RSYSTEMS,,Technology,Information Technology Services,information-technology-services,,2026-08-30
RTNINDIA,,Consumer Cyclical,Internet Retail,internet-retail,,2026-08-30
RTNPOWER,,Utilities,Utilities - Independent Power Producers,utilities-independent-power-producers,,2026-08-30
RTSPOWR,,Industrials,Electrical Equipment & Parts,electrical-equipment-parts,,2026-08-30
RUBFILA,,Basic Materials,Specialty Chemicals,specialty-chemicals,,2026-08-30
RUBICON,,Healthcare,Drug Manufacturers - General,drug-manufacturers-general,,2026-08-30
RUBYMILLS,,Consumer Cyclical,Textile Manufacturing,textile-manufacturing,,2026-08-30
RUCHINFRA,,Industrials,Specialty Business Services,specialty-business-services,,2026-08-30
RUCHIRA,,Basic Materials,Paper & Paper Products,paper-paper-products,,2026-08-30
RUDRA,,Basic Materials,Steel,steel,,2026-08-30
RUPA,,Consumer Cyclical,Apparel Manufacturing,apparel-manufacturing,,2026-08-30
RUSHIL,,Consumer Cyclical,"Furnishings, Fixtures & Appliances",furnishings-fixtures-appliances,,2026-08-30
RUSTOMJEE,,Real Estate,Real Estate - Development,real-estate-development,,2026-08-30
RVHL,,Real Estate,Real Estate - Development,real-estate-development,,2026-08-30
RVNL,,Industrials,Engineering & Construction,engineering-construction,,2026-08-30
RVTH,,Industrials,Farm & Heavy Construction Machinery,farm-heavy-construction-machinery,,2026-08-30
S&SPOWER,,Industrials,Electrical Equipment & Parts,electrical-equipment-parts,,2026-08-30
SAATVIKGL,,Technology,Solar,solar,,2026-08-30
SAB,,Industrials,Engineering & Construction,engineering-construction,,2026-08-30
SADBHAV,,Industrials,Engineering & Construction,engineering-construction,,2026-08-30
SADBHIN,,Industrials,Engineering & Construction,engineering-construction,,2026-08-30
SADHNANIQ,,Basic Materials,Chemicals,chemicals,,2026-08-30
SAFARI,,Consumer Cyclical,Footwear & Accessories,footwear-accessories,,2026-08-30
SAGARDEEP,,Basic Materials,Copper,copper,,2026-08-30
SAGCEM,,Basic Materials,Building Materials,building-materials,,2026-08-30
SAGILITY,,Healthcare,Health Information Services,health-information-services,,2026-08-30
SAHLIBHFI,,Financial Services,Credit Services,credit-services,,2026-08-30
SAHYADRI,,Industrials,Building Products & Equipment,building-products-equipment,,2026-08-30
SAICAPI,,Financial Services,Capital Markets,capital-markets,,2026-08-30
SAIL,,Basic Materials,Steel,steel,,2026-08-30
SAILIFE,,Healthcare,Diagnostics & Research,diagnostics-research,,2026-08-30
SAIPARENT,,Healthcare,Drug Manufacturers - General,drug-manufacturers-general,,2026-08-30
SAKAR,,Healthcare,Drug Manufacturers - Specialty & Generic,drug-manufacturers-specialty-generic,,2026-08-30
SAKHTISUG,,Consumer Defensive,Confectioners,confectioners,,2026-08-30
SAKSOFT,,Technology,Information Technology Services,information-technology-services,,2026-08-30
SAKUMA,,Consumer Defensive,Farm Products,farm-products,,2026-08-30
SALASAR,,Basic Materials,Steel,steel,,2026-08-30
SALONA,,Consumer Cyclical,Textile Manufacturing,textile-manufacturing,,2026-08-30
SALSTEEL,,Basic Materials,Steel,steel,,2026-08-30
SALZERELEC,,Industrials,Electrical Equipment & Parts,electrical-equipment-parts,,2026-08-30
SAMBANDAM,,Consumer Cyclical,Textile Manufacturing,textile-manufacturing,,2026-08-30
SAMBHAAV,,Communication Services,Publishing,publishing,,2026-08-30
SAMBHV,,Basic Materials,Steel,steel,,2026-08-30
SAMHI,,Consumer Cyclical,Lodging,lodging,,2026-08-30
SAMMAANCAP,,Financial Services,Mortgage Finance,mortgage-finance,,2026-08-30
SAMPANN,,Basic Materials,Specialty Chemicals,specialty-chemicals,,2026-08-30
SANATHAN,,Consumer Cyclical,Textile Manufacturing,textile-manufacturing,,2026-08-30
SANDESH,,Communication Services,Publishing,publishing,,2026-08-30
SANDHAR,,Consumer Cyclical,Auto Parts,auto-parts,,2026-08-30
SANDUMA,,Basic Materials,Steel,steel,,2026-08-30
SANGAMIND,,Consumer Cyclical,Textile Manufacturing,textile-manufacturing,,2026-08-30
SANGHVIMOV,,Industrials,Rental & Leasing Services,rental-leasing-services,,2026-08-30
SANGINITA,,Basic Materials,Chemicals,chemicals,,2026-08-30
SANOFI,,Healthcare,Drug Manufacturers - General,drug-manufacturers-general,,2026-08-30
SANOFICONR,,Healthcare,Drug Manufacturers - General,drug-manufacturers-general,,2026-08-30
SANSERA,,Consumer Cyclical,Auto Parts,auto-parts,,2026-08-30
SANSTAR,,Basic Materials,Chemicals,chemicals,,2026-08-30
SAPPHIRE,,Consumer Cyclical,Restaurants,restaurants,,2026-08-30
SAPPL,,Basic Materials,Paper & Paper Products,paper-paper-products,,2026-08-30
SARDAEN,,Basic Materials,Steel,steel,,2026-08-30
SAREGAMA,,Communication Services,Entertainment,entertainment,,2026-08-30
SARLAPOLY,,Consumer Cyclical,Textile Manufacturing,textile-manufacturing,,2026-08-30
SARVESHWAR,,Consumer Defensive,Packaged Foods,packaged-foods,,2026-08-30
SASKEN,,Technology,Information Technology Services,information-technology-services,,2026-08-30
SATIA,,Basic Materials,Paper & Paper Products,paper-paper-products,,2026-08-30
SATIN,,Financial Services,Credit Services,credit-services,,2026-08-30
SAURASHCEM,,Basic Materials,Building Materials,building-materials,,2026-08-30
SAYAJIHOTL,,Consumer Cyclical,Lodging,lodging,,2026-08-30
SAYAJIIND,,Consumer Defensive,Farm Products,farm-products,,2026-08-30
SBC,,Industrials,Conglomerates,conglomerates,,2026-08-30
SBCL,,Industrials,Metal Fabrication,metal-fabrication,,2026-08-30
SBFC,,Financial Services,Credit Services,credit-services,,2026-08-30
SBGLP,,Real Estate,Real Estate - Development,real-estate-development,,2026-08-30
SBICARD,,Financial Services,Credit Services,credit-services,,2026-08-30
SBIFUNDS,,Financial Services,Asset Management,asset-management,,2026-08-30
SBILIFE,,Financial Services,Insurance - Life,insurance-life,,2026-08-30
SBIN,,Financial Services,Banks - Regional,banks-regional,,2026-08-30
SCANSTL,,Basic Materials,Steel,steel,,2026-08-30
SCHAEFFLER,,Consumer Cyclical,Auto Parts,auto-parts,,2026-08-30
SCHAND,,Communication Services,Publishing,publishing,,2026-08-30
SCHNEIDER,,Industrials,Electrical Equipment & Parts,electrical-equipment-parts,,2026-08-30
SCI,,Industrials,Marine Shipping,marine-shipping,,2026-08-30
SCILAL,,Real Estate,Real Estate Services,real-estate-services,,2026-08-30
SCODATUBES,,Basic Materials,Steel,steel,,2026-08-30
SCPL,,Consumer Defensive,Packaged Foods,packaged-foods,,2026-08-30
SDBL,,Consumer Defensive,Beverages - Brewers,beverages-brewers,,2026-08-30
SEAMECLTD,,Industrials,Marine Shipping,marine-shipping,,2026-08-30
SECMARK,,Industrials,Consulting Services,consulting-services,,2026-08-30
SECURKLOUD,,Technology,Software - Application,software-application,,2026-08-30
SEDEMAC,,Consumer Cyclical,Auto Parts,auto-parts,,2026-08-30
SEIL,,Consumer Defensive,Education & Training Services,education-training-services,,2026-08-30
SEJALLTD,,Industrials,Building Products & Equipment,building-products-equipment,,2026-08-30
SEKURITIND,,Consumer Cyclical,Auto Parts,auto-parts,,2026-08-30
SELMC,,Consumer Cyclical,Textile Manufacturing,textile-manufacturing,,2026-08-30
SEMAC,,Industrials,Engineering & Construction,engineering-construction,,2026-08-30
SENCO,,Consumer Cyclical,Luxury Goods,luxury-goods,,2026-08-30
SENORES,,Healthcare,Drug Manufacturers - General,drug-manufacturers-general,,2026-08-30
SEPC,,Industrials,Engineering & Construction,engineering-construction,,2026-08-30
SERVOTECH,,Industrials,Electrical Equipment & Parts,electrical-equipment-parts,,2026-08-30
SESHAPAPER,,Basic Materials,Paper & Paper Products,paper-paper-products,,2026-08-30
SETCO,,Consumer Cyclical,Auto Parts,auto-parts,,2026-08-30
SETL,,Industrials,Specialty Industrial Machinery,specialty-industrial-machinery,,2026-08-30
SEYAIND,,Basic Materials,Specialty Chemicals,specialty-chemicals,,2026-08-30
SFL,,Consumer Cyclical,"Furnishings, Fixtures & Appliances",furnishings-fixtures-appliances,,2026-08-30
SGFIN,,Financial Services,Capital Markets,capital-markets,,2026-08-30
SGIL,,Industrials,Metal Fabrication,metal-fabrication,,2026-08-30
SGL,,Consumer Cyclical,Textile Manufacturing,textile-manufacturing,,2026-08-30
SGLRES,,Technology,Software - Application,software-application,,2026-08-30
SGMART,,Industrials,Industrial Distribution,industrial-distribution,,2026-08-30
SGRL,,Healthcare,Drug Manufacturers - Specialty & Generic,drug-manufacturers-specialty-generic,,2026-08-30
SHADOWFAX,,Industrials,Integrated Freight & Logistics,integrated-freight-logistics,,2026-08-30
SHAH,,Basic Materials,Steel,steel,,2026-08-30
SHAHALLOYS,,Basic Materials,Steel,steel,,2026-08-30
SHAILY,,Basic Materials,Specialty Chemicals,specialty-chemicals,,2026-08-30
SHAKTIPUMP,,Industrials,Specialty Industrial Machinery,specialty-industrial-machinery,,2026-08-30
SHALBY,,Healthcare,Medical Care Facilities,medical-care-facilities,,2026-08-30
SHALPAINTS,,Basic Materials,Specialty Chemicals,specialty-chemicals,,2026-08-30
SHANKARA,,Consumer Cyclical,Home Improvement Retail,home-improvement-retail,,2026-08-30
SHANKESH,,Consumer Cyclical,Luxury Goods,luxury-goods,,2026-08-30
SHANTI,,Consumer Defensive,Farm Products,farm-products,,2026-08-30
SHANTIGEAR,,Industrials,Specialty Industrial Machinery,specialty-industrial-machinery,,2026-08-30
SHANTIGOLD,,Consumer Cyclical,Luxury Goods,luxury-goods,,2026-08-30
SHARDACROP,,Basic Materials,Agricultural Inputs,agricultural-inputs,,2026-08-30
SHARDAMOTR,,Consumer Cyclical,Auto Parts,auto-parts,,2026-08-30
SHARDUL,,Financial Services,Capital Markets,capital-markets,,2026-08-30
SHAREINDIA,,Financial Services,Capital Markets,capital-markets,,2026-08-30
SHBAJRG,,Basic Materials,Steel,steel,,2026-08-30
SHEKHAWATI,,Consumer Cyclical,Textile Manufacturing,textile-manufacturing,,2026-08-30
SHEMAROO,,Communication Services,Entertainment,entertainment,,2026-08-30
SHERVANI,,Real Estate,Real Estate - Development,real-estate-development,,2026-08-30
SHILCTECH,,Industrials,Electrical Equipment & Parts,electrical-equipment-parts,,2026-08-30
SHILGRAVQ,,Industrials,Specialty Industrial Machinery,specialty-industrial-machinery,,2026-08-30
SHILPAMED,,Healthcare,Drug Manufacturers - Specialty & Generic,drug-manufacturers-specialty-generic,,2026-08-30
SHINDL,,Consumer Defensive,Farm Products,farm-products,,2026-08-30
SHIPROCKET,,Technology,Software - Application,software-application,,2026-08-30
SHIVAAGRO,,Basic Materials,Agricultural Inputs,agricultural-inputs,,2026-08-30
SHIVACEM,,Basic Materials,Building Materials,building-materials,,2026-08-30
SHIVALIK,,Basic Materials,Agricultural Inputs,agricultural-inputs,,2026-08-30
SHIVAMAUTO,,Consumer Cyclical,Auto Parts,auto-parts,,2026-08-30
SHIVAMILLS,,Consumer Cyclical,Textile Manufacturing,textile-manufacturing,,2026-08-30
SHIVATEX,,Consumer Cyclical,Textile Manufacturing,textile-manufacturing,,2026-08-30
SHIVAUM,,Basic Materials,Steel,steel,,2026-08-30
SHK,,Basic Materials,Specialty Chemicals,specialty-chemicals,,2026-08-30
SHOPERSTOP,,Consumer Cyclical,Department Stores,department-stores,,2026-08-30
SHRADDHA,,Real Estate,Real Estate - Development,real-estate-development,,2026-08-30
SHRADHA,,Real Estate,Real Estate - Development,real-estate-development,,2026-08-30
SHREDIGCEM,,Basic Materials,Building Materials,building-materials,,2026-08-30
SHREECEM,,Basic Materials,Building Materials,building-materials,,2026-08-30
SHREEJISPG,,Industrials,Marine Shipping,marine-shipping,,2026-08-30
SHREEPUSHK,,Basic Materials,Specialty Chemicals,specialty-chemicals,,2026-08-30
SHREERAMA,,Consumer Cyclical,Packaging & Containers,packaging-containers,,2026-08-30
SHREYANIND,,Basic Materials,Paper & Paper Products,paper-paper-products,,2026-08-30
SHRIKRISH,,,,,,2026-08-30
SHRINGARMS,,Consumer Cyclical,Luxury Goods,luxury-goods,,2026-08-30
SHRIPISTON,,Consumer Cyclical,Auto Parts,auto-parts,,2026-08-30
SHRIRAMFIN,,Financial Services,Credit Services,credit-services,,2026-08-30
SHRIRAMPPS,,Real Estate,Real Estate - Development,real-estate-development,,2026-08-30
SHRJAGP,,Consumer Cyclical,Textile Manufacturing,textile-manufacturing,,2026-08-30
SHUKRAPHAR,,Healthcare,Drug Manufacturers - Specialty & Generic,drug-manufacturers-specialty-generic,,2026-08-30
SHYAMCENT,,Basic Materials,Steel,steel,,2026-08-30
SHYAMMETL,,Basic Materials,Steel,steel,,2026-08-30
SHYAMTEL,,Technology,Communication Equipment,communication-equipment,,2026-08-30
SICAGEN,,Basic Materials,Steel,steel,,2026-08-30
SICALLOG,,Industrials,Integrated Freight & Logistics,integrated-freight-logistics,,2026-08-30
SIEL,,Consumer Cyclical,Packaging & Containers,packaging-containers,,2026-08-30
SIEMENS,,Industrials,Specialty Industrial Machinery,specialty-industrial-machinery,,2026-08-30
SIGACHI,,Healthcare,Drug Manufacturers - Specialty & Generic,drug-manufacturers-specialty-generic,,2026-08-30
SIGIND,,Industrials,Conglomerates,conglomerates,,2026-08-30
SIGMA,,Technology,Information Technology Services,information-technology-services,,2026-08-30
SIGMAADV,,Industrials,Aerospace & Defense,aerospace-defense,,2026-08-30
SIGNATURE,,Real Estate,Real Estate - Development,real-estate-development,,2026-08-30
SIGNPOST,,Communication Services,Advertising Agencies,advertising-agencies,,2026-08-30
SIKA,,Industrials,Aerospace & Defense,aerospace-defense,,2026-08-30
SIKKO,,Basic Materials,Agricultural Inputs,agricultural-inputs,,2026-08-30
SIL,,Consumer Cyclical,Textile Manufacturing,textile-manufacturing,,2026-08-30
SILGO,,Consumer Cyclical,Luxury Goods,luxury-goods,,2026-08-30
SILINV,,Financial Services,Asset Management,asset-management,,2026-08-30
SILLYMONKS,,Communication Services,Entertainment,entertainment,,2026-08-30
SILVERTUC,,Technology,Information Technology Services,information-technology-services,,2026-08-30
SIMPLEXINF,,Industrials,Engineering & Construction,engineering-construction,,2026-08-30
SIMPLXREA,,Real Estate,Real Estate - Development,real-estate-development,,2026-08-30
SINCLAIR,,Consumer Cyclical,Lodging,lodging,,2026-08-30
SINDHUTRAD,,Industrials,Conglomerates,conglomerates,,2026-08-30
SINGERIND,,,,,,2026-08-30
SINTERCOM,,Consumer Cyclical,Auto Parts,auto-parts,,2026-08-30
SIRCA,,Basic Materials,Specialty Chemicals,specialty-chemicals,,2026-08-30
SIS,,Industrials,Security & Protection Services,security-protection-services,,2026-08-30
SIYSIL,,Consumer Cyclical,Textile Manufacturing,textile-manufacturing,,2026-08-30
SJS,,Consumer Cyclical,Auto Parts,auto-parts,,2026-08-30
SJVN,,Utilities,Utilities - Renewable,utilities-renewable,,2026-08-30
SKFINDIA,,Industrials,Tools & Accessories,tools-accessories,,2026-08-30
SKFINDUS,,Industrials,Tools & Accessories,tools-accessories,,2026-08-30
SKIPPER,,Industrials,Engineering & Construction,engineering-construction,,2026-08-30
SKMEGGPROD,,Consumer Defensive,Packaged Foods,packaged-foods,,2026-08-30
SKYGOLD,,Consumer Cyclical,Luxury Goods,luxury-goods,,2026-08-30
SMARTLINK,,Technology,Communication Equipment,communication-equipment,,2026-08-30
SMARTWORKS,,Real Estate,Real Estate Services,real-estate-services,,2026-08-30
SMCGLOBAL,,Financial Services,Capital Markets,capital-markets,,2026-08-30
SMLMAH,,Consumer Cyclical,Auto Manufacturers,auto-manufacturers,,2026-08-30
SMLT,,Industrials,Metal Fabrication,metal-fabrication,,2026-08-30
SMSPHARMA,,Healthcare,Drug Manufacturers - General,drug-manufacturers-general,,2026-08-30
SNOWMAN,,Industrials,Integrated Freight & Logistics,integrated-freight-logistics,,2026-08-30
SOBHA,,Real Estate,Real Estate - Development,real-estate-development,,2026-08-30
SOFTTECH,,Technology,Software - Application,software-application,,2026-08-30
SOLARA,,Healthcare,Drug Manufacturers - Specialty & Generic,drug-manufacturers-specialty-generic,,2026-08-30
SOLARINDS,,Basic Materials,Specialty Chemicals,specialty-chemicals,,2026-08-30
SOLARWORLD,,Technology,Solar,solar,,2026-08-30
SOLEX,,Technology,Solar,solar,,2026-08-30
SOMANYCERA,,Industrials,Building Products & Equipment,building-products-equipment,,2026-08-30
SOMATEX,,Consumer Cyclical,Textile Manufacturing,textile-manufacturing,,2026-08-30
SOMICONVEY,,Industrials,Specialty Industrial Machinery,specialty-industrial-machinery,,2026-08-30
SONACOMS,,Consumer Cyclical,Auto Parts,auto-parts,,2026-08-30
SONAL,,Financial Services,Credit Services,credit-services,,2026-08-30
SONAMLTD,,Consumer Cyclical,"Furnishings, Fixtures & Appliances",furnishings-fixtures-appliances,,2026-08-30
SONATSOFTW,,Technology,Information Technology Services,information-technology-services,,2026-08-30
SOTL,,Basic Materials,Specialty Chemicals,specialty-chemicals,,2026-08-30
SOUTHBANK,,Financial Services,Banks - Regional,banks-regional,,2026-08-30
SOUTHWEST,,Energy,Oil & Gas Equipment & Services,oil-gas-equipment-services,,2026-08-30
SPAL,,Consumer Cyclical,Apparel Manufacturing,apparel-manufacturing,,2026-08-30
SPANDANA,,Financial Services,Credit Services,credit-services,,2026-08-30
SPARC,,Healthcare,Drug Manufacturers - Specialty & Generic,drug-manufacturers-specialty-generic,,2026-08-30
SPCENET,,Financial Services,Capital Markets,capital-markets,,2026-08-30
SPECIALITY,,Consumer Cyclical,Restaurants,restaurants,,2026-08-30
SPECTRUM,,Industrials,Electrical Equipment & Parts,electrical-equipment-parts,,2026-08-30
SPELS,,Technology,Semiconductors,semiconductors,,2026-08-30
SPENCERS,,Consumer Cyclical,Department Stores,department-stores,,2026-08-30
SPIC,,Basic Materials,Agricultural Inputs,agricultural-inputs,,2026-08-30
SPLIL,,Consumer Cyclical,Apparel Manufacturing,apparel-manufacturing,,2026-08-30
SPLPETRO,,Basic Materials,Specialty Chemicals,specialty-chemicals,,2026-08-30
SPMLINFRA,,Industrials,Engineering & Construction,engineering-construction,,2026-08-30
SPORTKING,,Consumer Cyclical,Textile Manufacturing,textile-manufacturing,,2026-08-30
SRD,,Basic Materials,Specialty Chemicals,specialty-chemicals,,2026-08-30
SREEL,,Consumer Cyclical,Footwear & Accessories,footwear-accessories,,2026-08-30
SRF,,Industrials,Conglomerates,conglomerates,,2026-08-30
SRGHFL,,Financial Services,Mortgage Finance,mortgage-finance,,2026-08-30
SRHHYPOLTD,,Basic Materials,Chemicals,chemicals,,2026-08-30
SRIKPRIND,,Industrials,Building Products & Equipment,building-products-equipment,,2026-08-30
SRM,,Industrials,Engineering & Construction,engineering-construction,,2026-08-30
SRTL,,Consumer Cyclical,Textile Manufacturing,textile-manufacturing,,2026-08-30
SSDL,,Consumer Cyclical,Apparel Retail,apparel-retail,,2026-08-30
SSWL,,Consumer Cyclical,Auto Parts,auto-parts,,2026-08-30
STALLION,,Basic Materials,Specialty Chemicals,specialty-chemicals,,2026-08-30
STANLEY,,Consumer Cyclical,"Furnishings, Fixtures & Appliances",furnishings-fixtures-appliances,,2026-08-30
STAR,,Healthcare,Drug Manufacturers - Specialty & Generic,drug-manufacturers-specialty-generic,,2026-08-30
STARCEMENT,,Basic Materials,Building Materials,building-materials,,2026-08-30
STARHEALTH,,Financial Services,Insurance - Life,insurance-life,,2026-08-30
STARPAPER,,Basic Materials,Paper & Paper Products,paper-paper-products,,2026-08-30
STARTECK,,Financial Services,Credit Services,credit-services,,2026-08-30
STCINDIA,,Industrials,Conglomerates,conglomerates,,2026-08-30
STEELCAS,,Basic Materials,Steel,steel,,2026-08-30
STEELCITY,,Financial Services,Capital Markets,capital-markets,,2026-08-30
STEELXIND,,Basic Materials,Steel,steel,,2026-08-30
STEL,,Financial Services,Asset Management,asset-management,,2026-08-30
STERTOOLS,,Industrials,Tools & Accessories,tools-accessories,,2026-08-30
STLNETWORK,,Communication Services,Telecom Services,telecom-services,,2026-08-30
STLSTRINF,,Real Estate,Real Estate Services,real-estate-services,,2026-08-30
STLTECH,,Technology,Communication Equipment,communication-equipment,,2026-08-30
STOVEKRAFT,,Consumer Cyclical,"Furnishings, Fixtures & Appliances",furnishings-fixtures-appliances,,2026-08-30
STUDDS,,Consumer Cyclical,Auto Parts,auto-parts,,2026-08-30
STYL,,Technology,Software - Infrastructure,software-infrastructure,,2026-08-30
STYLAMIND,,Consumer Cyclical,"Furnishings, Fixtures & Appliances",furnishings-fixtures-appliances,,2026-08-30
STYLEBAAZA,,Consumer Cyclical,Apparel Retail,apparel-retail,,2026-08-30
STYRENIX,,Basic Materials,Chemicals,chemicals,,2026-08-30
SUBEXLTD,,Technology,Software - Application,software-application,,2026-08-30
SUBROS,,Consumer Cyclical,Auto Parts,auto-parts,,2026-08-30
SUDARCOLOR,,Basic Materials,Specialty Chemicals,specialty-chemicals,,2026-08-30
SUDARSCHEM,,Basic Materials,Specialty Chemicals,specialty-chemicals,,2026-08-30
SUDEEPPHRM,,Healthcare,Drug Manufacturers - Specialty & Generic,drug-manufacturers-specialty-generic,,2026-08-30
SUKHJITS,,Basic Materials,Specialty Chemicals,specialty-chemicals,,2026-08-30
SULA,,Consumer Defensive,Beverages - Wineries & Distilleries,beverages-wineries-distilleries,,2026-08-30
SUMEDHA,,Financial Services,Capital Markets,capital-markets,,2026-08-30
SUMEETINDS,,Consumer Cyclical,Textile Manufacturing,textile-manufacturing,,2026-08-30
SUMICHEM,,Basic Materials,Agricultural Inputs,agricultural-inputs,,2026-08-30
SUMIT,,Real Estate,Real Estate - Development,real-estate-development,,2026-08-30
SUMMITSEC,,Financial Services,Capital Markets,capital-markets,,2026-08-30
SUNCLAY,,Industrials,Metal Fabrication,metal-fabrication,,2026-08-30
SUNDARAM,,Basic Materials,Paper & Paper Products,paper-paper-products,,2026-08-30
SUNDARMFIN,,Financial Services,Credit Services,credit-services,,2026-08-30
SUNDRMBRAK,,Consumer Cyclical,Auto Parts,auto-parts,,2026-08-30
SUNDRMFAST,,Consumer Cyclical,Auto Parts,auto-parts,,2026-08-30
SUNDROP,,Consumer Defensive,Packaged Foods,packaged-foods,,2026-08-30
SUNFLAG,,Basic Materials,Steel,steel,,2026-08-30
SUNLOC,,Healthcare,Drug Manufacturers - Specialty & Generic,drug-manufacturers-specialty-generic,,2026-08-30
SUNPHARMA,,Healthcare,Drug Manufacturers - Specialty & Generic,drug-manufacturers-specialty-generic,,2026-08-30
SUNRAKSHAK,,Consumer Cyclical,Textile Manufacturing,textile-manufacturing,,2026-08-30
SUNSHIEL,,Basic Materials,Specialty Chemicals,specialty-chemicals,,2026-08-30
SUNSHINE,,Communication Services,Entertainment,entertainment,,2026-08-30
SUNTECK,,Real Estate,Real Estate - Development,real-estate-development,,2026-08-30
SUNTV,,Communication Services,Broadcasting,broadcasting,,2026-08-30
SUPERHOUSE,,Consumer Cyclical,Footwear & Accessories,footwear-accessories,,2026-08-30
SUPERSPIN,,Consumer Cyclical,Textile Manufacturing,textile-manufacturing,,2026-08-30
SUPRAJIT,,Consumer Cyclical,Auto Parts,auto-parts,,2026-08-30
SUPREME,,Real Estate,Real Estate - Development,real-estate-development,,2026-08-30
SUPREMEIND,,Industrials,Building Products & Equipment,building-products-equipment,,2026-08-30
SUPREMEINF,,Industrials,Engineering & Construction,engineering-construction,,2026-08-30
SUPRIYA,,Healthcare,Biotechnology,biotechnology,,2026-08-30
SUPTANERY,,Consumer Cyclical,Footwear & Accessories,footwear-accessories,,2026-08-30
SURAJEST,,Real Estate,Real Estate - Development,real-estate-development,,2026-08-30
SURAJLTD,,Basic Materials,Steel,steel,,2026-08-30
SURAKSHA,,Healthcare,Diagnostics & Research,diagnostics-research,,2026-08-30
SURANASOL,,Technology,Solar,solar,,2026-08-30
SURANAT&P,,Utilities,Utilities - Independent Power Producers,utilities-independent-power-producers,,2026-08-30
SURYALA,,Consumer Cyclical,Textile Manufacturing,textile-manufacturing,,2026-08-30
SURYALAXMI,,Consumer Cyclical,Textile Manufacturing,textile-manufacturing,,2026-08-30
SURYAROSNI,,Basic Materials,Steel,steel,,2026-08-30
SURYODAY,,Financial Services,Banks - Regional,banks-regional,,2026-08-30
SUTLEJTEX,,Consumer Cyclical,Textile Manufacturing,textile-manufacturing,,2026-08-30
SUVEN,,Healthcare,Drug Manufacturers - Specialty & Generic,drug-manufacturers-specialty-generic,,2026-08-30
SUVIDHAA,,Technology,Information Technology Services,information-technology-services,,2026-08-30
SUYOG,,Communication Services,Telecom Services,telecom-services,,2026-08-30
SUZLON,,Industrials,Specialty Industrial Machinery,specialty-industrial-machinery,,2026-08-30
SVGLOBAL,,Real Estate,Real Estate Services,real-estate-services,,2026-08-30
SVLL,,Industrials,Trucking,trucking,,2026-08-30
SVPGLOB,,Consumer Cyclical,Textile Manufacturing,textile-manufacturing,,2026-08-30
SWANCORP,,Industrials,Conglomerates,conglomerates,,2026-08-30
SWANDEF,,Industrials,Aerospace & Defense,aerospace-defense,,2026-08-30
SWARAJ,,Consumer Cyclical,Textile Manufacturing,textile-manufacturing,,2026-08-30
SWARAJENG,,Consumer Cyclical,Auto Parts,auto-parts,,2026-08-30
SWARNSAR,,Consumer Cyclical,Luxury Goods,luxury-goods,,2026-08-30
SWELECTES,,Technology,Solar,solar,,2026-08-30
SWIGGY,,Consumer Cyclical,Internet Retail,internet-retail,,2026-08-30
SWISSMLTRY,,Consumer Cyclical,Apparel Manufacturing,apparel-manufacturing,,2026-08-30
SWSOLAR,,Technology,Solar,solar,,2026-08-30
SYMPHONY,,Consumer Cyclical,"Furnishings, Fixtures & Appliances",furnishings-fixtures-appliances,,2026-08-30
SYNCOMF,,Healthcare,Drug Manufacturers - Specialty & Generic,drug-manufacturers-specialty-generic,,2026-08-30
SYNGENE,,Healthcare,Diagnostics & Research,diagnostics-research,,2026-08-30
SYRMA,,Technology,Electronic Components,electronic-components,,2026-08-30
SYSTMTXC,,Financial Services,Capital Markets,capital-markets,,2026-08-30
TAALTECH,,Industrials,Airports & Air Services,airports-air-services,,2026-08-30
TAINWALCHM,,Basic Materials,Specialty Chemicals,specialty-chemicals,,2026-08-30
TAJGVK,,Consumer Cyclical,Lodging,lodging,,2026-08-30
TAKE,,Healthcare,Health Information Services,health-information-services,,2026-08-30
TALBROAUTO,,Consumer Cyclical,Auto Parts,auto-parts,,2026-08-30
TAMBOLIIN,,Industrials,Metal Fabrication,metal-fabrication,,2026-08-30
TANAA,,,,,,2026-08-30
TANLA,,Technology,Software - Application,software-application,,2026-08-30
TARACHAND,,Industrials,Farm & Heavy Construction Machinery,farm-heavy-construction-machinery,,2026-08-30
TARAPUR,,Industrials,Specialty Industrial Machinery,specialty-industrial-machinery,,2026-08-30
TARC,,Real Estate,Real Estate - Development,real-estate-development,,2026-08-30
TARIL,,Industrials,Electrical Equipment & Parts,electrical-equipment-parts,,2026-08-30
TARMAT,,Industrials,Engineering & Construction,engineering-construction,,2026-08-30
TARSONS,,Healthcare,Medical Instruments & Supplies,medical-instruments-supplies,,2026-08-30
TASTYBITE,,Consumer Defensive,Packaged Foods,packaged-foods,,2026-08-30
TATACAP,,Financial Services,Credit Services,credit-services,,2026-08-30
TATACHEM,,Basic Materials,Chemicals,chemicals,,2026-08-30
TATACOMM,,Communication Services,Telecom Services,telecom-services,,2026-08-30
TATACONSUM,,Consumer Defensive,Packaged Foods,packaged-foods,,2026-08-30
TATAELXSI,,Technology,Software - Application,software-application,,2026-08-30
TATAINVEST,,Financial Services,Asset Management,asset-management,,2026-08-30
TATAPOWER,,Utilities,Utilities - Independent Power Producers,utilities-independent-power-producers,,2026-08-30
TATASTEEL,,Basic Materials,Steel,steel,,2026-08-30
TATATECH,,Technology,Information Technology Services,information-technology-services,,2026-08-30
TATVA,,Basic Materials,Specialty Chemicals,specialty-chemicals,,2026-08-30
TBOTEK,,Consumer Cyclical,Travel Services,travel-services,,2026-08-30
TBZ,,Consumer Cyclical,Luxury Goods,luxury-goods,,2026-08-30
TCC,,,,,,2026-08-30
TCI,,Industrials,Integrated Freight & Logistics,integrated-freight-logistics,,2026-08-30
TCIEXP,,Industrials,Integrated Freight & Logistics,integrated-freight-logistics,,2026-08-30
TCIFINANCE,,Financial Services,Credit Services,credit-services,,2026-08-30
TCPLPACK,,Consumer Cyclical,Packaging & Containers,packaging-containers,,2026-08-30
TCS,,Technology,Information Technology Services,information-technology-services,,2026-08-30
TDPOWERSYS,,Industrials,Specialty Industrial Machinery,specialty-industrial-machinery,,2026-08-30
TEAMGTY,,Financial Services,Asset Management,asset-management,,2026-08-30
TEAMLEASE,,Industrials,Staffing & Employment Services,staffing-employment-services,,2026-08-30
TECHM,,Technology,Information Technology Services,information-technology-services,,2026-08-30
TECHNOCRAF,,Industrials,Infrastructure Operations,infrastructure-operations,,2026-08-30
TECHNOE,,Industrials,Engineering & Construction,engineering-construction,,2026-08-30
TECHNVISN,,Technology,Software - Application,software-application,,2026-08-30
TECILCHEM,,Financial Services,Shell Companies,shell-companies,,2026-08-30
TEGA,,Industrials,Specialty Industrial Machinery,specialty-industrial-machinery,,2026-08-30
TEJASNET,,Technology,Communication Equipment,communication-equipment,,2026-08-30
TEMBO,,Industrials,Metal Fabrication,metal-fabrication,,2026-08-30
TENNIND,,Consumer Cyclical,Auto Parts,auto-parts,,2026-08-30
TERAI,,Consumer Defensive,Farm Products,farm-products,,2026-08-30
TERASOFT,,Technology,Information Technology Services,information-technology-services,,2026-08-30
TEXINFRA,,Real Estate,Real Estate Services,real-estate-services,,2026-08-30
TEXMOPIPES,,Industrials,Building Products & Equipment,building-products-equipment,,2026-08-30
TEXRAIL,,Industrials,Railroads,railroads,,2026-08-30
TFCILTD,,Financial Services,Credit Services,credit-services,,2026-08-30
TFL,,Financial Services,Mortgage Finance,mortgage-finance,,2026-08-30
TGBHOTELS,,Consumer Cyclical,Lodging,lodging,,2026-08-30
TGVSL,,Basic Materials,Chemicals,chemicals,,2026-08-30
THACKER,,Financial Services,Asset Management,asset-management,,2026-08-30
THAKDEV,,Real Estate,Real Estate - Development,real-estate-development,,2026-08-30
THANGAMAYL,,Consumer Cyclical,Luxury Goods,luxury-goods,,2026-08-30
THEINVEST,,Financial Services,Capital Markets,capital-markets,,2026-08-30
THEJO,,Industrials,Specialty Industrial Machinery,specialty-industrial-machinery,,2026-08-30
THELEELA,,Consumer Cyclical,Lodging,lodging,,2026-08-30
THEMISMED,,Healthcare,Drug Manufacturers - Specialty & Generic,drug-manufacturers-specialty-generic,,2026-08-30
THERMAX,,Industrials,Conglomerates,conglomerates,,2026-08-30
THOMASCOOK,,Consumer Cyclical,Travel Services,travel-services,,2026-08-30
THOMASCOTT,,Consumer Cyclical,Textile Manufacturing,textile-manufacturing,,2026-08-30
THYROCARE,,Healthcare,Diagnostics & Research,diagnostics-research,,2026-08-30
TI,,Consumer Defensive,Beverages - Wineries & Distilleries,beverages-wineries-distilleries,,2026-08-30
TICL,,Industrials,Engineering & Construction,engineering-construction,,2026-08-30
TIGERLOGS,,Industrials,Integrated Freight & Logistics,integrated-freight-logistics,,2026-08-30
TIIL,,Industrials,Tools & Accessories,tools-accessories,,2026-08-30
TIINDIA,,Industrials,Conglomerates,conglomerates,,2026-08-30
TIJARIA,,Industrials,Building Products & Equipment,building-products-equipment,,2026-08-30
TIL,,Industrials,Farm & Heavy Construction Machinery,farm-heavy-construction-machinery,,2026-08-30
TIMETECHNO,,Consumer Cyclical,Packaging & Containers,packaging-containers,,2026-08-30
TIMEX,,Consumer Cyclical,Luxury Goods,luxury-goods,,2026-08-30
TIMKEN,,Industrials,Tools & Accessories,tools-accessories,,2026-08-30
TINNARUBR,,Basic Materials,Specialty Chemicals,specialty-chemicals,,2026-08-30
TIPSFILMS,,Communication Services,Entertainment,entertainment,,2026-08-30
TIPSMUSIC,,Communication Services,Entertainment,entertainment,,2026-08-30
TIRUMALCHM,,Basic Materials,Specialty Chemicals,specialty-chemicals,,2026-08-30
TIRUPATIFL,,Industrials,Metal Fabrication,metal-fabrication,,2026-08-30
TITAGARH,,Industrials,Railroads,railroads,,2026-08-30
TITAN,,Consumer Cyclical,Luxury Goods,luxury-goods,,2026-08-30
TMB,,Financial Services,Banks - Regional,banks-regional,,2026-08-30
TMCV,,Consumer Cyclical,Auto Manufacturers,auto-manufacturers,,2026-08-30
TMPV,,Consumer Cyclical,Auto Manufacturers,auto-manufacturers,,2026-08-30
TNPETRO,,Basic Materials,Specialty Chemicals,specialty-chemicals,,2026-08-30
TNPL,,Basic Materials,Paper & Paper Products,paper-paper-products,,2026-08-30
TNTELE,,Technology,Communication Equipment,communication-equipment,,2026-08-30
TOKYOPLAST,,Consumer Cyclical,Packaging & Containers,packaging-containers,,2026-08-30
TOLINS,,Consumer Cyclical,Auto Parts,auto-parts,,2026-08-30
TORNTPHARM,,Healthcare,Drug Manufacturers - Specialty & Generic,drug-manufacturers-specialty-generic,,2026-08-30
TORNTPOWER,,Utilities,Utilities - Independent Power Producers,utilities-independent-power-producers,,2026-08-30
TOTAL,,Industrials,Integrated Freight & Logistics,integrated-freight-logistics,,2026-08-30
TOUCHWOOD,,Communication Services,Advertising Agencies,advertising-agencies,,2026-08-30
TOYAMSL,,Industrials,Conglomerates,conglomerates,,2026-08-30
TPHQ,,Industrials,Engineering & Construction,engineering-construction,,2026-08-30
TPLPLASTEH,,Consumer Cyclical,Packaging & Containers,packaging-containers,,2026-08-30
TRACXN,,Technology,Software - Application,software-application,,2026-08-30
TRANSCOR,,Financial Services,Capital Markets,capital-markets,,2026-08-30
TRANSPEK,,Basic Materials,Chemicals,chemicals,,2026-08-30
TRANSRAILL,,Industrials,Engineering & Construction,engineering-construction,,2026-08-30
TRANSWORLD,,Industrials,Marine Shipping,marine-shipping,,2026-08-30
TRAVELFOOD,,Consumer Cyclical,Restaurants,restaurants,,2026-08-30
TREEHOUSE,,Consumer Defensive,Education & Training Services,education-training-services,,2026-08-30
TREJHARA,,Technology,Software - Application,software-application,,2026-08-30
TREL,,Real Estate,Real Estate Services,real-estate-services,,2026-08-30
TRENT,,Consumer Cyclical,Apparel Retail,apparel-retail,,2026-08-30
TRF,,Industrials,Specialty Industrial Machinery,specialty-industrial-machinery,,2026-08-30
TRIDENT,,Consumer Cyclical,Textile Manufacturing,textile-manufacturing,,2026-08-30
TRIGYN,,Technology,Information Technology Services,information-technology-services,,2026-08-30
TRITONV,,Consumer Cyclical,Auto Parts,auto-parts,,2026-08-30
TRITURBINE,,Industrials,Specialty Industrial Machinery,specialty-industrial-machinery,,2026-08-30
TRIVENI,,Consumer Defensive,Confectioners,confectioners,,2026-08-30
TRU,,Financial Services,Credit Services,credit-services,,2026-08-30
TRUALT,,Energy,Oil & Gas Refining & Marketing,oil-gas-refining-marketing,,2026-08-30
TSFINV,,Financial Services,Asset Management,asset-management,,2026-08-30
TTKHLTCARE,,Healthcare,Drug Manufacturers - General,drug-manufacturers-general,,2026-08-30
TTKPRESTIG,,Consumer Cyclical,"Furnishings, Fixtures & Appliances",furnishings-fixtures-appliances,,2026-08-30
TTL,,Consumer Cyclical,Textile Manufacturing,textile-manufacturing,,2026-08-30
TTML,,Communication Services,Telecom Services,telecom-services,,2026-08-30
TURTLEMINT,,Financial Services,Insurance Brokers,insurance-brokers,,2026-08-30
TUTIALKA,,Basic Materials,Agricultural Inputs,agricultural-inputs,,2026-08-30
TVSELECT,,Technology,Computer Hardware,computer-hardware,,2026-08-30
TVSHLTD,,Consumer Cyclical,Auto Parts,auto-parts,,2026-08-30
TVSMOTOR,,Consumer Cyclical,Auto Manufacturers,auto-manufacturers,,2026-08-30
TVSSCS,,Industrials,Integrated Freight & Logistics,integrated-freight-logistics,,2026-08-30
TVSSRICHAK,,Consumer Cyclical,Auto Parts,auto-parts,,2026-08-30
TVTODAY,,Communication Services,Broadcasting,broadcasting,,2026-08-30
TVVISION,,Communication Services,Broadcasting,broadcasting,,2026-08-30
UBL,,Consumer Defensive,Beverages - Brewers,beverages-brewers,,2026-08-30
UCAL,,Consumer Cyclical,Auto Parts,auto-parts,,2026-08-30
UCOBANK,,Financial Services,Banks - Regional,banks-regional,,2026-08-30
UDAYJEW,,Consumer Cyclical,Luxury Goods,luxury-goods,,2026-08-30
UDS,,Industrials,Specialty Business Services,specialty-business-services,,2026-08-30
UEL,,Technology,Solar,solar,,2026-08-30
UFBL,,Consumer Cyclical,Restaurants,restaurants,,2026-08-30
UFLEX,,Consumer Cyclical,Packaging & Containers,packaging-containers,,2026-08-30
UFO,,Communication Services,Entertainment,entertainment,,2026-08-30
UGARSUGAR,,Consumer Defensive,Confectioners,confectioners,,2026-08-30
UGROCAP,,Financial Services,Credit Services,credit-services,,2026-08-30
UJJIVANSFB,,Financial Services,Banks - Regional,banks-regional,,2026-08-30
ULTRACEMCO,,Basic Materials,Building Materials,building-materials,,2026-08-30
ULTRAMAR,,Basic Materials,Specialty Chemicals,specialty-chemicals,,2026-08-30
UMAEXPORTS,,Consumer Defensive,Farm Products,farm-products,,2026-08-30
UMESLTD,,Consumer Defensive,Education & Training Services,education-training-services,,2026-08-30
UMIYA-MRO,,Real Estate,Real Estate - Development,real-estate-development,,2026-08-30
UNICHEMLAB,,Healthcare,Drug Manufacturers - Specialty & Generic,drug-manufacturers-specialty-generic,,2026-08-30
UNIDT,,Energy,Oil & Gas Equipment & Services,oil-gas-equipment-services,,2026-08-30
UNIECOM,,Technology,Software - Application,software-application,,2026-08-30
UNIENTER,,Basic Materials,Chemicals,chemicals,,2026-08-30
UNIINFO,,Communication Services,Telecom Services,telecom-services,,2026-08-30
UNIMECH,,Industrials,Aerospace & Defense,aerospace-defense,,2026-08-30
UNIONBANK,,Financial Services,Banks - Regional,banks-regional,,2026-08-30
UNIPARTS,,Industrials,Farm & Heavy Construction Machinery,farm-heavy-construction-machinery,,2026-08-30
UNITDSPR,,Consumer Defensive,Beverages - Wineries & Distilleries,beverages-wineries-distilleries,,2026-08-30
UNITECH,,Real Estate,Real Estate - Diversified,real-estate-diversified,,2026-08-30
UNITEDPOLY,,Consumer Cyclical,Textile Manufacturing,textile-manufacturing,,2026-08-30
UNITEDTEA,,Consumer Defensive,Farm Products,farm-products,,2026-08-30
UNIVASTU,,Industrials,Engineering & Construction,engineering-construction,,2026-08-30
UNIVCABLES,,Industrials,Electrical Equipment & Parts,electrical-equipment-parts,,2026-08-30
UNIVPHOTO,,Healthcare,Medical Devices,medical-devices,,2026-08-30
UNOMINDA,,Consumer Cyclical,Auto Parts,auto-parts,,2026-08-30
UPHOT,,Consumer Cyclical,Lodging,lodging,,2026-08-30
UPL,,Basic Materials,Agricultural Inputs,agricultural-inputs,,2026-08-30
URAVIDEF,,Consumer Cyclical,Auto Parts,auto-parts,,2026-08-30
URBANCO,,Technology,Software - Application,software-application,,2026-08-30
URJA,,Technology,Solar,solar,,2026-08-30
USHAMART,,Basic Materials,Steel,steel,,2026-08-30
USK,,Industrials,Engineering & Construction,engineering-construction,,2026-08-30
UTIAMC,,Financial Services,Asset Management,asset-management,,2026-08-30
UTKARSHBNK,,Financial Services,Banks - Regional,banks-regional,,2026-08-30
UTLSOLAR,,Technology,Solar,solar,,2026-08-30
UTTAMSUGAR,,Consumer Defensive,Confectioners,confectioners,,2026-08-30
UYFINCORP,,Financial Services,Credit Services,credit-services,,2026-08-30
V2RETAIL,,Consumer Cyclical,Apparel Retail,apparel-retail,,2026-08-30
VADILALIND,,Consumer Defensive,Packaged Foods,packaged-foods,,2026-08-30
VADILENT,,Consumer Defensive,Food Distribution,food-distribution,,2026-08-30
VAIBHAVGBL,,Consumer Cyclical,Luxury Goods,luxury-goods,,2026-08-30
VAISHALI,,Healthcare,Drug Manufacturers - Specialty & Generic,drug-manufacturers-specialty-generic,,2026-08-30
VAKRANGEE,,Technology,Information Technology Services,information-technology-services,,2026-08-30
VALIANTLAB,,Healthcare,Drug Manufacturers - Specialty & Generic,drug-manufacturers-specialty-generic,,2026-08-30
VALIANTORG,,Basic Materials,Chemicals,chemicals,,2026-08-30
VAML,,Basic Materials,Aluminum,aluminum,,2026-08-30
VARDHACRLC,,Consumer Cyclical,Textile Manufacturing,textile-manufacturing,,2026-08-30
VARDMNPOLY,,Consumer Cyclical,Textile Manufacturing,textile-manufacturing,,2026-08-30
VARROC,,Consumer Cyclical,Auto Parts,auto-parts,,2026-08-30
VASCONEQ,,Industrials,Engineering & Construction,engineering-construction,,2026-08-30
VASUPRADA,,Consumer Defensive,Farm Products,farm-products,,2026-08-30
VASWANI,,Basic Materials,Steel,steel,,2026-08-30
VBL,,Consumer Defensive,Beverages - Non-Alcoholic,beverages-non-alcoholic,,2026-08-30
VCL,,Consumer Cyclical,Textile Manufacturing,textile-manufacturing,,2026-08-30
VEDAVAAG,,Technology,Information Technology Services,information-technology-services,,2026-08-30
VEDL,,Basic Materials,Other Industrial Metals & Mining,other-industrial-metals-mining,,2026-08-30
VEDPOWER,,Utilities,Utilities - Independent Power Producers,utilities-independent-power-producers,,2026-08-30
VEEDOL,,Basic Materials,Specialty Chemicals,specialty-chemicals,,2026-08-30
VELJAN,,Industrials,Specialty Industrial Machinery,specialty-industrial-machinery,,2026-08-30
VENKEYS,,Consumer Defensive,Farm Products,farm-products,,2026-08-30
VENTIVE,,Consumer Cyclical,Lodging,lodging,,2026-08-30
VENUSPIPES,,Basic Materials,Steel,steel,,2026-08-30
VENUSREM,,Healthcare,Drug Manufacturers - Specialty & Generic,drug-manufacturers-specialty-generic,,2026-08-30
VERANDA,,Consumer Defensive,Education & Training Services,education-training-services,,2026-08-30
VERTOZ,,Technology,Software - Infrastructure,software-infrastructure,,2026-08-30
VESUVIUS,,Industrials,Specialty Industrial Machinery,specialty-industrial-machinery,,2026-08-30
VETO,,Industrials,Electrical Equipment & Parts,electrical-equipment-parts,,2026-08-30
VGCL,,Financial Services,Capital Markets,capital-markets,,2026-08-30
VGL,,Consumer Cyclical,Textile Manufacturing,textile-manufacturing,,2026-08-30
VGUARD,,Industrials,Electrical Equipment & Parts,electrical-equipment-parts,,2026-08-30
VHL,,Financial Services,Credit Services,credit-services,,2026-08-30
VHLTD,,Consumer Cyclical,Lodging,lodging,,2026-08-30
VIDHIING,,Basic Materials,Specialty Chemicals,specialty-chemicals,,2026-08-30
VIDYAWIRES,,Industrials,Electrical Equipment & Parts,electrical-equipment-parts,,2026-08-30
VIJAYA,,Healthcare,Diagnostics & Research,diagnostics-research,,2026-08-30
VIJIFIN,,Financial Services,Credit Services,credit-services,,2026-08-30
VIJSOLX,,,,,,2026-08-30
VIKASECO,,Basic Materials,Specialty Chemicals,specialty-chemicals,,2026-08-30
VIKASLIFE,,Consumer Defensive,Farm Products,farm-products,,2026-08-30
VIKRAMSOLR,,Technology,Solar,solar,,2026-08-30
VIKRAN,,Industrials,Engineering & Construction,engineering-construction,,2026-08-30
VIMTALABS,,Healthcare,Diagnostics & Research,diagnostics-research,,2026-08-30
VINATIORGA,,Basic Materials,Specialty Chemicals,specialty-chemicals,,2026-08-30
VINCOFE,,Consumer Defensive,Beverages - Non-Alcoholic,beverages-non-alcoholic,,2026-08-30
VINDHYATEL,,Industrials,Engineering & Construction,engineering-construction,,2026-08-30
VINEETLAB,,Basic Materials,Chemicals,chemicals,,2026-08-30
VINNY,,Consumer Cyclical,Textile Manufacturing,textile-manufacturing,,2026-08-30
VINYLINDIA,,Basic Materials,Specialty Chemicals,specialty-chemicals,,2026-08-30
VIPCLOTHNG,,Consumer Cyclical,Apparel Manufacturing,apparel-manufacturing,,2026-08-30
VIPIND,,Consumer Cyclical,Footwear & Accessories,footwear-accessories,,2026-08-30
VIPULLTD,,Real Estate,Real Estate - Diversified,real-estate-diversified,,2026-08-30
VIRAT,,Consumer Cyclical,Apparel Manufacturing,apparel-manufacturing,,2026-08-30
VIRINCHI,,Technology,Software - Application,software-application,,2026-08-30
VIRTUALG,,Consumer Defensive,Education & Training Services,education-training-services,,2026-08-30
VISACHROME,,Basic Materials,Steel,steel,,2026-08-30
VISAKAIND,,Industrials,Building Products & Equipment,building-products-equipment,,2026-08-30
VISHAL,,Consumer Cyclical,Textile Manufacturing,textile-manufacturing,,2026-08-30
VISHNU,,Basic Materials,Specialty Chemicals,specialty-chemicals,,2026-08-30
VISHWARAJ,,Consumer Defensive,Confectioners,confectioners,,2026-08-30
VISL,,Basic Materials,Steel,steel,,2026-08-30
VITAL,,Basic Materials,Specialty Chemicals,specialty-chemicals,,2026-08-30
VIVIANA,,Industrials,Engineering & Construction,engineering-construction,,2026-08-30
VIVIDHA,,Consumer Cyclical,Textile Manufacturing,textile-manufacturing,,2026-08-30
VIVIMEDLAB,,Healthcare,Drug Manufacturers - Specialty & Generic,drug-manufacturers-specialty-generic,,2026-08-30
VIVOBIOT,,Healthcare,Biotechnology,biotechnology,,2026-08-30
VIYASH,,Healthcare,Drug Manufacturers - Specialty & Generic,drug-manufacturers-specialty-generic,,2026-08-30
VLEGOV,,Technology,Information Technology Services,information-technology-services,,2026-08-30
VLSFINANCE,,Financial Services,Capital Markets,capital-markets,,2026-08-30
VMART,,Consumer Cyclical,Department Stores,department-stores,,2026-08-30
VMM,,Consumer Cyclical,Department Stores,department-stores,,2026-08-30
VMSTMT,,Basic Materials,Steel,steel,,2026-08-30
VOEPL,,Technology,Consumer Electronics,consumer-electronics,,2026-08-30
VOGL,,Basic Materials,Other Industrial Metals & Mining,other-industrial-metals-mining,,2026-08-30
VOITHPAPR,,Basic Materials,Paper & Paper Products,paper-paper-products,,2026-08-30
VOLTAMP,,Industrials,Electrical Equipment & Parts,electrical-equipment-parts,,2026-08-30
VOLTAS,,Consumer Cyclical,"Furnishings, Fixtures & Appliances",furnishings-fixtures-appliances,,2026-08-30
VPRPL,,Industrials,Engineering & Construction,engineering-construction,,2026-08-30
VRAJ,,Basic Materials,Steel,steel,,2026-08-30
VRLLOG,,Industrials,Trucking,trucking,,2026-08-30
VSSL,,Basic Materials,Steel,steel,,2026-08-30
VSTIND,,Consumer Defensive,Tobacco,tobacco,,2026-08-30
VSTL,,Basic Materials,Steel,steel,,2026-08-30
VSTTILLERS,,Industrials,Farm & Heavy Construction Machinery,farm-heavy-construction-machinery,,2026-08-30
VTL,,Consumer Cyclical,Textile Manufacturing,textile-manufacturing,,2026-08-30
VTMLTD,,Consumer Cyclical,Textile Manufacturing,textile-manufacturing,,2026-08-30
WAAREEENER,,Technology,Solar,solar,,2026-08-30
WAAREEINDO,,Technology,Solar,solar,,2026-08-30
WAAREERTL,,Industrials,Engineering & Construction,engineering-construction,,2026-08-30
WABAG,,Industrials,Engineering & Construction,engineering-construction,,2026-08-30
WAKEFIT,,Consumer Cyclical,"Furnishings, Fixtures & Appliances",furnishings-fixtures-appliances,,2026-08-30
WALCHANNAG,,Industrials,Engineering & Construction,engineering-construction,,2026-08-30
WANBURY,,Healthcare,Drug Manufacturers - Specialty & Generic,drug-manufacturers-specialty-generic,,2026-08-30
WARDINMOBI,,Consumer Cyclical,Auto Manufacturers,auto-manufacturers,,2026-08-30
WATERBASE,,Consumer Defensive,Packaged Foods,packaged-foods,,2026-08-30
WCIL,,Industrials,Integrated Freight & Logistics,integrated-freight-logistics,,2026-08-30
WEALTH,,Financial Services,Capital Markets,capital-markets,,2026-08-30
WEBELSOLAR,,Technology,Solar,solar,,2026-08-30
WEIZMANIND,,Consumer Cyclical,Textile Manufacturing,textile-manufacturing,,2026-08-30
WEL,,Consumer Cyclical,"Furnishings, Fixtures & Appliances",furnishings-fixtures-appliances,,2026-08-30
WELCORP,,Basic Materials,Steel,steel,,2026-08-30
WELENT,,Industrials,Engineering & Construction,engineering-construction,,2026-08-30
WELINV,,Financial Services,Capital Markets,capital-markets,,2026-08-30
WELSPLSOL,,Basic Materials,Steel,steel,,2026-08-30
WELSPUNLIV,,Consumer Cyclical,Textile Manufacturing,textile-manufacturing,,2026-08-30
WENDT,,Industrials,Tools & Accessories,tools-accessories,,2026-08-30
WESTLIFE,,Consumer Cyclical,Restaurants,restaurants,,2026-08-30
WEWIN,,Technology,Information Technology Services,information-technology-services,,2026-08-30
WEWORK,,Real Estate,Real Estate Services,real-estate-services,,2026-08-30
WHBRADY,,Industrials,Industrial Distribution,industrial-distribution,,2026-08-30
WHEELS,,Consumer Cyclical,Auto Parts,auto-parts,,2026-08-30
WHIRLPOOL,,Consumer Cyclical,"Furnishings, Fixtures & Appliances",furnishings-fixtures-appliances,,2026-08-30
WILLAMAGOR,,Financial Services,Credit Services,credit-services,,2026-08-30
WINDLAS,,Healthcare,Drug Manufacturers - Specialty & Generic,drug-manufacturers-specialty-generic,,2026-08-30
WINDMACHIN,,Industrials,Specialty Industrial Machinery,specialty-industrial-machinery,,2026-08-30
WIPL,,Basic Materials,Lumber & Wood Production,lumber-wood-production,,2026-08-30
WIPRO,,Technology,Information Technology Services,information-technology-services,,2026-08-30
WOCKPHARMA,,Healthcare,Drug Manufacturers - Specialty & Generic,drug-manufacturers-specialty-generic,,2026-08-30
WONDERLA,,Consumer Cyclical,Leisure,leisure,,2026-08-30
WORTHPERI,,Consumer Cyclical,Packaging & Containers,packaging-containers,,2026-08-30
WPIL,,Industrials,Specialty Industrial Machinery,specialty-industrial-machinery,,2026-08-30
WSI,,Industrials,Engineering & Construction,engineering-construction,,2026-08-30
WSTCSTPAPR,,Basic Materials,Paper & Paper Products,paper-paper-products,,2026-08-30
XCHANGING,,Technology,Information Technology Services,information-technology-services,,2026-08-30
XELPMOC,,Technology,Information Technology Services,information-technology-services,,2026-08-30
XPROINDIA,,Basic Materials,Specialty Chemicals,specialty-chemicals,,2026-08-30
XTGLOBAL,,Technology,Software - Application,software-application,,2026-08-30
XTRANET,,Technology,Information Technology Services,information-technology-services,,2026-08-30
YASHO,,Basic Materials,Specialty Chemicals,specialty-chemicals,,2026-08-30
YATHARTH,,Healthcare,Medical Care Facilities,medical-care-facilities,,2026-08-30
YATRA,,Consumer Cyclical,Travel Services,travel-services,,2026-08-30
YESBANK,,Financial Services,Banks - Regional,banks-regional,,2026-08-30
YOGI,,Real Estate,Real Estate - Development,real-estate-development,,2026-08-30
YUKEN,,Industrials,Specialty Industrial Machinery,specialty-industrial-machinery,,2026-08-30
ZAGGLE,,Technology,Software - Infrastructure,software-infrastructure,,2026-08-30
ZEEL,,Communication Services,Broadcasting,broadcasting,,2026-08-30
ZEELEARN,,Consumer Defensive,Education & Training Services,education-training-services,,2026-08-30
ZEEMEDIA,,Communication Services,Broadcasting,broadcasting,,2026-08-30
ZENITHEXPO,,Consumer Cyclical,Textile Manufacturing,textile-manufacturing,,2026-08-30
ZENITHSTL,,Basic Materials,Steel,steel,,2026-08-30
ZENSARTECH,,Technology,Information Technology Services,information-technology-services,,2026-08-30
ZENTEC,,Industrials,Aerospace & Defense,aerospace-defense,,2026-08-30
ZFCVINDIA,,Consumer Cyclical,Auto Parts,auto-parts,,2026-08-30
ZFSTEERING,,Consumer Cyclical,Auto Parts,auto-parts,,2026-08-30
ZIMLAB,,Healthcare,Drug Manufacturers - Specialty & Generic,drug-manufacturers-specialty-generic,,2026-08-30
ZODIAC,,,,,,2026-08-30
ZODIACLOTH,,Consumer Cyclical,Apparel Manufacturing,apparel-manufacturing,,2026-08-30
ZOTA,,Healthcare,Biotechnology,biotechnology,,2026-08-30
ZSARACOM,,Financial Services,Asset Management,asset-management,,2026-08-30
ZUARI,,Basic Materials,Agricultural Inputs,agricultural-inputs,,2026-08-30
ZUARIIND,,Industrials,Conglomerates,conglomerates,,2026-08-30
ZYDUSLIFE,,Healthcare,Drug Manufacturers - Specialty & Generic,drug-manufacturers-specialty-generic,,2026-08-30
ZYDUSWELL,,Consumer Defensive,Packaged Foods,packaged-foods,,2026-08-30
