symbol,name,series,listed,source
20MICRONS,20 Microns Limited,EQ,06-OCT-2008,EQUITY_L
21STCENMGM,21st Century Management Services Limited,EQ,03-MAY-1995,EQUITY_L
360ONE,360 ONE WAM LIMITED,EQ,19-SEP-2019,EQUITY_L
3BBLACKBIO,3B Blackbio Dx Limited,EQ,20-APR-2026,EQUITY_L
3IINFOLTD,3i Infotech Limited,BE,22-OCT-2021,EQUITY_L
3MINDIA,3M India Limited,EQ,13-AUG-2004,EQUITY_L
3PLAND,3P Land Holdings Limited,EQ,19-JUL-1995,EQUITY_L
5PAISA,5Paisa Capital Limited,EQ,16-NOV-2017,EQUITY_L
63MOONS,63 moons technologies limited,EQ,20-JUN-2005,EQUITY_L
A2ZINFRA,A2Z Infra Engineering Limited,EQ,23-DEC-2010,EQUITY_L
AAATECH,AAA Technologies Limited,EQ,28-NOV-2022,EQUITY_L
AADHARHFC,Aadhar Housing Finance Limited,EQ,15-MAY-2024,EQUITY_L
AAKASH,Aakash Exploration Services Limited,EQ,29-SEP-2020,EQUITY_L
AAREYDRUGS,Aarey Drugs & Pharmaceuticals Limited,EQ,06-AUG-2021,EQUITY_L
AARNAV,Aarnav Fashions Limited,BE,25-FEB-2026,EQUITY_L
AARON,Aaron Industries Limited,EQ,06-NOV-2020,EQUITY_L
AARTECH,Aartech Solonics Limited,BE,10-JUL-2023,EQUITY_L
AARTIDRUGS,Aarti Drugs Limited,EQ,19-SEP-2003,EQUITY_L
AARTIIND,Aarti Industries Limited,EQ,08-FEB-1995,EQUITY_L
AARTIPHARM,Aarti Pharmalabs Limited,EQ,30-JAN-2023,EQUITY_L
AARTISURF,Aarti Surfactants Limited,BE,14-JUL-2020,EQUITY_L
AARVI,Aarvi Encon Limited,EQ,24-JUN-2020,EQUITY_L
AASTHA,Aastha Spintex Limited,EQ,06-JUL-2026,EQUITY_L
AAVAS,Aavas Financiers Limited,EQ,08-OCT-2018,EQUITY_L
ABAN,Aban Offshore Limited,BE,29-MAR-1995,EQUITY_L
ABANSENT,Abans Enterprises Limited,EQ,20-APR-2026,EQUITY_L
ABB,ABB India Limited,EQ,08-FEB-1995,EQUITY_L
ABBOTINDIA,Abbott India Limited,EQ,08-JAN-2010,EQUITY_L
ABCAPITAL,Aditya Birla Capital Limited,EQ,01-SEP-2017,EQUITY_L
ABCOTS,A B Cotspin India Limited,EQ,24-SEP-2025,EQUITY_L
ABDL,Allied Blenders and Distillers Limited,EQ,02-JUL-2024,EQUITY_L
ABFRL,Aditya Birla Fashion and Retail Limited,EQ,17-JUL-2013,EQUITY_L
ABINFRA,A B Infrabuild Limited,BE,08-NOV-2024,EQUITY_L
ABLBL,Aditya Birla Lifestyle Brands Limited,EQ,23-JUN-2025,EQUITY_L
ABMINTLLTD,ABM International Limited,BE,09-SEP-2021,EQUITY_L
ABMKNO,ABM Knowledgeware Limited,EQ,20-APR-2026,EQUITY_L
ABREL,Aditya Birla Real Estate Limited,EQ,27-JUN-2003,EQUITY_L
ABSLAMC,Aditya Birla Sun Life AMC Limited,EQ,11-OCT-2021,EQUITY_L
ACC,ACC Limited,EQ,20-NOV-1996,EQUITY_L
ACCELYA,Accelya Solutions India Limited,EQ,01-DEC-1999,EQUITY_L
ACCURACY,Accuracy Shipping Limited,BE,11-DEC-2020,EQUITY_L
ACE,Action Construction Equipment Limited,EQ,26-SEP-2006,EQUITY_L
ACEINTEG,Ace Integrated Solutions Limited,EQ,04-NOV-2022,EQUITY_L
ACGL,Automobile Corporation of Goa Limited,EQ,17-AUG-2026,EQUITY_L
ACI,Archean Chemical Industries Limited,EQ,21-NOV-2022,EQUITY_L
ACL,Andhra Cements Limited,EQ,10-MAY-2023,EQUITY_L
ACMESOLAR,Acme Solar Holdings Limited,EQ,13-NOV-2024,EQUITY_L
ACSTECH,ACS Technologies Limited,BE,20-APR-2026,EQUITY_L
ACUTAAS,Acutaas Chemicals Limited,EQ,14-SEP-2021,EQUITY_L
ADANIENSOL,Adani Energy Solutions Limited,EQ,31-JUL-2015,EQUITY_L
ADANIENT,Adani Enterprises Limited,EQ,04-JUN-1997,EQUITY_L
ADANIGREEN,Adani Green Energy Limited,EQ,18-JUN-2018,EQUITY_L
ADANIPORTS,Adani Ports and Special Economic Zone Limited,EQ,27-NOV-2007,EQUITY_L
ADANIPOWER,Adani Power Limited,EQ,20-AUG-2009,EQUITY_L
ADDIND,Addi Industries Limited,EQ,17-AUG-2026,EQUITY_L
ADFFOODS,ADF Foods Limited,EQ,15-SEP-2010,EQUITY_L
ADL,Archidply Decor Limited,EQ,01-OCT-2020,EQUITY_L
ADOR,Ador Welding Limited,EQ,10-MAY-1995,EQUITY_L
ADROITINFO,Adroit Infotech Limited,EQ,13-AUG-1997,EQUITY_L
ADSL,Allied Digital Services Limited,EQ,25-JUL-2007,EQUITY_L
ADVAIT,Advait Energy Transitions Limited,EQ,20-JAN-2026,EQUITY_L
ADVANCE,Advance Agrolife Limited,EQ,08-OCT-2025,EQUITY_L
ADVANIHOTR,Advani Hotels & Resorts (India) Limited,EQ,25-JUN-2007,EQUITY_L
ADVENTHTL,Advent Hotels International Limited,EQ,13-NOV-2025,EQUITY_L
ADVENZYMES,Advanced Enzyme Technologies Limited,EQ,01-AUG-2016,EQUITY_L
ADVIKCA,Advik Capital Limited,EQ,17-AUG-2026,EQUITY_L
AEGISLOG,Aegis Logistics Limited,EQ,03-APR-1996,EQUITY_L
AEGISVOPAK,Aegis Vopak Terminals Limited,EQ,02-JUN-2025,EQUITY_L
AEPL,Artemis Electricals and Projects Limited,EQ,12-MAR-2026,EQUITY_L
AEQUS,Aequs Limited,EQ,10-DEC-2025,EQUITY_L
AEROENTER,Aeroflex Enterprises Limited,EQ,21-NOV-2022,EQUITY_L
AEROFLEX,Aeroflex Industries Limited,EQ,31-AUG-2023,EQUITY_L
AERONEU,Aeroflex Neu Limited,EQ,12-JAN-2023,EQUITY_L
AEROPLANE,Amir Chand Jagdish Kumar (Exports) Limited,EQ,02-APR-2026,EQUITY_L
AETHER,Aether Industries Limited,EQ,03-JUN-2022,EQUITY_L
AFCONS,Afcons Infrastructure Limited,EQ,04-NOV-2024,EQUITY_L
AFFLE,Affle 3i Limited,EQ,08-AUG-2019,EQUITY_L
AFFORDABLE,Affordable Robotic & Automation Limited,BE,23-OCT-2024,EQUITY_L
AFIL,Akme Fintrade (India) Limited,EQ,26-JUN-2024,EQUITY_L
AFSL,Abans Financial Services Limited,EQ,23-DEC-2022,EQUITY_L
AGARIND,Agarwal Industrial Corporation Limited,EQ,26-MAY-2014,EQUITY_L
AGARWALEYE,Dr. Agarwal's Health Care Limited,EQ,04-FEB-2025,EQUITY_L
AGI,AGI Greenpac Limited,EQ,31-MAY-2000,EQUITY_L
AGIIL,Agi Infra Limited,EQ,15-JUL-2024,EQUITY_L
AGL,Allcargo Global Limited,EQ,03-JUL-2026,EQUITY_L
AGRITECH,Agri-Tech (India) Limited,EQ,28-JAN-2014,EQUITY_L
AGROPHOS,Agro Phos India Limited,EQ,08-MAR-2019,EQUITY_L
AHCL,Anlon Healthcare Limited,EQ,03-SEP-2025,EQUITY_L
AHLADA,Ahlada Engineers Limited,EQ,28-JAN-2021,EQUITY_L
AHLEAST,Asian Hotels (East) Limited,EQ,11-AUG-2010,EQUITY_L
AHLUCONT,Ahluwalia Contracts (India) Limited,EQ,14-DEC-2009,EQUITY_L
AHLWEST,Asian Hotels (West) Limited,BE,05-AUG-2010,EQUITY_L
AIAENG,AIA Engineering Limited,EQ,14-DEC-2005,EQUITY_L
AIIL,Authum Investment & Infrastructure Limited,EQ,23-APR-2024,EQUITY_L
AIRAN,Airan Limited,EQ,03-MAY-2019,EQUITY_L
AIROLAM,Airo Lam limited,EQ,13-OCT-2021,EQUITY_L
AJANTPHARM,Ajanta Pharma Limited,EQ,29-MAY-2000,EQUITY_L
AJAXENGG,Ajax Engineering Limited,EQ,17-FEB-2025,EQUITY_L
AJMERA,Ajmera Realty & Infra India Limited,EQ,16-JUN-2009,EQUITY_L
AJOONI,Ajooni Biotech Limited,EQ,07-MAY-2021,EQUITY_L
AKASH,Akash Infra-Projects Limited,EQ,11-OCT-2019,EQUITY_L
AKCAPIT,AK Capital Services Limited,EQ,20-APR-2026,EQUITY_L
AKG,Akg Exim Limited,EQ,16-FEB-2021,EQUITY_L
AKI,AKI India Limited,EQ,06-APR-2023,EQUITY_L
AKSHAR,Akshar Spintex Limited,EQ,23-MAY-2022,EQUITY_L
AKSHARCHEM,AksharChem India Limited,BE,28-MAR-2017,EQUITY_L
AKSHOPTFBR,Aksh Optifibre Limited,BE,18-AUG-2000,EQUITY_L
AKUMS,Akums Drugs and Pharmaceuticals Limited,EQ,06-AUG-2024,EQUITY_L
ALANKIT,Alankit Limited,EQ,30-JUN-2015,EQUITY_L
ALBERTDAVD,Albert David Limited,EQ,14-JUN-2016,EQUITY_L
ALEMBICLTD,Alembic Limited,EQ,22-SEP-1999,EQUITY_L
ALFREDHE,Alfred Herbert India Limited,EQ,17-AUG-2026,EQUITY_L
ALGOQUANT,Algoquant Fintech Limited,EQ,06-JAN-2026,EQUITY_L
ALICON,Alicon Castalloy Limited,EQ,29-SEP-2006,EQUITY_L
ALIVUS,Alivus Life Sciences Limited,EQ,06-AUG-2021,EQUITY_L
ALKALI,Alkali Metals Limited,BE,06-NOV-2008,EQUITY_L
ALKEM,Alkem Laboratories Limited,EQ,23-DEC-2015,EQUITY_L
ALKYLAMINE,Alkyl Amines Chemicals Limited,EQ,26-NOV-2007,EQUITY_L
ALLCARGO,Allcargo Logistics Limited,EQ,23-JUN-2006,EQUITY_L
ALLDIGI,Alldigi Tech Limited,EQ,09-MAY-2005,EQUITY_L
ALLTIME,All Time Plastics Limited,EQ,14-AUG-2025,EQUITY_L
ALMONDZ,Almondz Global Securities Limited,EQ,16-JUN-2008,EQUITY_L
ALOKINDS,Alok Industries Limited,EQ,19-FEB-2020,EQUITY_L
ALPA,Alpa Laboratories Limited,EQ,06-AUG-2007,EQUITY_L
ALPHAGEO,Alphageo (India) Limited,BE,11-MAY-2007,EQUITY_L
ALPINETEX,Alpine Texworld Limited,EQ,21-JUL-2026,EQUITY_L
ALUFLUOR,Alufluoride Limited,EQ,17-AUG-2026,EQUITY_L
AMAGI,Amagi Media Labs Limited,EQ,21-JAN-2026,EQUITY_L
AMAL,Amal Limited,EQ,17-AUG-2026,EQUITY_L
AMANTA,Amanta Healthcare Limited,BE,09-SEP-2025,EQUITY_L
AMARJOTHI,Amarjothi Spinning Mills Limited,EQ,17-AUG-2026,EQUITY_L
AMBALALSA,Ambalal Sarabhai Enterprises Limited,BE,20-APR-2026,EQUITY_L
AMBER,Amber Enterprises India Limited,EQ,30-JAN-2018,EQUITY_L
AMBICAAGAR,Ambica Agarbathies & Aroma industries Limited,EQ,29-JUN-2004,EQUITY_L
AMBIKCO,Ambika Cotton Mills Limited,EQ,29-JAN-2008,EQUITY_L
AMBUJACEM,Ambuja Cements Limited,EQ,18-FEB-1998,EQUITY_L
AMDIND,AMD Industries Limited,EQ,19-MAR-2007,EQUITY_L
AMJLAND,Amj Land Holdings Limited,EQ,08-FEB-1995,EQUITY_L
AMNPLST,Amines & Plasticizers Limited,EQ,10-NOV-2023,EQUITY_L
AMRUTANJAN,Amrutanjan Health Care Limited,EQ,02-JAN-2015,EQUITY_L
ANANDRATHI,Anand Rathi Wealth Limited,EQ,14-DEC-2021,EQUITY_L
ANANTRAJ,Anant Raj Limited,EQ,27-SEP-2006,EQUITY_L
ANDHRAPAP,ANDHRA PAPER LIMITED,EQ,13-MAY-2004,EQUITY_L
ANDHRSUGAR,The Andhra Sugars Limited,EQ,01-NOV-1995,EQUITY_L
ANDREWYU,Andrew Yule & Company Limited,EQ,17-AUG-2026,EQUITY_L
ANGELONE,Angel One Limited,EQ,05-OCT-2020,EQUITY_L
ANIKINDS,Anik Industries Limited,EQ,21-MAY-2008,EQUITY_L
ANMOL,Anmol India Limited,EQ,04-JUN-2021,EQUITY_L
ANNAPURNA,Annapurna Swadisht Limited,EQ,12-AUG-2026,EQUITY_L
ANSALBU,Ansal Buildwell Limited,EQ,17-AUG-2026,EQUITY_L
ANTELOPUS,Antelopus Selan Energy Limited,EQ,26-SEP-2006,EQUITY_L
ANTGRAPHIC,Antarctica Limited,EQ,31-DEC-1997,EQUITY_L
ANTHEM,Anthem Biosciences Limited,EQ,21-JUL-2025,EQUITY_L
ANUHPHR,Anuh Pharma Limited,EQ,20-DEC-2024,EQUITY_L
ANUP,The Anup Engineering Limited,EQ,01-MAR-2019,EQUITY_L
ANURAS,Anupam Rasayan India Limited,EQ,24-MAR-2021,EQUITY_L
APARINDS,Apar Industries Limited,EQ,12-JUL-2004,EQUITY_L
APCL,Anjani Portland Cement Limited,EQ,10-APR-2017,EQUITY_L
APCOTEXIND,Apcotex Industries Limited,EQ,06-SEP-1995,EQUITY_L
APEX,Apex Frozen Foods Limited,EQ,04-SEP-2017,EQUITY_L
APLAPOLLO,APL Apollo Tubes Limited,EQ,14-DEC-2011,EQUITY_L
APLLTD,Alembic Pharmaceuticals Limited,EQ,20-SEP-2011,EQUITY_L
APOLLO,Apollo Micro Systems Limited,EQ,22-JAN-2018,EQUITY_L
APOLLOHOSP,Apollo Hospitals Enterprise Limited,EQ,10-JAN-1996,EQUITY_L
APOLLOPIPE,Apollo Pipes Limited,EQ,11-NOV-2019,EQUITY_L
APOLLOTYRE,Apollo Tyres Limited,EQ,31-MAY-1995,EQUITY_L
APOLSINHOT,Apollo Sindoori Hotels Limited,EQ,28-JAN-2015,EQUITY_L
APOORVA,Apoorva Leasing Finance and Investment Company Limited,EQ,17-AUG-2026,EQUITY_L
APTECHT,Aptech Limited,BE,27-SEP-2002,EQUITY_L
APTUS,Aptus Value Housing Finance India Limited,EQ,24-AUG-2021,EQUITY_L
AQYLON,Aqylon Nexus Limited,EQ,01-APR-2024,EQUITY_L
ARCHIDPLY,Archidply Industries Limited,EQ,04-JUL-2008,EQUITY_L
ARCHIES,Archies Limited,EQ,02-SEP-1998,EQUITY_L
ARCL,ARCL Organics Limited,EQ,17-AUG-2026,EQUITY_L
ARDEE,Ardee Industries Limited,EQ,12-AUG-2026,EQUITY_L
ARE&M,Amara Raja Energy & Mobility Limited,EQ,05-SEP-2003,EQUITY_L
ARENTERP,Rajdarshan Industries Limited,EQ,18-OCT-1995,EQUITY_L
ARFIN,Arfin India Limited,EQ,22-JUL-2025,EQUITY_L
ARIES,Aries Agro Limited,EQ,11-JAN-2008,EQUITY_L
ARIHANT,Arihant Foundations & Housing Limited,EQ,20-APR-2026,EQUITY_L
ARIHANTCAP,Arihant Capital Markets Limited,EQ,15-JUN-2021,EQUITY_L
ARIHANTSUP,Arihant Superstructures Limited,EQ,28-MAR-2017,EQUITY_L
ARIS,Arisinfra Solutions Limited,EQ,25-JUN-2025,EQUITY_L
ARKADE,Arkade Developers Limited,EQ,24-SEP-2024,EQUITY_L
ARMANFIN,Arman Financial Services Limited,EQ,14-JUN-2016,EQUITY_L
AROGRANITE,Aro Granite Industries Limited,EQ,24-APR-2007,EQUITY_L
ARROWGREEN,Arrow Greentech Limited,BE,21-MAY-2015,EQUITY_L
ARSSBL,Anand Rathi Share and Stock Brokers Limited,EQ,30-SEP-2025,EQUITY_L
ARTEMISMED,Artemis Medicare Services Limited,EQ,23-JAN-2020,EQUITY_L
ARTNIRMAN,Art Nirman Limited,EQ,18-OCT-2021,EQUITY_L
ARVEE,Arvee Laboratories (India) Limited,EQ,22-MAR-2021,EQUITY_L
ARVIND,Arvind Limited,EQ,08-FEB-1995,EQUITY_L
ARVINDFASN,Arvind Fashions Limited,EQ,08-MAR-2019,EQUITY_L
ARVSMART,Arvind SmartSpaces Limited,EQ,26-AUG-2015,EQUITY_L
ARYAMAN,Aryaman Financial Services Limited,EQ,17-AUG-2026,EQUITY_L
ASAHIINDIA,Asahi India Glass Limited,EQ,18-MAR-1998,EQUITY_L
ASAHISONG,Asahi Songwon Colors Limited,BE,29-AUG-2011,EQUITY_L
ASAL,Automotive Stampings and Assemblies Limited,EQ,12-MAR-2002,EQUITY_L
ASALCBR,Associated Alcohols & Breweries Ltd.,EQ,12-FEB-2020,EQUITY_L
ASHAPURMIN,Ashapura Minechem Limited,EQ,20-SEP-1995,EQUITY_L
ASHIANA,Ashiana Housing Limited,EQ,29-JUN-2011,EQUITY_L
ASHIKAG,Ashika Global Securities Limited,BE,20-APR-2026,EQUITY_L
ASHIMASYN,Ashima Limited,EQ,27-JUL-1995,EQUITY_L
ASHOKA,Ashoka Buildcon Limited,EQ,14-OCT-2010,EQUITY_L
ASHOKAMET,Ashoka Metcast Limited,EQ,27-JUN-2023,EQUITY_L
ASHOKLEY,Ashok Leyland Limited,EQ,25-MAY-1995,EQUITY_L
ASIANENE,Asian Energy Services Limited,EQ,09-DEC-2021,EQUITY_L
ASIANHOTNR,Asian Hotels (North) Limited,EQ,07-APR-2010,EQUITY_L
ASIANPAINT,Asian Paints Limited,EQ,31-MAY-1995,EQUITY_L
ASIANTILES,Asian Granito India Limited,EQ,23-AUG-2007,EQUITY_L
ASIANTNE,Asian Tea & Exports Limited,EQ,17-AUG-2026,EQUITY_L
ASKAUTOLTD,ASK Automotive Limited,EQ,15-NOV-2023,EQUITY_L
ASMS,Avio Smart Market Stack Limited,BE,09-FEB-2023,EQUITY_L
ASPINWALL,Aspinwall and Company Limited,EQ,14-JUN-2016,EQUITY_L
ASSAMENT,Assam Entrade Limited,EQ,17-AUG-2026,EQUITY_L
ASTAR,Asian Star Company Limited,EQ,20-APR-2026,EQUITY_L
ASTEC,Astec LifeSciences Limited,EQ,25-NOV-2009,EQUITY_L
ASTERDM,Aster DM Quality Care Limited,EQ,26-FEB-2018,EQUITY_L
ASTRAL,Astral Limited,EQ,20-MAR-2007,EQUITY_L
ASTRAMICRO,Astra Microwave Products Limited,EQ,01-NOV-2004,EQUITY_L
ASTRAZEN,AstraZeneca Pharma India Limited,EQ,04-MAY-2001,EQUITY_L
ATALREAL,Atal Realtech Limited,EQ,12-MAY-2023,EQUITY_L
ATAM,Atam Valves Limited,EQ,10-MAY-2023,EQUITY_L
ATGL,Adani Total Gas Limited,EQ,05-NOV-2018,EQUITY_L
ATHERENERG,Ather Energy Limited,EQ,06-MAY-2025,EQUITY_L
ATL,Allcargo Terminals Limited,EQ,10-AUG-2023,EQUITY_L
ATLANTAA,ATLANTAA LIMITED,EQ,25-SEP-2006,EQUITY_L
ATLANTAELE,Atlanta Electricals Limited,EQ,29-SEP-2025,EQUITY_L
ATLASCYCLE,Atlas Cycles (Haryana) Limited,EQ,23-OCT-1996,EQUITY_L
ATUL,Atul Limited,EQ,06-MAY-1998,EQUITY_L
ATULAUTO,Atul Auto Limited,EQ,26-JUN-2013,EQUITY_L
AUBANK,AU Small Finance Bank Limited,EQ,10-JUL-2017,EQUITY_L
AURIONPRO,Aurionpro Solutions Limited,EQ,25-OCT-2005,EQUITY_L
AUROPHARMA,Aurobindo Pharma Limited,EQ,19-JUL-2000,EQUITY_L
AURUM,Aurum PropTech Limited,EQ,19-AUG-2015,EQUITY_L
AURUS,AURUS GEM CORPORATION LIMITED,EQ,05-NOV-2013,EQUITY_L
AUSOMENT,Ausom Enterprise Limited,EQ,17-APR-1996,EQUITY_L
AUSTENG,Austin Engineering Company  Limited,EQ,17-AUG-2026,EQUITY_L
AUTOAXLES,Automotive Axles Limited,EQ,29-MAY-2003,EQUITY_L
AUTOIND,Autoline Industries Limited,EQ,31-JAN-2007,EQUITY_L
AVADHSUGAR,Avadh Sugar & Energy Limited,EQ,28-JUL-2017,EQUITY_L
AVALON,Avalon Technologies Limited,EQ,18-APR-2023,EQUITY_L
AVANCE,Avance Technologies Limited,EQ,17-AUG-2026,EQUITY_L
AVANTEL,Avantel Limited,EQ,31-JUL-2024,EQUITY_L
AVANTIFEED,Avanti Feeds Limited,EQ,15-APR-2015,EQUITY_L
AVG,AVG Logistics Limited,BE,12-MAY-2023,EQUITY_L
AVL,Aditya Vision Limited,EQ,06-NOV-2024,EQUITY_L
AVONMORE,Avonmore Capital & Management Services Limited,EQ,04-JAN-2023,EQUITY_L
AVROIND,AVRO INDIA LIMITED,EQ,07-APR-2022,EQUITY_L
AVTNPL,AVT Natural Products Limited,EQ,10-JAN-2007,EQUITY_L
AWFIS,Awfis Space Solutions Limited,EQ,30-MAY-2024,EQUITY_L
AWHCL,Antony Waste Handling Cell Limited,EQ,01-JAN-2021,EQUITY_L
AWL,AWL Agri Business Limited,EQ,08-FEB-2022,EQUITY_L
AXISBANK,Axis Bank Limited,EQ,16-NOV-1998,EQUITY_L
AXISCADES,AXISCADES Technologies Limited,EQ,21-DEC-2000,EQUITY_L
AXITA,Axita Cotton Limited,EQ,21-JUN-2022,EQUITY_L
AXTEL,Axtel Industries Limited,EQ,17-AUG-2026,EQUITY_L
AYE,Aye Finance Limited,EQ,16-FEB-2026,EQUITY_L
AYMSYNTEX,AYM Syntex Limited,EQ,14-AUG-2015,EQUITY_L
AZAD,Azad Engineering Limited,EQ,28-DEC-2023,EQUITY_L
AZADIND,Azad India Mobility Limited,EQ,17-AUG-2026,EQUITY_L
BAFNAPH,Bafna Pharmaceuticals Limited,BE,27-FEB-2020,EQUITY_L
BAGFILMS,B.A.G Films and Media Limited,EQ,17-OCT-2003,EQUITY_L
BAIDFIN,Baid Finserv Limited,EQ,20-JAN-2023,EQUITY_L
BAJAJ-AUTO,Bajaj Auto Limited,EQ,26-MAY-2008,EQUITY_L
BAJAJCON,Bajaj Consumer Care Limited,EQ,18-AUG-2010,EQUITY_L
BAJAJELEC,Bajaj Electricals Limited,EQ,02-NOV-2007,EQUITY_L
BAJAJFINSV,Bajaj Finserv Limited,EQ,26-MAY-2008,EQUITY_L
BAJAJHCARE,Bajaj Healthcare Limited,EQ,25-NOV-2021,EQUITY_L
BAJAJHFL,Bajaj Housing Finance Limited,EQ,16-SEP-2024,EQUITY_L
BAJAJHIND,Bajaj Hindusthan Sugar Limited,EQ,10-MAY-1995,EQUITY_L
BAJAJHLDNG,Bajaj Holdings & Investment Limited,EQ,15-MAR-1995,EQUITY_L
BAJAJINDEF,Indef Manufacturing Limited,EQ,21-FEB-2025,EQUITY_L
BAJAJST,Bajaj Steel Industries Limited,EQ,20-APR-2026,EQUITY_L
BAJEL,Bajel Projects Limited,EQ,19-DEC-2023,EQUITY_L
BAJFINANCE,Bajaj Finance Limited,EQ,01-APR-2003,EQUITY_L
BALAJEE,Shree Tirupati Balajee Agro Trading Company Limited,EQ,12-SEP-2024,EQUITY_L
BALAJITELE,Balaji Telefilms Limited,EQ,22-NOV-2000,EQUITY_L
BALAMINES,Balaji Amines Limited,EQ,05-APR-2007,EQUITY_L
BALAXI,BALAXI PHARMACEUTICALS LIMITED,EQ,30-NOV-2015,EQUITY_L
BALKRISHNA,Balkrishna Paper Mills Limited,EQ,28-JUL-2015,EQUITY_L
BALKRISIND,Balkrishna Industries Limited,EQ,27-JAN-2006,EQUITY_L
BALMLAWRIE,Balmer Lawrie & Company Limited,EQ,06-JUL-1995,EQUITY_L
BALPHARMA,Bal Pharma Limited,EQ,08-MAY-2006,EQUITY_L
BALRAMCHIN,Balrampur Chini Mills Limited,EQ,08-FEB-1995,EQUITY_L
BALUFORGE,Balu Forge Industries Limited,EQ,29-APR-2024,EQUITY_L
BANARBEADS,Banaras Beads Limited,EQ,07-JUL-1995,EQUITY_L
BANARISUG,Bannari Amman Sugars Limited,EQ,28-MAY-2003,EQUITY_L
BANCOINDIA,Banco Products (I) Limited,EQ,22-DEC-2006,EQUITY_L
BANDHANBNK,Bandhan Bank Limited,EQ,27-MAR-2018,EQUITY_L
BANG,Bang Overseas Limited,EQ,20-FEB-2008,EQUITY_L
BANKA,Banka BioLoo Limited,EQ,29-OCT-2020,EQUITY_L
BANKBARODA,Bank of Baroda,EQ,19-FEB-1997,EQUITY_L
BANKINDIA,Bank of India,EQ,30-APR-1997,EQUITY_L
BANSALWIRE,Bansal Wire Industries Limited,EQ,10-JUL-2024,EQUITY_L
BANSWRAS,Banswara Syntex Limited,EQ,11-APR-2007,EQUITY_L
BASF,BASF India Limited,EQ,17-MAY-1995,EQUITY_L
BASML,Bannari Amman Spinning Mills Limited,BE,14-NOV-2005,EQUITY_L
BATAINDIA,Bata India Limited,EQ,18-JUN-2003,EQUITY_L
BATLIBOI,Batliboi Limited,EQ,20-APR-2026,EQUITY_L
BAYERCROP,Bayer Cropscience Limited,EQ,08-JAN-2010,EQUITY_L
BBL,Bharat Bijlee Limited,EQ,21-NOV-2006,EQUITY_L
BBOX,Black Box Limited,EQ,22-JUL-2003,EQUITY_L
BBTC,The Bombay Burmah Trading Corporation Limited,EQ,03-APR-1996,EQUITY_L
BBTCL,B&B Triplewall Containers Limited,EQ,23-NOV-2022,EQUITY_L
BCG,Brightcom Group Limited,EQ,08-MAY-2015,EQUITY_L
BCLIND,Bcl Industries Limited,EQ,04-MAR-2021,EQUITY_L
BCONCEPTS,Brand Concepts Limited,EQ,11-JAN-2022,EQUITY_L
BCPL,BCPL Railway Infrastructure Limited,EQ,27-MAR-2026,EQUITY_L
BDL,Bharat Dynamics Limited,EQ,23-MAR-2018,EQUITY_L
BEARDSELL,Beardsell Limited,EQ,13-JAN-2015,EQUITY_L
BECTORFOOD,Mrs. Bectors Food Specialities Limited,EQ,24-DEC-2020,EQUITY_L
BEDMUTHA,Bedmutha Industries Limited,EQ,14-OCT-2010,EQUITY_L
BEEKAY,Beekay Steel Industries Limited,EQ,20-APR-2026,EQUITY_L
BEL,Bharat Electronics Limited,EQ,19-JUL-2000,EQUITY_L
BELLACASA,Bella Casa Fashion & Retail Limited,EQ,18-JUL-2025,EQUITY_L
BELRISE,Belrise Industries Limited,EQ,28-MAY-2025,EQUITY_L
BEML,BEML Limited,EQ,05-NOV-2003,EQUITY_L
BENARAS,Benares Hotels Limited,EQ,17-AUG-2026,EQUITY_L
BENGALASM,Bengal & Assam Company Limited,EQ,20-APR-2026,EQUITY_L
BEPL,Bhansali Engineering Polymers Limited,EQ,21-MAR-2005,EQUITY_L
BERGEPAINT,Berger Paints (I) Limited,EQ,24-NOV-1999,EQUITY_L
BESTAGRO,Best Agrolife Limited,EQ,10-APR-2024,EQUITY_L
BETA,Beta Drugs Limited,EQ,24-NOV-2025,EQUITY_L
BFINVEST,BF Investment Limited,EQ,14-JAN-2011,EQUITY_L
BFUTILITIE,BF Utilities Limited,EQ,03-MAY-2007,EQUITY_L
BGRENERGY,BGR Energy Systems Limited,BE,03-JAN-2008,EQUITY_L
BHAGCHEM,Bhagiradha Chemicals & Industries Limited,EQ,18-OCT-2021,EQUITY_L
BHAGERIA,Bhageria Industries Limited,BE,02-MAR-2016,EQUITY_L
BHAGYANGR,Bhagyanagar India Limited,EQ,17-MAY-2017,EQUITY_L
BHANDARI,Bhandari Hosiery Exports Limited,EQ,30-JAN-2017,EQUITY_L
BHARATCOAL,Bharat Coking Coal Limited,EQ,19-JAN-2026,EQUITY_L
BHARATFORG,Bharat Forge Limited,EQ,04-APR-2003,EQUITY_L
BHARATGEAR,Bharat Gears Limited,BE,03-APR-1996,EQUITY_L
BHARATRAS,Bharat Rasayan Limited,EQ,11-OCT-1995,EQUITY_L
BHARATSE,Bharat Seats Limited,EQ,24-MAR-2025,EQUITY_L
BHARATWIRE,Bharat Wire Ropes Limited,EQ,01-APR-2016,EQUITY_L
BHARTIARTL,Bharti Airtel Limited,EQ,15-FEB-2002,EQUITY_L
BHARTIHEXA,Bharti Hexacom Limited,EQ,12-APR-2024,EQUITY_L
BHEL,Bharat Heavy Electricals Limited,EQ,11-NOV-2003,EQUITY_L
BI,Bilcare Limited,BE,20-APR-2026,EQUITY_L
BIGBLOC,Bigbloc Construction Limited,EQ,02-SEP-2016,EQUITY_L
BIKAJI,Bikaji Foods International Limited,EQ,16-NOV-2022,EQUITY_L
BIL,Bhartiya International Limited,EQ,12-APR-2000,EQUITY_L
BILVYAPAR,BIL VYAPAR LIMITED,BE,27-SEP-2006,EQUITY_L
BIMETAL,Bimetal Bearings Limited,EQ,20-APR-2026,EQUITY_L
BIOCON,Biocon Limited,EQ,07-APR-2004,EQUITY_L
BIOFILCHEM,Biofil Chemicals & Pharmaceuticals Limited,EQ,12-JUN-1996,EQUITY_L
BIRLACABLE,Birla Cable Limited,BE,06-DEC-1995,EQUITY_L
BIRLACORPN,Birla Corporation Limited,EQ,12-APR-1995,EQUITY_L
BIRLAMONEY,Aditya Birla Money Limited,EQ,07-FEB-2008,EQUITY_L
BIRLANU,BirlaNu Limited,EQ,26-APR-1995,EQUITY_L
BIRLAPREC,Birla Precision Technologies Limited,EQ,20-APR-2026,EQUITY_L
BLACKBUCK,BLACKBUCK LIMITED,EQ,22-NOV-2024,EQUITY_L
BLACKROSE,Black Rose Inds. Limited,BE,20-APR-2026,EQUITY_L
BLAL,BEML Land Assets Limited,EQ,19-APR-2023,EQUITY_L
BLBLIMITED,BLB Limited,EQ,31-MAY-2000,EQUITY_L
BLEL,Behari Lal Engineering Limited,EQ,19-AUG-2026,EQUITY_L
BLIL,Balmer Lawrie Investments Limited,EQ,20-APR-2026,EQUITY_L
BLISSGVS,Bliss GVS Pharma Limited,BE,26-JUL-2010,EQUITY_L
BLKASHYAP,B. L. Kashyap and Sons Limited,EQ,17-MAR-2006,EQUITY_L
BLS,BLS International Services Limited,EQ,14-JUN-2016,EQUITY_L
BLSE,BLS E-Services Limited,EQ,06-FEB-2024,EQUITY_L
BLUECHIP,Blue Chip India Limited,EQ,12-MAR-1997,EQUITY_L
BLUECLOUDS,Blue Cloud Softech Solutions Limited,EQ,17-AUG-2026,EQUITY_L
BLUECOAST,Blue Coast Hotels Limited,BE,16-FEB-2000,EQUITY_L
BLUEDART,Blue Dart Express Limited,EQ,12-DEC-2002,EQUITY_L
BLUEJET,Blue Jet Healthcare Limited,EQ,01-NOV-2023,EQUITY_L
BLUESTARCO,Blue Star Limited,EQ,15-JUN-2000,EQUITY_L
BLUESTONE,BlueStone Jewellery and Lifestyle Limited,EQ,19-AUG-2025,EQUITY_L
BLUSPRING,Bluspring Enterprises Limited,EQ,11-JUN-2025,EQUITY_L
BMWVENTLTD,BMW Ventures Limited,EQ,01-OCT-2025,EQUITY_L
BNAGROCHEM,BN Agrochem Limited,EQ,20-APR-2026,EQUITY_L
BNALTD,B & A Limited,BE,20-APR-2026,EQUITY_L
BODALCHEM,Bodal Chemicals Limited,BE,22-AUG-2011,EQUITY_L
BOHRAIND,Bohra Industries Limited,EQ,27-OCT-2022,EQUITY_L
BOMDYEING,Bombay Dyeing & Mfg Company Limited,EQ,26-APR-1995,EQUITY_L
BONLON,Bonlon Industries Limited,EQ,20-FEB-2026,EQUITY_L
BORANA,Borana Weaves Limited,EQ,27-MAY-2025,EQUITY_L
BOROLTD,Borosil Limited,EQ,22-JUL-2020,EQUITY_L
BORORENEW,BOROSIL RENEWABLES LIMITED,EQ,25-MAY-2018,EQUITY_L
BOROSCI,Borosil Scientific Limited,EQ,07-JUN-2024,EQUITY_L
BOSCH-HCIL,BOSCH HOME COMFORT INDIA LIMITED,EQ,03-JAN-2000,EQUITY_L
BOSCHLTD,Bosch Limited,EQ,12-MAY-2003,EQUITY_L
BPCL,Bharat Petroleum Corporation Limited,EQ,13-SEP-1995,EQUITY_L
BPL,BPL Limited,EQ,14-JUN-1995,EQUITY_L
BPLPHARMA,Bharat Parenterals Limited,EQ,17-AUG-2026,EQUITY_L
BRAHMINFRA,Brahmaputra Infrastructure Limited,EQ,17-AUG-2026,EQUITY_L
BRIGADE,Brigade Enterprises Limited,EQ,31-DEC-2007,EQUITY_L
BRIGHOTEL,Brigade Hotel Ventures Limited,EQ,31-JUL-2025,EQUITY_L
BRIGHTBR,Bright Brothers Limited,EQ,17-AUG-2026,EQUITY_L
BRITANNIA,Britannia Industries Limited,EQ,05-NOV-1998,EQUITY_L
BRNL,Bharat Road Network Limited,EQ,18-SEP-2017,EQUITY_L
BROOKS,Brooks Laboratories Limited,BE,05-SEP-2011,EQUITY_L
BSE,BSE Limited,EQ,03-FEB-2017,EQUITY_L
BSHSL,Bombay Super Hybrid Seeds Limited,EQ,28-OCT-2020,EQUITY_L
BSL,BSL Limited,EQ,27-JUL-1995,EQUITY_L
BSOFT,BIRLASOFT LIMITED,EQ,24-NOV-1999,EQUITY_L
BTML,Bodhi Tree Multimedia Limited,EQ,15-FEB-2023,EQUITY_L
BTTL,Bhilwara Technical Textiles Limited,BE,20-APR-2026,EQUITY_L
BUILDPRO,Shankara Buildpro Limited,EQ,09-JAN-2026,EQUITY_L
BURNPUR,Burnpur Cement Limited,EQ,03-JAN-2008,EQUITY_L
BUTTERFLY,Butterfly Gandhimathi Appliances Limited,EQ,28-APR-2014,EQUITY_L
BVCL,Barak Valley Cements Limited,EQ,23-NOV-2007,EQUITY_L
BYKE,The Byke Hospitality Ltd,BE,15-APR-2015,EQUITY_L
CALSOFT,California Software Company Limited,EQ,28-JUN-2000,EQUITY_L
CAMLINFINE,Camlin Fine Sciences Limited,EQ,20-JAN-2015,EQUITY_L
CAMPUS,Campus Activewear Limited,EQ,09-MAY-2022,EQUITY_L
CAMS,Computer Age Management Services Limited,EQ,07-MAY-2021,EQUITY_L
CANBK,Canara Bank,EQ,23-DEC-2002,EQUITY_L
CANFINHOME,Can Fin Homes Limited,EQ,10-MAY-1995,EQUITY_L
CANHLIFE,Canara HSBC Life Insurance Company Limited,EQ,17-OCT-2025,EQUITY_L
CANTABIL,Cantabil Retail India Limited,EQ,12-OCT-2010,EQUITY_L
CAPACITE,Capacit'e Infraprojects Limited,EQ,25-SEP-2017,EQUITY_L
CAPILLARY,Capillary Technologies India Limited,EQ,21-NOV-2025,EQUITY_L
CAPITALSFB,Capital Small Finance Bank Limited,EQ,14-FEB-2024,EQUITY_L
CAPLIPOINT,Caplin Point Laboratories Limited,EQ,23-JUN-2014,EQUITY_L
CAPTRUST,Capital Trust Limited,BE,16-JAN-2017,EQUITY_L
CARBORUNIV,Carborundum Universal Limited,EQ,03-APR-1996,EQUITY_L
CARERATING,CARE Ratings Limited,EQ,26-DEC-2012,EQUITY_L
CARRARO,Carraro India Limited,EQ,30-DEC-2024,EQUITY_L
CARTRADE,Cartrade Tech Limited,EQ,20-AUG-2021,EQUITY_L
CARYSIL,CARYSIL LIMITED,EQ,14-JAN-2021,EQUITY_L
CASTROLIND,Castrol India Limited,EQ,14-MAR-2014,EQUITY_L
CCAVENUE,AvenuesAI Limited,EQ,04-APR-2016,EQUITY_L
CCCL,Consolidated Construction Consortium Limited,EQ,15-OCT-2007,EQUITY_L
CCHHL,Country Club Hospitality & Holidays Limited,EQ,03-FEB-2015,EQUITY_L
CCL,CCL Products (India) Limited,EQ,07-JUN-2004,EQUITY_L
CDSL,Central Depository Services (India) Limited,EQ,30-JUN-2017,EQUITY_L
CEATLTD,CEAT Limited,EQ,01-FEB-2008,EQUITY_L
CEIGALL,Ceigall India Limited,EQ,08-AUG-2024,EQUITY_L
CEINSYS,Ceinsys Tech Limited,EQ,19-FEB-2026,EQUITY_L
CELEBRITY,Celebrity Fashions Limited,EQ,12-JAN-2006,EQUITY_L
CELLO,Cello World Limited,EQ,06-NOV-2023,EQUITY_L
CEMPRO,Cemindia Projects Limited,EQ,10-FEB-1999,EQUITY_L
CENTENKA,Century Enka Limited,EQ,10-MAY-1995,EQUITY_L
CENTEXT,Century Extrusions Limited,EQ,20-JUL-2004,EQUITY_L
CENTRALBK,Central Bank of India,EQ,21-AUG-2007,EQUITY_L
CENTRUM,Centrum Capital Limited,EQ,04-APR-2018,EQUITY_L
CENTUM,Centum Electronics Limited,EQ,05-OCT-2007,EQUITY_L
CENTURYPLY,Century Plyboards (India) Limited,EQ,23-MAR-2006,EQUITY_L
CERA,Cera Sanitaryware Limited,EQ,02-NOV-2007,EQUITY_L
CESC,CESC Limited,EQ,08-FEB-1995,EQUITY_L
CEWATER,Concord Enviro Systems Limited,EQ,27-DEC-2024,EQUITY_L
CFEL,Confidence Futuristic Energetech Limited,EQ,17-AUG-2026,EQUITY_L
CGCL,Capri Global Capital Limited,EQ,29-OCT-2010,EQUITY_L
CGPOWER,CG Power and Industrial Solutions Limited,EQ,01-MAR-1995,EQUITY_L
CGVAK,CG Vak Software & Exports Limited,EQ,17-AUG-2026,EQUITY_L
CHALET,Chalet Hotels Limited,EQ,07-FEB-2019,EQUITY_L
CHAMBLFERT,Chambal Fertilizers & Chemicals Limited,EQ,14-JUN-1995,EQUITY_L
CHEMBOND,Chembond Material Technologies Limited,EQ,20-NOV-2019,EQUITY_L
CHEMBONDCH,Chembond Chemicals Limited,BE,23-JUL-2025,EQUITY_L
CHEMCON,Chemcon Speciality Chemicals Limited,BE,01-OCT-2020,EQUITY_L
CHEMCRUX,Chemcrux Enterprises Limited,EQ,17-AUG-2026,EQUITY_L
CHEMFAB,Chemfab Alkalis Limited,EQ,25-APR-2018,EQUITY_L
CHEMPLASTS,Chemplast Sanmar Limited,EQ,24-AUG-2021,EQUITY_L
CHENNPETRO,Chennai Petroleum Corporation Limited,EQ,07-JUN-2000,EQUITY_L
CHEVIOT,Cheviot Company Limited,EQ,20-JUN-2022,EQUITY_L
CHOICEIN,Choice International Limited,EQ,08-APR-2022,EQUITY_L
CHOLAFIN,Cholamandalam Investment and Finance Company Limited,EQ,15-MAY-1996,EQUITY_L
CHOLAHLDNG,Cholamandalam Financial Holdings Limited,EQ,25-SEP-2017,EQUITY_L
CIEINDIA,CIE Automotive India Limited,EQ,30-AUG-2007,EQUITY_L
CIFL,Capital India Finance Limited,EQ,17-APR-2025,EQUITY_L
CINELINE,Cineline India Limited,EQ,13-JUN-2012,EQUITY_L
CINEVISTA,Cinevista Limited,EQ,02-MAY-2000,EQUITY_L
CIPLA,Cipla Limited,EQ,08-FEB-1995,EQUITY_L
CLCIND,CLC Industries Limited,BE,20-DEC-2006,EQUITY_L
CLEAN,Clean Science and Technology Limited,EQ,19-JUL-2021,EQUITY_L
CLEANMAX,Clean Max Enviro Energy Solutions Limited,EQ,02-MAR-2026,EQUITY_L
CLEDUCATE,CL Educate Limited,BE,31-MAR-2017,EQUITY_L
CLSEL,Chaman Lal Setia Exports Limited,EQ,12-MAY-2021,EQUITY_L
CMLL,Caliber Mining and Logistics Limited,EQ,24-JUL-2026,EQUITY_L
CMPDI,Central Mine Planning & Design Institute Limited,EQ,30-MAR-2026,EQUITY_L
CMRGREEN,CMR Green Technologies Limited,EQ,10-JUN-2026,EQUITY_L
CMSINFO,CMS Info Systems Limited,EQ,31-DEC-2021,EQUITY_L
CNL,Creative Newtech Limited,EQ,05-AUG-2019,EQUITY_L
COALINDIA,Coal India Limited,EQ,04-NOV-2010,EQUITY_L
COASTCORP,Coastal Corporation Limited,EQ,08-OCT-2021,EQUITY_L
COCHINSHIP,Cochin Shipyard Limited,EQ,11-AUG-2017,EQUITY_L
COCKERILL,John Cockerill India Limited,EQ,20-APR-2026,EQUITY_L
COFFEEDAY,Coffee Day Enterprises Limited,BE,02-NOV-2015,EQUITY_L
COFORGE,Coforge Limited,EQ,30-AUG-2004,EQUITY_L
COHANCE,Cohance Lifesciences Limited,EQ,09-MAR-2020,EQUITY_L
COLPAL,Colgate Palmolive (India) Limited,EQ,17-DEC-2007,EQUITY_L
COMFINTE,Comfort Intech Limited,EQ,20-APR-2026,EQUITY_L
COMPEAU,Competent Automobiles Company Limited,EQ,17-AUG-2026,EQUITY_L
COMPUSOFT,Compucom Software Limited,EQ,02-MAR-2012,EQUITY_L
COMSYN,Commercial Syn Bags Limited,EQ,23-JAN-2024,EQUITY_L
CONCOR,Container Corporation of India Limited,EQ,07-MAY-1997,EQUITY_L
CONCORDBIO,Concord Biotech Limited,EQ,18-AUG-2023,EQUITY_L
CONFIPET,Confidence Petroleum India Limited,EQ,13-JUN-2019,EQUITY_L
CONSOFINVT,Consolidated Finvest & Holdings Limited,BE,29-MAR-2005,EQUITY_L
CONTROLPR,Control Print Limited,EQ,24-JUN-2016,EQUITY_L
CORALFINAC,Coral India Finance & Housing Limited,EQ,25-MAR-1996,EQUITY_L
CORDELIA,Waterways Leisure Tourism Limited,EQ,01-JUL-2026,EQUITY_L
CORDSCABLE,Cords Cable Industries Limited,BE,13-FEB-2008,EQUITY_L
COROMANDEL,Coromandel International Limited,EQ,31-MAY-1995,EQUITY_L
CORONA,CORONA Remedies Limited,EQ,15-DEC-2025,EQUITY_L
COSMOFIRST,COSMO FIRST LIMITED,EQ,25-MAY-1995,EQUITY_L
COUNCODOS,Country Condo's Limited,BE,22-JAN-2009,EQUITY_L
CPCAP,CP Capital Limited,EQ,06-OCT-2010,EQUITY_L
CPEDU,Career Point Edutech Limited,EQ,05-SEP-2025,EQUITY_L
CPL,Captain Polyplast Limited,EQ,23-JUL-2026,EQUITY_L
CPPLUS,Aditya Infotech Limited,EQ,05-AUG-2025,EQUITY_L
CRAFTSMAN,Craftsman Automation Limited,EQ,25-MAR-2021,EQUITY_L
CRAMC,Canara Robeco Asset Management Company Limited,EQ,16-OCT-2025,EQUITY_L
CRAVATEX,Cravatex Limited,EQ,17-AUG-2026,EQUITY_L
CREATIVEYE,Creative Eye Limited,EQ,20-DEC-2000,EQUITY_L
CREDITACC,CREDITACCESS GRAMEEN LIMITED,EQ,23-AUG-2018,EQUITY_L
CREST,Crest Ventures Limited,EQ,27-DEC-2006,EQUITY_L
CRISIL,Crisil Limited,EQ,28-JUN-1995,EQUITY_L
CRIZAC,Crizac Limited,EQ,09-JUL-2025,EQUITY_L
CROMPTON,Crompton Greaves Consumer Electricals Limited,EQ,13-MAY-2016,EQUITY_L
CROWN,Crown Lifters Limited,EQ,08-FEB-2022,EQUITY_L
CRSL,Cressanda Railway Solutions Limited,BE,17-AUG-2026,EQUITY_L
CSBBANK,CSB Bank Limited,EQ,04-DEC-2019,EQUITY_L
CSLFINANCE,CSL Finance Limited,EQ,21-JUL-2022,EQUITY_L
CSM,CSM Technologies Limited,EQ,02-JUL-2026,EQUITY_L
CTE,Cambridge Technology Enterprises Limited,BE,07-FEB-2007,EQUITY_L
CUB,City Union Bank Limited,EQ,25-AUG-1998,EQUITY_L
CUBEXTUB,Cubex Tubings Limited,EQ,24-APR-1996,EQUITY_L
CUMMINSIND,Cummins India Limited,EQ,29-MAR-1995,EQUITY_L
CUPID,Cupid Limited,EQ,16-SEP-2016,EQUITY_L
CURAA,Cura Technologies Limited,EQ,21-MAR-2025,EQUITY_L
CYBERMEDIA,Cyber Media (India) Limited,EQ,10-JUN-2005,EQUITY_L
CYBERTECH,Cybertech Systems And Software Limited,BE,27-JAN-1999,EQUITY_L
CYIENT,Cyient Limited,EQ,30-SEP-1998,EQUITY_L
CYIENTDLM,Cyient DLM Limited,EQ,10-JUL-2023,EQUITY_L
DABUR,Dabur India Limited,EQ,28-APR-1999,EQUITY_L
DAICHI,Dai-Ichi Karkaria Limited,EQ,20-APR-2026,EQUITY_L
DALBHARAT,Dalmia Bharat Limited,EQ,22-JAN-2019,EQUITY_L
DALMIASUG,Dalmia Bharat Sugar and Industries Limited,EQ,17-JAN-1996,EQUITY_L
DAMCAPITAL,Dam Capital Advisors Limited,EQ,27-DEC-2024,EQUITY_L
DAMODARIND,Damodar Industries Limited,BE,04-JUL-2016,EQUITY_L
DANGEE,Dangee Dums Limited,EQ,13-NOV-2020,EQUITY_L
DATAMATICS,Datamatics Global Services Limited,EQ,07-MAY-2004,EQUITY_L
DATAPATTNS,Data Patterns (India) Limited,EQ,24-DEC-2021,EQUITY_L
DAVANGERE,Davangere Sugar Company Limited,EQ,25-JAN-2024,EQUITY_L
DBCORP,D.B.Corp Limited,EQ,06-JAN-2010,EQUITY_L
DBEIL,Deepak Builders & Engineers India Limited,BE,28-OCT-2024,EQUITY_L
DBL,Dilip Buildcon Limited,EQ,11-AUG-2016,EQUITY_L
DBOL,Dhampur Bio Organics Limited,EQ,08-SEP-2022,EQUITY_L
DBREALTY,Valor Estate Limited,EQ,24-FEB-2010,EQUITY_L
DBSTOCKBRO,DB (International) Stock Brokers Limited,BE,29-FEB-2012,EQUITY_L
DCAL,Dishman Carbogen Amcis Limited,EQ,21-SEP-2017,EQUITY_L
DCBBANK,DCB Bank Limited,EQ,27-OCT-2006,EQUITY_L
DCI,Dc Infotech And Communication Limited,EQ,19-OCT-2022,EQUITY_L
DCM,DCM  Limited,BE,29-MAR-1995,EQUITY_L
DCMFINSERV,DCM Financial Services Limited,EQ,21-MAY-1997,EQUITY_L
DCMNVL,DCM Nouvelle Limited,EQ,16-JUL-2019,EQUITY_L
DCMSHRIRAM,DCM Shriram Limited,EQ,12-APR-1995,EQUITY_L
DCMSIL,DCM Shriram International Limited,EQ,17-FEB-2026,EQUITY_L
DCMSRIND,DCM Shriram Industries Limited,EQ,24-DEC-2021,EQUITY_L
DCW,DCW Limited,EQ,25-MAY-1995,EQUITY_L
DCXINDIA,DCX Systems Limited,EQ,11-NOV-2022,EQUITY_L
DDEVPLSTIK,Ddev Plastiks Industries Limited,EQ,15-JAN-2025,EQUITY_L
DECCANCE,Deccan Cements Limited,EQ,02-AUG-2007,EQUITY_L
DECNGOLD,Deccan Gold Mines Limited,EQ,20-APR-2026,EQUITY_L
DEEDEV,DEE Development Engineers Limited,EQ,26-JUN-2024,EQUITY_L
DEEP,Deep Polymers Limited,EQ,17-AUG-2026,EQUITY_L
DEEPAKFERT,Deepak Fertilizers and Petrochemicals Corporation Limited,EQ,17-JAN-2003,EQUITY_L
DEEPAKNTR,Deepak Nitrite Limited,EQ,29-SEP-2010,EQUITY_L
DEEPINDS,Deep Industries Limited,EQ,27-APR-2021,EQUITY_L
DELHIVERY,Delhivery Limited,EQ,24-MAY-2022,EQUITY_L
DELPHIFX,DELPHI WORLD MONEY LIMITED,BE,28-JUN-2011,EQUITY_L
DELTACORP,Delta Corp Limited,EQ,02-NOV-2007,EQUITY_L
DELTAMAGNT,Delta Manufacturing Limited,EQ,18-OCT-1995,EQUITY_L
DEN,Den Networks Limited,EQ,24-NOV-2009,EQUITY_L
DENORA,De Nora India Limited,EQ,07-AUG-1997,EQUITY_L
DENTA,Denta Water and Infra Solutions Limited,EQ,29-JAN-2025,EQUITY_L
DEVIT,Dev Information Technology Limited,EQ,15-FEB-2022,EQUITY_L
DEVX,Dev Accelerator Limited,EQ,17-SEP-2025,EQUITY_L
DEVYANI,Devyani International Limited,EQ,16-AUG-2021,EQUITY_L
DGCONTENT,Digicontent Limited,EQ,18-JUN-2019,EQUITY_L
DHABRIYA,Dhabriya Polywood Limited,BE,17-AUG-2026,EQUITY_L
DHAMPURSUG,Dhampur Sugar Mills Limited,EQ,29-MAR-1995,EQUITY_L
DHANBANK,Dhanlaxmi Bank Limited,EQ,01-APR-2004,EQUITY_L
DHANUKA,Dhanuka Agritech Limited,EQ,29-JUN-2011,EQUITY_L
DHARMAJ,Dharmaj Crop Guard Limited,EQ,08-DEC-2022,EQUITY_L
DHATRE,Dhatre Udyog Limited,EQ,17-AUG-2026,EQUITY_L
DHOOTTRANS,Dhoot Transmission Limited,EQ,17-AUG-2026,EQUITY_L
DHRUV,Dhruv Consultancy Services Limited,EQ,25-NOV-2021,EQUITY_L
DHUNINV,Dhunseri Investments Limited,EQ,18-MAR-2011,EQUITY_L
DIACABS,Diamond Power Infrastructure Limited,BE,15-SEP-2023,EQUITY_L
DIAMINESQ,Diamines & Chemicals Limited,EQ,25-SEP-2023,EQUITY_L
DIAMONDYD,Prataap Snacks Limited,EQ,05-OCT-2017,EQUITY_L
DICIND,DIC India Limited,EQ,30-AUG-1995,EQUITY_L
DIFFNKG,Diffusion Engineers Limited,EQ,04-OCT-2024,EQUITY_L
DIGIDRIVE,Digidrive Distributors Limited,EQ,10-JAN-2024,EQUITY_L
DIGISPICE,DiGiSPICE Technologies Limited,EQ,27-MAY-2008,EQUITY_L
DIGITIDE,Digitide Solutions Limited,EQ,11-JUN-2025,EQUITY_L
DIGJAMLMTD,Digjam Limited,EQ,18-OCT-2021,EQUITY_L
DISAQ,Disa India Limited,EQ,20-APR-2026,EQUITY_L
DISHTV,Dish TV India Limited,EQ,18-APR-2007,EQUITY_L
DIVGIITTS,Divgi Torqtransfer Systems Limited,EQ,14-MAR-2023,EQUITY_L
DIVISLAB,Divi's Laboratories Limited,EQ,12-MAR-2003,EQUITY_L
DIXON,Dixon Technologies (India) Limited,EQ,18-SEP-2017,EQUITY_L
DJML,DJ Mediaprint & Logistics Limited,EQ,05-DEC-2022,EQUITY_L
DLF,DLF Limited,EQ,05-JUL-2007,EQUITY_L
DLINKINDIA,D-Link (India) Limited,EQ,18-DEC-2009,EQUITY_L
DMART,Avenue Supermarts Limited,EQ,21-MAR-2017,EQUITY_L
DMCC,DMCC SPECIALITY CHEMICALS LIMITED,EQ,01-DEC-2021,EQUITY_L
DNAMEDIA,Diligent Media Corporation Limited,EQ,11-DEC-2017,EQUITY_L
DODLA,Dodla Dairy Limited,EQ,28-JUN-2021,EQUITY_L
DOLATALGO,Dolat Algotech Limited,EQ,12-JAN-2024,EQUITY_L
DOLLAR,Dollar Industries Limited,EQ,21-APR-2017,EQUITY_L
DOLPHIN,Dolphin Offshore Enterprises (India) Limited,EQ,21-AUG-2023,EQUITY_L
DOMS,DOMS Industries Limited,EQ,20-DEC-2023,EQUITY_L
DONEAR,Donear Industries Limited,EQ,20-DEC-2006,EQUITY_L
DPABHUSHAN,D. P. Abhushan Limited,EQ,03-NOV-2020,EQUITY_L
DPSCLTD,DPSC Limited,BE,21-APR-2008,EQUITY_L
DPWIRES,D P Wires Limited,BE,17-JAN-2020,EQUITY_L
DRAGARWQ,Dr Agarwals Eye Hospital Limited,EQ,20-APR-2026,EQUITY_L
DRCSYSTEMS,DRC Systems India Limited,EQ,10-MAR-2021,EQUITY_L
DREAMFOLKS,Dreamfolks Services Limited,EQ,06-SEP-2022,EQUITY_L
DREDGECORP,Dredging Corporation of India Limited,EQ,15-JAN-2004,EQUITY_L
DRREDDY,Dr. Reddy's Laboratories Limited,EQ,30-MAY-2003,EQUITY_L
DSFCL,DCM Shriram Fine Chemicals Limited,BE,17-FEB-2026,EQUITY_L
DSKULKARNI,DS Kulkarni Developers Limited,BE,08-FEB-1995,EQUITY_L
DSSL,Dynacons Systems & Solutions Limited,EQ,01-DEC-2011,EQUITY_L
DTIL,Dhunseri Tea & Industries Limited,EQ,20-JAN-2015,EQUITY_L
DUCON,Ducon Infratechnologies Limited,EQ,09-OCT-2012,EQUITY_L
DVL,Dhunseri Ventures Limited,EQ,11-JAN-2008,EQUITY_L
DWARKESH,Dwarikesh Sugar Industries Limited,EQ,31-DEC-2004,EQUITY_L
DYCL,Dynamic Cables Limited,EQ,27-JUL-2022,EQUITY_L
DYNAMATECH,Dynamatic Technologies Limited,EQ,14-SEP-2006,EQUITY_L
DYNPRO,Dynemic Products Limited,EQ,19-JUL-2017,EQUITY_L
E2E,E2E Networks Limited,BE,12-APR-2022,EQUITY_L
EASEMYTRIP,Easy Trip Planners Limited,EQ,19-MAR-2021,EQUITY_L
EASTSILK,Eastern Silk Industries Limited,BE,03-JUL-1996,EQUITY_L
EASTWEST,East West Freight Carriers Limited,EQ,17-AUG-2026,EQUITY_L
EBGNG,GNG Electronics Limited,EQ,30-JUL-2025,EQUITY_L
EBIX,EBIX Limited,EQ,17-AUG-2026,EQUITY_L
ECLERX,eClerx Services Limited,EQ,31-DEC-2007,EQUITY_L
ECORECO,Eco Recycling Limited,EQ,17-AUG-2026,EQUITY_L
ECOSMOBLTY,Ecos (India) Mobility & Hospitality Limited,BE,04-SEP-2024,EQUITY_L
EDELWEISS,Edelweiss Financial Services Limited,EQ,12-DEC-2007,EQUITY_L
EFCIL,EFC (I) Limited,EQ,20-AUG-2025,EQUITY_L
EICHERMOT,Eicher Motors Limited,EQ,07-SEP-2004,EQUITY_L
EIDPARRY,EID Parry India Limited,EQ,10-MAY-1995,EQUITY_L
EIEL,Enviro Infra Engineers Limited,EQ,29-NOV-2024,EQUITY_L
EIFFL,Euro India Fresh Foods Limited,BE,12-OCT-2021,EQUITY_L
EIHAHOTELS,EIH Associated Hotels Limited,EQ,08-APR-2008,EQUITY_L
EIHOTEL,EIH Limited,EQ,08-FEB-1995,EQUITY_L
EIMCOELECO,Eimco Elecon (India) Limited,EQ,17-APR-1996,EQUITY_L
EKC,Everest Kanto Cylinder Limited,EQ,15-DEC-2005,EQUITY_L
EKI,EKI Energy Services Limited,EQ,17-AUG-2026,EQUITY_L
ELANTAS,Elantas Beck India Limited,EQ,20-APR-2026,EQUITY_L
ELCIDIN,EL CID Investments Limited,EQ,20-APR-2026,EQUITY_L
ELDEHSG,Eldeco Housing And Industries Limited,EQ,12-APR-2022,EQUITY_L
ELECON,Elecon Engineering Company Limited,EQ,29-SEP-2006,EQUITY_L
ELECTCAST,Electrosteel Castings Limited,EQ,20-JUN-2003,EQUITY_L
ELECTHERM,Electrotherm (India) Limited,EQ,20-AUG-2007,EQUITY_L
ELGIEQUIP,Elgi Equipments Limited,EQ,22-NOV-1995,EQUITY_L
ELGIRUBCO,Elgi Rubber Company Limited,EQ,10-AUG-2011,EQUITY_L
ELIN,Elin Electronics Limited,EQ,30-DEC-2022,EQUITY_L
ELITECON,Elitecon International Limited,EQ,20-APR-2026,EQUITY_L
ELLEN,Ellenbarrie Industrial Gases Limited,EQ,01-JUL-2025,EQUITY_L
ELPROINTL,Elpro International Limited,EQ,20-APR-2026,EQUITY_L
EMAMILTD,Emami Limited,EQ,03-AUG-2006,EQUITY_L
EMAMIPAP,Emami Paper Mills Limited,BE,30-MAY-2019,EQUITY_L
EMAMIREAL,Emami Realty Limited,EQ,28-JUL-2010,EQUITY_L
EMBDL,Embassy Developments Limited,EQ,23-MAR-2007,EQUITY_L
EMCURE,Emcure Pharmaceuticals Limited,EQ,10-JUL-2024,EQUITY_L
EMIL,Electronics Mart India Limited,EQ,17-OCT-2022,EQUITY_L
EMKAY,Emkay Global Financial Services Limited,EQ,28-APR-2006,EQUITY_L
EMMBI,Emmbi Industries Limited,BE,24-FEB-2010,EQUITY_L
EMMVEE,Emmvee Photovoltaic Power Limited,EQ,18-NOV-2025,EQUITY_L
EMPIND,Empire Industries Limited,EQ,17-AUG-2026,EQUITY_L
EMPOWER,Empower India Limited,EQ,20-APR-2026,EQUITY_L
EMSLIMITED,EMS Limited,EQ,21-SEP-2023,EQUITY_L
EMUDHRA,eMudhra Limited,EQ,01-JUN-2022,EQUITY_L
ENDURANCE,Endurance Technologies Limited,EQ,19-OCT-2016,EQUITY_L
ENERGYDEV,Energy Development Company Limited,EQ,02-NOV-2007,EQUITY_L
ENGINERSIN,Engineers India Limited,EQ,20-AUG-1997,EQUITY_L
ENIL,Entertainment Network (India) Limited,EQ,15-FEB-2006,EQUITY_L
ENKEIWHEL,Enkei Wheels (India) Limited,EQ,17-AUG-2026,EQUITY_L
ENRIN,Siemens Energy India Limited,EQ,19-JUN-2025,EQUITY_L
ENTERO,Entero Healthcare Solutions Limited,EQ,16-FEB-2024,EQUITY_L
EPACK,EPACK Durable Limited,EQ,30-JAN-2024,EQUITY_L
EPACKPEB,EPack Prefab Technologies Limited,EQ,01-OCT-2025,EQUITY_L
EPIGRAL,Epigral Limited,EQ,18-AUG-2021,EQUITY_L
EPL,EPL Limited,EQ,11-FEB-2002,EQUITY_L
EQUIPPP,Equippp Social Impact Technologies Limited,BE,19-MAY-2021,EQUITY_L
EQUITASBNK,Equitas Small Finance Bank Limited,EQ,02-NOV-2020,EQUITY_L
ERIS,Eris Lifesciences Limited,EQ,29-JUN-2017,EQUITY_L
ESABINDIA,Esab India Limited,EQ,01-NOV-1995,EQUITY_L
ESAFSFB,ESAF Small Finance Bank Limited,BE,10-NOV-2023,EQUITY_L
ESCORTS,Escorts Kubota Limited,EQ,01-MAR-1995,EQUITY_L
ESSARSHPNG,Essar Shipping Limited,EQ,15-NOV-2011,EQUITY_L
ESSENTIA,Integra Essentia Limited,EQ,20-AUG-2013,EQUITY_L
ESTER,Ester Industries Limited,EQ,20-JUN-2011,EQUITY_L
ETERNAL,ETERNAL LIMITED,EQ,23-JUL-2021,EQUITY_L
ETHOSLTD,Ethos Limited,EQ,30-MAY-2022,EQUITY_L
EUREKAFORB,Eureka Forbes Limited,EQ,11-SEP-2024,EQUITY_L
EUROBOND,Euro Panel Products Limited,EQ,01-AUG-2025,EQUITY_L
EUROPRATIK,Euro Pratik Sales Limited,EQ,23-SEP-2025,EQUITY_L
EUROTEXIND,Eurotex Industries and Exports Limited,BE,31-JAN-1996,EQUITY_L
EVEREADY,Eveready Industries India Limited,EQ,27-APR-2005,EQUITY_L
EVERESTIND,Everest Industries Limited,BE,29-MAR-1995,EQUITY_L
EXCELINDUS,Excel Industries Limited,EQ,16-JUN-2004,EQUITY_L
EXCELSOFT,Excelsoft Technologies Limited,EQ,26-NOV-2025,EQUITY_L
EXICOM,Exicom Tele-Systems Limited,EQ,05-MAR-2024,EQUITY_L
EXIDEIND,Exide Industries Limited,EQ,17-JUN-2003,EQUITY_L
EXPLEOSOL,Expleo Solutions Limited,EQ,26-OCT-2009,EQUITY_L
EXXARO,Exxaro Tiles Limited,EQ,16-AUG-2021,EQUITY_L
FABTECH,Fabtech Technologies Limited,EQ,07-OCT-2025,EQUITY_L
FACT,Fertilizers and Chemicals Travancore Limited,EQ,12-APR-1995,EQUITY_L
FAIRCHEMOR,Fairchem Organics Limited,BE,24-DEC-2020,EQUITY_L
FAZE3Q,Faze Three Limited,EQ,18-NOV-2022,EQUITY_L
FCL,Fineotex Chemical Limited,EQ,15-JAN-2015,EQUITY_L
FCSSOFT,FCS Software Solutions Limited,EQ,21-SEP-2005,EQUITY_L
FDC,FDC Limited,EQ,07-AUG-1997,EQUITY_L
FEDDERSHOL,Fedders Holding Limited,EQ,20-APR-2026,EQUITY_L
FEDERALBNK,The Federal Bank  Limited,EQ,08-FEB-1995,EQUITY_L
FEDFINA,Fedbank Financial Services Limited,EQ,30-NOV-2023,EQUITY_L
FERMENTA,Fermenta Biotech Limited,EQ,04-AUG-2026,EQUITY_L
FIBERWEB,Fiberweb (India) Limited,EQ,16-FEB-2022,EQUITY_L
FIEMIND,Fiem Industries Limited,EQ,19-OCT-2006,EQUITY_L
FILATEX,Filatex India Limited,EQ,29-AUG-2011,EQUITY_L
FILATFASH,Filatex Fashions Limited,EQ,06-MAY-2024,EQUITY_L
FINCABLES,Finolex Cables Limited,EQ,15-FEB-1995,EQUITY_L
FINEORG,Fine Organic Industries Limited,EQ,02-JUL-2018,EQUITY_L
FINKURVE,Finkurve Financial Services Limited,EQ,01-OCT-2025,EQUITY_L
FINOPB,Fino Payments Bank Limited,EQ,12-NOV-2021,EQUITY_L
FINPIPE,Finolex Industries Limited,EQ,08-FEB-1995,EQUITY_L
FIRSTCRY,Brainbees Solutions Limited,EQ,13-AUG-2024,EQUITY_L
FISCHER,Fischer Medical Ventures Limited,EQ,10-JUL-2025,EQUITY_L
FIVESTAR,Five-Star Business Finance Limited,EQ,21-NOV-2022,EQUITY_L
FLAIR,Flair Writing Industries Limited,EQ,01-DEC-2023,EQUITY_L
FLEXITUFF,Flexituff Ventures International Limited,BE,19-OCT-2011,EQUITY_L
FLUOROCHEM,Gujarat Fluorochemicals Limited,EQ,16-OCT-2019,EQUITY_L
FMGOETZE,Federal-Mogul Goetze (India) Limited.,EQ,08-FEB-1995,EQUITY_L
FMNL,Future Market Networks Limited,EQ,31-DEC-2010,EQUITY_L
FOCUS,Focus Lighting and Fixtures Limited,BE,24-NOV-2021,EQUITY_L
FOODSIN,Foods & Inns Limited,EQ,16-NOV-2021,EQUITY_L
FORCEMOT,FORCE MOTORS LTD,EQ,14-FEB-2024,EQUITY_L
FORTIS,Fortis Healthcare Limited,EQ,09-MAY-2007,EQUITY_L
FOSECOIND,Foseco India Limited,EQ,05-MAY-2003,EQUITY_L
FRACTAL,Fractal Analytics Limited,EQ,16-FEB-2026,EQUITY_L
FREDUN,Fredun Pharmaceuticals Limited,EQ,17-AUG-2026,EQUITY_L
FRONTSP,Frontier Springs Limited,EQ,20-APR-2026,EQUITY_L
FSL,Firstsource Solutions Limited,EQ,22-FEB-2007,EQUITY_L
FUSION,Fusion Finance Limited,EQ,15-NOV-2022,EQUITY_L
GABRIEL,Gabriel India Limited,EQ,20-APR-2005,EQUITY_L
GAEL,Gujarat Ambuja Exports Limited,EQ,11-OCT-2000,EQUITY_L
GAIL,GAIL (India) Limited,EQ,02-APR-1997,EQUITY_L
GAJA,Gaja Alternative Asset Management Limited,EQ,26-AUG-2026,EQUITY_L
GALAPREC,Gala Precision Engineering Limited,EQ,09-SEP-2024,EQUITY_L
GALAXYSURF,Galaxy Surfactants Limited,EQ,08-FEB-2018,EQUITY_L
GALLANTT,Gallantt Ispat Limited,EQ,04-APR-2006,EQUITY_L
GANDHAR,Gandhar Oil Refinery (India) Limited,EQ,30-NOV-2023,EQUITY_L
GANDHITUBE,Gandhi Special Tubes Limited,EQ,31-JAN-2007,EQUITY_L
GANECOS,Ganesha Ecosphere Limited,EQ,09-MAR-2015,EQUITY_L
GANESHBE,Ganesh Benzoplast Limited,BE,16-SEP-2021,EQUITY_L
GANESHCP,Ganesh Consumer Products Limited,EQ,29-SEP-2025,EQUITY_L
GANESHHOU,GANESH HOUSING LIMITED,EQ,02-MAR-2007,EQUITY_L
GANGAFORGE,Ganga Forging Limited,EQ,06-JUL-2021,EQUITY_L
GANGESSECU,Ganges Securities Limited,EQ,28-JUL-2017,EQUITY_L
GARFIBRES,Garware Technical Fibres Limited,EQ,03-APR-2007,EQUITY_L
GARUDA,Garuda Construction and Engineering Limited,EQ,15-OCT-2024,EQUITY_L
GATECH,GACM Technologies Limited,BE,25-JUL-2016,EQUITY_L
GATECHDVR,GACM Technologies Limited,BE,10-OCT-2017,EQUITY_L
GATEWAY,Gateway Distriparks Limited,EQ,22-MAR-2022,EQUITY_L
GAUDIUMIVF,Gaudium IVF and Women Health Limited,BE,27-FEB-2026,EQUITY_L
GAYAHWS,Gayatri Highways Limited,EQ,28-JUN-2018,EQUITY_L
GAYAPROJ,Gayatri Projects Limited,BE,22-AUG-2011,EQUITY_L
GCSL,Gretex Corporate Services Limited,EQ,04-SEP-2025,EQUITY_L
GEECEE,GeeCee Ventures Limited,BE,04-OCT-2006,EQUITY_L
GEEKAYWIRE,Geekay Wires Limited,EQ,06-MAR-2020,EQUITY_L
GEMAROMA,Gem Aromatics Limited,EQ,26-AUG-2025,EQUITY_L
GENCON,Generic Engineering Construction and Projects Limited,EQ,16-FEB-2021,EQUITY_L
GENESYS,Genesys International Corporation Limited,EQ,23-JAN-2003,EQUITY_L
GENUSPAPER,Genus Paper & Boards Limited,EQ,16-FEB-2015,EQUITY_L
GENUSPOWER,Genus Power Infrastructures Limited,EQ,08-JUL-2005,EQUITY_L
GEOJITFSL,Geojit Financial Services Limited,EQ,01-JUL-2005,EQUITY_L
GESHIP,The Great Eastern Shipping Company Limited,EQ,27-NOV-2006,EQUITY_L
GFLLIMITED,GFL Limited,EQ,25-MAY-1995,EQUITY_L
GHCL,GHCL Limited,EQ,31-JUL-2003,EQUITY_L
GHCLTEXTIL,GHCL Textiles Limited,EQ,12-JUN-2023,EQUITY_L
GICHSGFIN,GIC Housing Finance Limited,EQ,08-MAY-1996,EQUITY_L
GICL,Globe International Carriers Limited,EQ,18-FEB-2026,EQUITY_L
GICRE,General Insurance Corporation of India,EQ,25-OCT-2017,EQUITY_L
GILLANDERS,Gillanders Arbuthnot & Company Limited,EQ,14-DEC-2009,EQUITY_L
GILLETTE,Gillette India Limited,EQ,30-JUL-2003,EQUITY_L
GINNIFILA,Ginni Filaments Limited,BE,10-MAY-1995,EQUITY_L
GIPCL,Gujarat Industries Power Company Limited,EQ,08-FEB-1995,EQUITY_L
GKB,GKB Ophthalmics Limited,EQ,17-AUG-2026,EQUITY_L
GKENERGY,GK Energy Limited,EQ,26-SEP-2025,EQUITY_L
GKSL,Gujarat Kidney And Super Speciality Limited,EQ,30-DEC-2025,EQUITY_L
GKWLIMITED,GKW Limited,EQ,20-JUL-2009,EQUITY_L
GLAND,Gland Pharma Limited,EQ,20-NOV-2020,EQUITY_L
GLAXO,GlaxoSmithKline Pharmaceuticals Limited,EQ,15-DEC-2000,EQUITY_L
GLENMARK,Glenmark Pharmaceuticals Limited,EQ,07-FEB-2000,EQUITY_L
GLFL,Gujarat Lease Financing Limited,EQ,08-FEB-1995,EQUITY_L
GLOBAL,Global Education Limited,EQ,07-DEC-2020,EQUITY_L
GLOBALE,Globale Tessile Limited,EQ,27-AUG-2024,EQUITY_L
GLOBALVECT,Global Vectra Helicorp Limited,EQ,27-OCT-2006,EQUITY_L
GLOBE,GLOBE ENTERPRISES (INDIA) LIMITED,EQ,07-OCT-2020,EQUITY_L
GLOBECIVIL,Globe Civil Projects Limited,EQ,01-JUL-2025,EQUITY_L
GLOBUSSPR,Globus Spirits Limited,EQ,23-SEP-2009,EQUITY_L
GLOSTERLTD,Gloster Limited,EQ,26-APR-2024,EQUITY_L
GLOTTIS,Glottis Limited,EQ,07-OCT-2025,EQUITY_L
GMBREW,GM Breweries Limited,EQ,23-AUG-1995,EQUITY_L
GMDCLTD,Gujarat Mineral Development Corporation Limited,EQ,17-DEC-1997,EQUITY_L
GMMPFAUDLR,GMM Pfaudler Limited,EQ,05-MAR-2018,EQUITY_L
GMRAIRPORT,GMR AIRPORTS LIMITED,EQ,21-AUG-2006,EQUITY_L
GMRP&UI,GMR Power and Urban Infra Limited,EQ,23-MAR-2022,EQUITY_L
GNA,GNA Axles Limited,EQ,26-SEP-2016,EQUITY_L
GNFC,Gujarat Narmada Valley Fertilizers and Chemicals Limited,EQ,17-MAY-1995,EQUITY_L
GNRL,Gujarat Natural Resources Limited,EQ,20-APR-2026,EQUITY_L
GOACARBON,Goa Carbon Limited,EQ,05-JUN-2007,EQUITY_L
GOCLCORP,GOCL Corporation Limited,EQ,26-JUN-2014,EQUITY_L
GOCOLORS,Go Fashion (India) Limited,EQ,30-NOV-2021,EQUITY_L
GODAVARIB,Godavari Biorefineries Limited,EQ,30-OCT-2024,EQUITY_L
GODFRYPHLP,Godfrey Phillips India Limited,EQ,24-JUL-1996,EQUITY_L
GODIGIT,Go Digit General Insurance Limited,EQ,23-MAY-2024,EQUITY_L
GODREJAGRO,Godrej Agrovet Limited,EQ,16-OCT-2017,EQUITY_L
GODREJCP,Godrej Consumer Products Limited,EQ,20-JUN-2001,EQUITY_L
GODREJIND,Godrej Industries Limited,EQ,25-FEB-2003,EQUITY_L
GODREJPROP,Godrej Properties Limited,EQ,05-JAN-2010,EQUITY_L
GOKEX,Gokaldas Exports Limited,EQ,27-APR-2005,EQUITY_L
GOKUL,Gokul Refoils and Solvent Limited,EQ,04-JUN-2008,EQUITY_L
GOKULAGRO,Gokul Agro Resources Limited,EQ,11-MAR-2016,EQUITY_L
GOLDIAM,Goldiam International Limited,EQ,29-AUG-2005,EQUITY_L
GOLDTECH,AION-TECH SOLUTIONS LIMITED,BE,11-APR-2001,EQUITY_L
GOODLUCK,Goodluck India Limited,EQ,08-JAN-2015,EQUITY_L
GOODYEAR,Goodyear India Limited,EQ,20-APR-2026,EQUITY_L
GOPAL,Gopal Snacks Limited,EQ,14-MAR-2024,EQUITY_L
GOYALALUM,Goyal Aluminiums Limited,EQ,04-NOV-2022,EQUITY_L
GPIL,Godawari Power And Ispat limited,EQ,25-APR-2006,EQUITY_L
GPPL,Gujarat Pipavav Port Limited,EQ,09-SEP-2010,EQUITY_L
GPTHEALTH,GPT Healthcare Limited,EQ,29-FEB-2024,EQUITY_L
GPTINFRA,GPT Infraprojects Limited,EQ,11-JUL-2016,EQUITY_L
GRADIENTE,Gradiente Infotainment Limited,EQ,08-MAY-2026,EQUITY_L
GRANDOAK,Grand Oak Canyons Distillery Limited,EQ,20-APR-2026,EQUITY_L
GRANULES,Granules India Limited,EQ,20-JUN-2005,EQUITY_L
GRAPHITE,Graphite India Limited,EQ,07-FEB-2003,EQUITY_L
GRASIM,Grasim Industries Limited,EQ,10-MAY-1995,EQUITY_L
GRAUWEIL,Grauer & Weil India Limited,EQ,20-APR-2026,EQUITY_L
GRAVISSHO,Graviss Hospitality Limited,EQ,20-APR-2026,EQUITY_L
GRAVITA,Gravita India Limited,EQ,16-NOV-2010,EQUITY_L
GREAVESCOT,Greaves Cotton Limited,EQ,09-SEP-2004,EQUITY_L
GREENLAM,Greenlam Industries Limited,EQ,02-MAR-2015,EQUITY_L
GREENPANEL,Greenpanel Industries Limited,EQ,23-OCT-2019,EQUITY_L
GREENPLY,Greenply Industries Limited,EQ,06-MAR-1996,EQUITY_L
GREENPOWER,Orient Green Power Company Limited,EQ,08-OCT-2010,EQUITY_L
GRINDWELL,Grindwell Norton Limited,EQ,11-SEP-2006,EQUITY_L
GRINFRA,G R Infraprojects Limited,EQ,19-JUL-2021,EQUITY_L
GRMOVER,GRM Overseas Limited,EQ,07-SEP-2022,EQUITY_L
GROBTEA,The Grob Tea Company Limited,EQ,14-JUL-2016,EQUITY_L
GROWW,Billionbrains Garage Ventures Limited,EQ,12-NOV-2025,EQUITY_L
GRPLTD,GRP Limited,EQ,12-FEB-2015,EQUITY_L
GRSE,Garden Reach Shipbuilders & Engineers Limited,EQ,10-OCT-2018,EQUITY_L
GRWRHITECH,Garware Hi-Tech Films Limited,EQ,03-FEB-2022,EQUITY_L
GSFC,Gujarat State Fertilizers & Chemicals Limited,EQ,06-SEP-1995,EQUITY_L
GSLSU,Global Surfaces Limited,EQ,23-MAR-2023,EQUITY_L
GSPCROP,GSP Crop Science Limited,EQ,24-MAR-2026,EQUITY_L
GSS,GSS Infotech Limited,EQ,07-MAR-2008,EQUITY_L
GTECJAINX,G-TEC JAINX EDUCATION LIMITED,BE,13-NOV-2020,EQUITY_L
GTL,GTL Limited,EQ,29-MAR-1995,EQUITY_L
GTLINFRA,GTL Infrastructure Limited,EQ,09-NOV-2006,EQUITY_L
GTPL,GTPL Hathway Limited,EQ,04-JUL-2017,EQUITY_L
GUFICBIO,Gufic Biosciences Limited,EQ,19-OCT-2004,EQUITY_L
GUJALKALI,Gujarat Alkalies and Chemicals Limited,EQ,07-AUG-1997,EQUITY_L
GUJAPOLLO,Gujarat Apollo Industries Limited,EQ,04-JUN-2007,EQUITY_L
GUJENERGY,GUJARAT ENERGY LIMITED,EQ,15-SEP-2015,EQUITY_L
GUJRAFFIA,Gujarat Raffia Industries Limited,EQ,09-OCT-1996,EQUITY_L
GUJTHEM,Gujarat Themis Biosyn Limited,EQ,25-FEB-2025,EQUITY_L
GULFOILLUB,Gulf Oil Lubricants India Limited,EQ,31-JUL-2014,EQUITY_L
GULFPETRO,GP Petroleums Limited,BE,24-SEP-2004,EQUITY_L
GULPOLY,Gulshan Polyols Limited,EQ,28-JAN-2015,EQUITY_L
GVKPIL,GVK Power & Infrastructure Limited,BE,27-FEB-2006,EQUITY_L
GVPIL,GE Power India Limited,EQ,19-APR-2000,EQUITY_L
GVPTECH,GVP Infotech Limited,EQ,06-SEP-2022,EQUITY_L
GVT&D,GE Vernova T&D India Limited,EQ,30-JUN-2008,EQUITY_L
GYFTR,Gyftr Limited,EQ,10-JUL-2026,EQUITY_L
HAL,Hindustan Aeronautics Limited,EQ,28-MAR-2018,EQUITY_L
HALDER,Halder Venture Limited,EQ,19-JAN-2026,EQUITY_L
HALDYNGL,Haldyn Glass Limited,BE,20-APR-2026,EQUITY_L
HALEOSLABS,HALEOS LABS LIMITED,EQ,17-AUG-2017,EQUITY_L
HAMPTON,Hampton Sky Realty Limited,EQ,17-AUG-2026,EQUITY_L
HAPPSTMNDS,Happiest Minds Technologies Limited,EQ,17-SEP-2020,EQUITY_L
HAPPYFORGE,Happy Forgings Limited,EQ,27-DEC-2023,EQUITY_L
HARDWYN,Hardwyn India Limited,EQ,12-APR-2022,EQUITY_L
HARIOMPIPE,Hariom Pipe Industries Limited,EQ,13-APR-2022,EQUITY_L
HARRMALAYA,Harrisons  Malayalam Limited,EQ,08-FEB-1995,EQUITY_L
HARSHA,Harsha Engineers International Limited,EQ,26-SEP-2022,EQUITY_L
HATHWAY,Hathway Cable & Datacom Limited,EQ,25-FEB-2010,EQUITY_L
HATSUN,Hatsun Agro Product Limited,EQ,20-JUN-2014,EQUITY_L
HAVELLS,Havells India Limited,EQ,21-MAR-2001,EQUITY_L
HAVISHA,Sri Havisha Hospitality and Infrastructure Limited,EQ,16-FEB-2000,EQUITY_L
HAWKINCOOK,Hawkins Cookers Limited,EQ,20-APR-2026,EQUITY_L
HAZOOR,Hazoor Multi Projects Limited,EQ,17-AUG-2026,EQUITY_L
HBESD,HB Estate Developers Limited,EQ,20-APR-2026,EQUITY_L
HBLENGINE,HBL Engineering Limited,EQ,04-JAN-2007,EQUITY_L
HBPOR,HB Portfolio Limited,EQ,17-AUG-2026,EQUITY_L
HBSL,HB Stockholdings Limited,EQ,23-JUL-2018,EQUITY_L
HCC,Hindustan Construction Company Limited,EQ,01-APR-2003,EQUITY_L
HCG,Healthcare Global Enterprises Limited,EQ,30-MAR-2016,EQUITY_L
HCL-INSYS,HCL Infosystems Limited,EQ,01-JAN-1997,EQUITY_L
HCLTECH,HCL Technologies Limited,EQ,06-JAN-2000,EQUITY_L
HDBFS,HDB Financial Services Limited,EQ,02-JUL-2025,EQUITY_L
HDFCAMC,HDFC Asset Management Company Limited,EQ,06-AUG-2018,EQUITY_L
HDFCBANK,HDFC Bank Limited,EQ,08-NOV-1995,EQUITY_L
HDFCLIFE,HDFC Life Insurance Company Limited,EQ,17-NOV-2017,EQUITY_L
HEADSUP,Heads UP Ventures Limited,EQ,14-DEC-2016,EQUITY_L
HEALTHX,Health X Platform Limited,EQ,05-OCT-2010,EQUITY_L
HECPROJECT,HEC Infra Projects Limited,EQ,30-DEC-2021,EQUITY_L
HEG,HEG Limited,EQ,10-MAY-1995,EQUITY_L
HEIDELBERG,HeidelbergCement India Limited,EQ,15-MAR-1995,EQUITY_L
HEMIPROP,Hemisphere Properties India Limited,EQ,22-OCT-2020,EQUITY_L
HERANBA,Heranba Industries Limited,EQ,05-MAR-2021,EQUITY_L
HERITGFOOD,Heritage Foods Limited,EQ,27-NOV-1996,EQUITY_L
HEROMOTOCO,Hero MotoCorp Limited,EQ,11-APR-2003,EQUITY_L
HESTERBIO,Hester Biosciences Limited,EQ,13-MAR-2015,EQUITY_L
HEXAGON,Hexagon Nutrition Limited,BE,12-JUN-2026,EQUITY_L
HEXATRADEX,Hexa Tradex Limited,EQ,20-APR-2012,EQUITY_L
HEXT,Hexaware Technologies Limited,EQ,19-FEB-2025,EQUITY_L
HFCL,HFCL Limited,EQ,09-MAR-2011,EQUITY_L
HGINFRA,H.G. Infra Engineering Limited,EQ,09-MAR-2018,EQUITY_L
HGM,HandsOn Global Management (HGM) Limited,EQ,27-SEP-2006,EQUITY_L
HGS,Hinduja Global Solutions Limited,EQ,19-JUN-2007,EQUITY_L
HIKAL,Hikal Limited,EQ,14-FEB-2001,EQUITY_L
HILINFRA,Highway Infrastructure Limited,EQ,12-AUG-2025,EQUITY_L
HILTON,Hilton Metal Forging Limited,EQ,24-MAY-2007,EQUITY_L
HIMATSEIDE,Himatsingka Seide Limited,EQ,08-FEB-1995,EQUITY_L
HINDADH,Hindustan Adhesives Limited,EQ,17-AUG-2026,EQUITY_L
HINDALCO,Hindalco Industries Limited,EQ,08-JAN-1997,EQUITY_L
HINDALUMI,Hind Aluminium Industries Limited,EQ,17-AUG-2026,EQUITY_L
HINDCOMPOS,Hindustan Composites Limited,EQ,08-MAY-1996,EQUITY_L
HINDCON,Hindcon Chemicals Limited,EQ,05-JUL-2021,EQUITY_L
HINDCOPPER,Hindustan Copper Limited,EQ,15-SEP-2010,EQUITY_L
HINDOILEXP,Hindustan Oil Exploration Company Limited,EQ,23-SEP-2003,EQUITY_L
HINDPETRO,Hindustan Petroleum Corporation Limited,EQ,17-JUN-1998,EQUITY_L
HINDUNILVR,Hindustan Unilever Limited,EQ,06-JUL-1995,EQUITY_L
HINDWAREAP,Hindware Home Innovation Limited,EQ,26-DEC-2019,EQUITY_L
HINDZINC,Hindustan Zinc Limited,EQ,21-NOV-2006,EQUITY_L
HIRECT,Hirect Limited,EQ,26-DEC-2006,EQUITY_L
HISARMETAL,Hisar Metal Industries Limited,EQ,05-JAN-2017,EQUITY_L
HITECH,Hi-Tech Pipes Limited,EQ,07-MAY-2018,EQUITY_L
HITECHCORP,Hitech Corporation Limited,BE,20-DEC-2007,EQUITY_L
HITECHGEAR,The Hi-Tech Gears Limited,BE,21-JAN-2002,EQUITY_L
HLEGLAS,HLE Glascoat Limited,EQ,09-FEB-2023,EQUITY_L
HLVLTD,HLV LIMITED,EQ,19-JUL-1995,EQUITY_L
HMAAGRO,HMA Agro Industries Limited,EQ,04-JUL-2023,EQUITY_L
HMVL,Hindustan Media Ventures Limited,BE,21-JUL-2010,EQUITY_L
HNDFDS,Hindustan Foods Limited,EQ,06-JUN-2023,EQUITY_L
HOMEFIRST,Home First Finance Company India Limited,EQ,03-FEB-2021,EQUITY_L
HONASA,Honasa Consumer Limited,EQ,07-NOV-2023,EQUITY_L
HONAUT,Honeywell Automation India Limited,EQ,18-JUL-2003,EQUITY_L
HONDAPOWER,Honda India Power Products Limited,EQ,01-APR-2003,EQUITY_L
HORIZONIND,Horizon Industrial Parks Limited,EQ,24-AUG-2026,EQUITY_L
HPAL,HP Adhesives Limited,EQ,27-DEC-2021,EQUITY_L
HPIL,Hindprakash Industries Limited,EQ,07-NOV-2022,EQUITY_L
HPL,HPL Electric & Power Limited,EQ,04-OCT-2016,EQUITY_L
HRYNSHP,Hariyana Ship Breakers Limited,EQ,17-AUG-2026,EQUITY_L
HSCL,Himadri Speciality Chemical Limited,EQ,02-MAR-2007,EQUITY_L
HTMEDIA,HT Media Limited,EQ,01-SEP-2005,EQUITY_L
HUBTOWN,Hubtown Limited,EQ,07-FEB-2007,EQUITY_L
HUDCO,Housing & Urban Development Corporation Limited,EQ,19-MAY-2017,EQUITY_L
HUHTAMAKI,Huhtamaki India Limited,EQ,01-OCT-2004,EQUITY_L
HYBRIDFIN,Hybrid Financial Services Limited,BE,05-DEC-2022,EQUITY_L
HYUNDAI,Hyundai Motor India Limited,EQ,22-OCT-2024,EQUITY_L
IBULLSLTD,Indiabulls Limited,EQ,18-AUG-2011,EQUITY_L
ICDSLTD,ICDS Limited,EQ,17-NOV-1999,EQUITY_L
ICEMAKE,Ice Make Refrigeration Limited,EQ,12-OCT-2020,EQUITY_L
ICICIAMC,ICICI Prudential Asset Management Company Limited,EQ,19-DEC-2025,EQUITY_L
ICICIBANK,ICICI Bank Limited,EQ,17-SEP-1997,EQUITY_L
ICICIGI,ICICI Lombard General Insurance Company Limited,EQ,27-SEP-2017,EQUITY_L
ICICIPRULI,ICICI Prudential Life Insurance Company Limited,EQ,29-SEP-2016,EQUITY_L
ICIL,Indo Count Industries Limited,EQ,12-SEP-2005,EQUITY_L
ICRA,ICRA Limited,EQ,13-APR-2007,EQUITY_L
IDBI,IDBI Bank Limited,EQ,20-SEP-1995,EQUITY_L
IDEA,Vodafone Idea Limited,EQ,09-MAR-2007,EQUITY_L
IDEAFORGE,Ideaforge Technology Limited,EQ,07-JUL-2023,EQUITY_L
IDFCFIRSTB,IDFC First Bank Limited,EQ,06-NOV-2015,EQUITY_L
IEX,Indian Energy Exchange Limited,EQ,23-OCT-2017,EQUITY_L
IFBAGRO,IFB Agro Industries Limited,EQ,03-APR-1996,EQUITY_L
IFBIND,IFB Industries Limited,EQ,29-MAR-1995,EQUITY_L
IFCI,IFCI Limited,EQ,26-APR-1995,EQUITY_L
IFGLEXPOR,IFGL Refractories Limited,EQ,14-NOV-2017,EQUITY_L
IGARASHI,Igarashi Motors India Limited,EQ,09-OCT-2003,EQUITY_L
IGCL,Indogulf Cropsciences Limited,EQ,03-JUL-2025,EQUITY_L
IGIL,International Gemological Institute Limited,EQ,20-DEC-2024,EQUITY_L
IGL,Indraprastha Gas Limited,EQ,26-DEC-2003,EQUITY_L
IGPL,IG Petrochemicals Limited,EQ,29-JAN-2007,EQUITY_L
IIFL,IIFL Finance Limited,EQ,17-MAY-2005,EQUITY_L
IIFLCAPS,IIFL Capital Services Limited,EQ,20-SEP-2019,EQUITY_L
IITL,Industrial Investment Trust Limited,EQ,17-AUG-2010,EQUITY_L
IKIO,IKIO Technologies Limited,EQ,16-JUN-2023,EQUITY_L
IKS,Inventurus Knowledge Solutions Limited,EQ,19-DEC-2024,EQUITY_L
IMAGICAA,Imagicaaworld Entertainment Limited,EQ,06-APR-2015,EQUITY_L
IMFA,Indian Metals & Ferro Alloys Limited,EQ,23-JUL-2010,EQUITY_L
IMPAL,India Motor Parts and Accessories Limited,EQ,07-OCT-2005,EQUITY_L
INA,Insolation Energy Limited,EQ,09-MAR-2026,EQUITY_L
INCREDIBLE,INCREDIBLE INDUSTRIES LIMITED,EQ,01-JUL-2016,EQUITY_L
INDBANK,Indbank Merchant Banking Services Limited,EQ,08-OCT-2008,EQUITY_L
INDGN,Indegene Limited,EQ,13-MAY-2024,EQUITY_L
INDHOTEL,The Indian Hotels Company Limited,EQ,03-JUL-1996,EQUITY_L
INDIACEM,The India Cements Limited,EQ,31-MAY-2000,EQUITY_L
INDIAGLYCO,India Glycols Limited,EQ,01-JUL-2005,EQUITY_L
INDIAMART,Indiamart Intermesh Limited,EQ,04-JUL-2019,EQUITY_L
INDIANB,Indian Bank,EQ,01-MAR-2007,EQUITY_L
INDIANCARD,Indian Card Clothing Company Limited,EQ,08-JAN-1997,EQUITY_L
INDIANHUME,Indian Hume Pipe Company Limited,EQ,30-AUG-1995,EQUITY_L
INDIASHLTR,India Shelter Finance Corporation Limited,EQ,20-DEC-2023,EQUITY_L
INDIGO,InterGlobe Aviation Limited,EQ,10-NOV-2015,EQUITY_L
INDIGOPNTS,Indigo Paints Limited,EQ,02-FEB-2021,EQUITY_L
INDIQUBE,Indiqube Spaces Limited,EQ,30-JUL-2025,EQUITY_L
INDNIPPON,India Nippon Electricals Limited,EQ,07-MAY-1997,EQUITY_L
INDOAMIN,Indo Amines Limited,BE,29-APR-2022,EQUITY_L
INDOBORAX,Indo Borax & Chemicals Limited,EQ,29-MAR-2022,EQUITY_L
INDOCO,Indoco Remedies Limited,EQ,14-JAN-2005,EQUITY_L
INDOFARM,Indo Farm Equipment Limited,EQ,07-JAN-2025,EQUITY_L
INDOKEM,Indokem Limited,EQ,17-AUG-2026,EQUITY_L
INDOMIM,INDO-MIM Limited,EQ,30-JUL-2026,EQUITY_L
INDORAMA,Indo Rama Synthetics (India) Limited,EQ,20-JUN-2003,EQUITY_L
INDOSTAR,IndoStar Capital Finance Limited,EQ,21-MAY-2018,EQUITY_L
INDOTECH,Indo Tech Transformers Limited,EQ,16-MAR-2006,EQUITY_L
INDOTHAI,Indo Thai Securities Limited,EQ,02-NOV-2011,EQUITY_L
INDOUS,Indo Us Biotech Limited,EQ,27-SEP-2024,EQUITY_L
INDOWIND,Indowind Energy Limited,EQ,14-SEP-2007,EQUITY_L
INDPRUD,Industrial & Prudential Investment Company Limited,EQ,20-APR-2026,EQUITY_L
INDRAMEDCO,Indraprastha Medical Corporation Limited,EQ,17-APR-1997,EQUITY_L
INDSWFTLAB,Ind-Swift Laboratories Limited,EQ,02-JUL-1997,EQUITY_L
INDTERRAIN,Indian Terrain Fashions Limited,EQ,11-MAR-2011,EQUITY_L
INDUSINDBK,IndusInd Bank Limited,EQ,28-JAN-1998,EQUITY_L
INDUSTOWER,Indus Towers Limited,EQ,28-DEC-2012,EQUITY_L
INFOBEAN,InfoBeans Technologies Limited,EQ,15-JUL-2019,EQUITY_L
INFOMEDIA,Infomedia Press Limited,EQ,12-OCT-2006,EQUITY_L
INFY,Infosys Limited,EQ,08-FEB-1995,EQUITY_L
INGERRAND,Ingersoll Rand (India) Limited,EQ,15-APR-1999,EQUITY_L
INNOVACAP,Innova Captab Limited,EQ,29-DEC-2023,EQUITY_L
INNOVANA,Innovana Thinklabs Limited,EQ,17-DEC-2024,EQUITY_L
INNOVISION,Innovision Limited,EQ,23-MAR-2026,EQUITY_L
INOXGREEN,Inox Green Energy Services Limited,EQ,23-NOV-2022,EQUITY_L
INOXINDIA,INOX India Limited,EQ,21-DEC-2023,EQUITY_L
INOXWIND,Inox Wind Limited,EQ,09-APR-2015,EQUITY_L
INSECTICID,Insecticides (India) Limited,EQ,30-MAY-2007,EQUITY_L
INSPIRISYS,Inspirisys Solutions Limited,BE,30-OCT-2006,EQUITY_L
INTELLECT,Intellect Design Arena Limited,EQ,18-DEC-2014,EQUITY_L
INTENTECH,Intense Technologies Limited,EQ,23-MAR-2017,EQUITY_L
INTERARCH,Interarch Building Solutions Limited,EQ,26-AUG-2024,EQUITY_L
INTLCONV,International Conveyors Limited,EQ,16-SEP-2021,EQUITY_L
INVENTURE,Inventure Growth & Securities Limited,EQ,04-AUG-2011,EQUITY_L
INVPRECQ,Investment & Precision Castings Limited,BE,20-APR-2026,EQUITY_L
IOB,Indian Overseas Bank,EQ,07-DEC-2000,EQUITY_L
IOC,Indian Oil Corporation Limited,EQ,24-JUL-1996,EQUITY_L
IOLCP,IOL Chemicals and Pharmaceuticals Limited,EQ,08-NOV-2010,EQUITY_L
IONEXCHANG,ION Exchange (India) Limited,EQ,22-FEB-2022,EQUITY_L
IPCALAB,IPCA Laboratories Limited,EQ,08-FEB-1995,EQUITY_L
IPL,India Pesticides Limited,EQ,05-JUL-2021,EQUITY_L
IPRINGLTD,IP Rings Limited,EQ,17-AUG-2026,EQUITY_L
IRB,IRB Infrastructure Developers Limited,EQ,25-FEB-2008,EQUITY_L
IRCON,Ircon International Limited,EQ,28-SEP-2018,EQUITY_L
IRCTC,Indian Railway Catering And Tourism Corporation Limited,EQ,14-OCT-2019,EQUITY_L
IREDA,Indian Renewable Energy Development Agency Limited,EQ,29-NOV-2023,EQUITY_L
IRFC,Indian Railway Finance Corporation Limited,EQ,29-JAN-2021,EQUITY_L
IRIS,IRIS RegTech Solutions Limited,EQ,08-NOV-2021,EQUITY_L
IRISDOREME,Iris Clothings Limited,EQ,22-FEB-2021,EQUITY_L
IRMENERGY,IRM Energy Limited,EQ,26-OCT-2023,EQUITY_L
ISFT,Intrasoft Technologies Limited,EQ,12-APR-2010,EQUITY_L
ISGEC,Isgec Heavy Engineering Limited,EQ,05-MAY-2021,EQUITY_L
ISHANCH,Ishan Dyes and Chemicals Limited,EQ,24-MAR-2025,EQUITY_L
ISTLTD,I S T Limited,EQ,17-AUG-2026,EQUITY_L
ITC,ITC Limited,EQ,23-AUG-1995,EQUITY_L
ITCHOTELS,ITC Hotels Limited,EQ,29-JAN-2025,EQUITY_L
ITDC,India Tourism Development Corporation Limited,EQ,30-DEC-2016,EQUITY_L
ITI,ITI Limited,EQ,15-SEP-2003,EQUITY_L
ITL,ITL Industries Limited,EQ,17-AUG-2026,EQUITY_L
IVALUE,Ivalue Infosolutions Limited,EQ,25-SEP-2025,EQUITY_L
IVC,IL&FS Investment Managers Limited,EQ,15-SEP-1999,EQUITY_L
IVP,IVP Limited,BE,13-SEP-1995,EQUITY_L
IWP,The Indian Wood Products Company Limited,EQ,20-APR-2026,EQUITY_L
IXIGO,Le Travenues Technology Limited,EQ,18-JUN-2024,EQUITY_L
IZMO,IZMO Limited,EQ,05-FEB-2007,EQUITY_L
J&KBANK,The Jammu & Kashmir Bank Limited,EQ,22-JUL-1998,EQUITY_L
JAGRAN,Jagran Prakashan Limited,EQ,22-FEB-2006,EQUITY_L
JAGSNPHARM,Jagsonpal Pharmaceuticals Limited,EQ,01-MAR-2000,EQUITY_L
JAIBALAJI,Jai Balaji Industries Limited,EQ,09-DEC-2003,EQUITY_L
JAICORPLTD,Jai Corp Limited,EQ,26-NOV-1997,EQUITY_L
JAINREC,Jain Resource Recycling Limited,EQ,01-OCT-2025,EQUITY_L
JAIPURKURT,Nandani Creation Limited,EQ,02-SEP-2021,EQUITY_L
JAMNAAUTO,Jamna Auto Industries Limited,EQ,10-DEC-2010,EQUITY_L
JARO,Jaro Institute of Technology Management and Research Limited,EQ,30-SEP-2025,EQUITY_L
JASH,Jash Engineering Limited,EQ,30-OCT-2019,EQUITY_L
JAYAGROGN,Jayant Agro Organics Limited,EQ,17-APR-1996,EQUITY_L
JAYBARMARU,Jay Bharat Maruti Limited,EQ,03-JAN-1996,EQUITY_L
JAYKAY,Jaykay Enterprises Limited,EQ,03-DEC-2025,EQUITY_L
JAYNECOIND,Jayaswal Neco Industries Limited,EQ,10-MAY-1995,EQUITY_L
JAYSREETEA,Jayshree Tea & Industries Limited,EQ,15-FEB-1995,EQUITY_L
JBMA,JBM Auto Limited,EQ,17-DEC-2004,EQUITY_L
JENBURPH,Jenburkt Pharmaceuticals Limited,EQ,17-AUG-2026,EQUITY_L
JETFREIGHT,Jet Freight Logistics Limited,EQ,21-DEC-2021,EQUITY_L
JGCHEM,J.G.Chemicals Limited,EQ,13-MAR-2024,EQUITY_L
JHS,JHS Svendgaard Laboratories Limited,EQ,21-OCT-2006,EQUITY_L
JINDALPHOT,Jindal Photo Limited,EQ,07-APR-2005,EQUITY_L
JINDALPOLY,Jindal Poly Films Limited,EQ,21-JAN-2002,EQUITY_L
JINDALSAW,Jindal Saw Limited,EQ,29-APR-2003,EQUITY_L
JINDALSTEL,JINDAL STEEL LIMITED,EQ,29-DEC-1999,EQUITY_L
JINDRILL,Jindal Drilling And Industries Limited,EQ,22-DEC-2006,EQUITY_L
JINDWORLD,Jindal Worldwide Limited,EQ,25-NOV-2010,EQUITY_L
JIOFIN,Jio Financial Services Limited,EQ,21-AUG-2023,EQUITY_L
JISLDVREQS,Jain Irrigation Systems Limited,EQ,30-NOV-2011,EQUITY_L
JISLJALEQS,Jain Irrigation Systems Limited,EQ,13-AUG-2001,EQUITY_L
JITFINFRA,JITF Infralogistics Limited,EQ,27-FEB-2017,EQUITY_L
JKCEMENT,JK Cement Limited,EQ,14-MAR-2006,EQUITY_L
JKIL,J.Kumar Infraprojects Limited,EQ,12-FEB-2008,EQUITY_L
JKIPL,Jinkushal Industries Limited,EQ,03-OCT-2025,EQUITY_L
JKLAKSHMI,JK Lakshmi Cement Limited,EQ,19-JUN-2006,EQUITY_L
JKPAPER,JK Paper Limited,EQ,16-JUN-2005,EQUITY_L
JKTYRE,JK Tyre & Industries Limited,EQ,19-MAR-2007,EQUITY_L
JLHL,Jupiter Life Line Hospitals Limited,EQ,18-SEP-2023,EQUITY_L
JMA,Jullundur Motor Agency (Delhi) Limited,EQ,16-MAR-2015,EQUITY_L
JMFINANCIL,JM Financial Limited,EQ,10-OCT-2006,EQUITY_L
JNKINDIA,JNK India Limited,EQ,30-APR-2024,EQUITY_L
JNPR,Juniper Green Energy Limited,EQ,06-AUG-2026,EQUITY_L
JOCIL,Jocil Limited,BE,08-OCT-2008,EQUITY_L
JPOLYINVST,Jindal Poly Investment and Finance Company Limited,EQ,11-NOV-2013,EQUITY_L
JPPOWER,Jaiprakash Power Ventures Limited,EQ,18-APR-2005,EQUITY_L
JSFB,Jana Small Finance Bank Limited,EQ,14-FEB-2024,EQUITY_L
JSL,Jindal Stainless Limited,EQ,17-NOV-2003,EQUITY_L
JSLL,Jeena Sikho Lifecare Limited,EQ,11-AUG-2025,EQUITY_L
JSWCEMENT,JSW Cement Limited,EQ,14-AUG-2025,EQUITY_L
JSWDULUX,JSW Dulux Limited,EQ,28-JUN-2001,EQUITY_L
JSWENERGY,JSW Energy Limited,EQ,04-JAN-2010,EQUITY_L
JSWHL,JSW Holdings Limited,EQ,21-JUN-2005,EQUITY_L
JSWINFRA,JSW Infrastructure Limited,EQ,03-OCT-2023,EQUITY_L
JSWSTEEL,JSW Steel Limited,EQ,23-MAR-2005,EQUITY_L
JTEKTINDIA,Jtekt India Limited,EQ,12-JAN-2004,EQUITY_L
JTLIND,JTL INDUSTRIES LIMITED,EQ,12-JUN-2023,EQUITY_L
JUBLCPL,Jubilant Agri and Consumer Products Limited,EQ,14-FEB-2025,EQUITY_L
JUBLFOOD,Jubilant Foodworks Limited,EQ,08-FEB-2010,EQUITY_L
JUBLINGREA,Jubilant Ingrevia Limited,EQ,19-MAR-2021,EQUITY_L
JUBLPHARMA,Jubilant Pharmova Limited,EQ,16-JUN-2003,EQUITY_L
JUNIPER,Juniper Hotels Limited,EQ,28-FEB-2024,EQUITY_L
JUSTDIAL,Just Dial Limited,EQ,05-JUN-2013,EQUITY_L
JWL,Jupiter Wagons Limited,EQ,18-OCT-2010,EQUITY_L
JYOTHYLAB,Jyothy Labs Limited,EQ,19-DEC-2007,EQUITY_L
JYOTICNC,Jyoti CNC Automation Limited,EQ,16-JAN-2024,EQUITY_L
JYOTIRES,Jyoti Resins & Adhesives Limited,EQ,17-AUG-2026,EQUITY_L
JYOTISTRUC,Jyoti Structures Limited,EQ,19-JUL-1995,EQUITY_L
KABRAEXTRU,Kabra Extrusion Technik Limited,EQ,06-SEP-1995,EQUITY_L
KAJARIACER,Kajaria Ceramics Limited,EQ,01-JUN-2004,EQUITY_L
KAKATCEM,Kakatiya Cement Sugar & Industries Limited,EQ,13-DEC-1995,EQUITY_L
KALAMANDIR,Sai Silks (Kalamandir) Limited,EQ,27-SEP-2023,EQUITY_L
KALPATARU,Kalpataru Limited,EQ,01-JUL-2025,EQUITY_L
KALYANI,Kalyani Commercials Limited,BE,13-FEB-2017,EQUITY_L
KALYANIFRG,Kalyani Forge Limited,EQ,20-DEC-2007,EQUITY_L
KALYANKJIL,Kalyan Jewellers India Limited,EQ,26-MAR-2021,EQUITY_L
KAMAHOLD,Kama Holdings Limited,EQ,20-APR-2026,EQUITY_L
KAMANWALA,Kamanwala Housing Construction Limited,EQ,17-AUG-2026,EQUITY_L
KAMATHOTEL,Kamat Hotels (I) Limited,EQ,29-MAY-1996,EQUITY_L
KAMDHENU,Kamdhenu Limited,BE,09-MAY-2006,EQUITY_L
KAMOPAINTS,Kamdhenu Ventures Limited,EQ,24-JAN-2023,EQUITY_L
KANANIIND,Kanani Industries Limited,EQ,14-DEC-2011,EQUITY_L
KANCHI,Kanchi Karpooram Limited,EQ,20-APR-2026,EQUITY_L
KANCOTEA,Kanco Tea & Industries Limited,EQ,17-AUG-2026,EQUITY_L
KANORICHEM,Kanoria Chemicals & Industries Limited,BE,08-FEB-1995,EQUITY_L
KANPRPLA,Kanpur Plastipack Limited,EQ,01-JAN-2021,EQUITY_L
KANSAINER,Kansai Nerolac Paints Limited,EQ,15-SEP-2003,EQUITY_L
KAPSTON,Kapston Services Limited,EQ,27-MAY-2020,EQUITY_L
KARMAENG,Karma Energy Limited,EQ,28-JUN-2011,EQUITY_L
KARURVYSYA,Karur Vysya Bank Limited,EQ,26-JUL-2000,EQUITY_L
KAUSHALYA,Kaushalya Infrastructure Development Corporation Limited,BE,14-DEC-2007,EQUITY_L
KAVDEFENCE,Kavveri Defence & Wireless Technologies Limited,EQ,29-JAN-2008,EQUITY_L
KAYA,Kaya Limited,BE,14-AUG-2015,EQUITY_L
KAYNES,Kaynes Technology India Limited,EQ,22-NOV-2022,EQUITY_L
KCP,KCP Limited,EQ,09-APR-1997,EQUITY_L
KCPSUGIND,KCP Sugar and Industries Corporation Limited,BE,11-JUN-1997,EQUITY_L
KDDL,KDDL Limited,EQ,23-MAR-2016,EQUITY_L
KEC,KEC International Limited,EQ,10-MAR-2006,EQUITY_L
KECL,Kirloskar Electric Company Limited,EQ,09-MAR-2010,EQUITY_L
KEEPLEARN,DSJ Keep Learning Limited,EQ,01-MAR-1995,EQUITY_L
KEI,KEI Industries Limited,EQ,23-MAR-2006,EQUITY_L
KELLTONTEC,Kellton Tech Solutions Limited,EQ,02-MAR-2016,EQUITY_L
KENNAMET,Kennametal India Limited,EQ,20-APR-2026,EQUITY_L
KERNEX,Kernex Microsystems (India) Limited,EQ,20-DEC-2005,EQUITY_L
KESORAMIND,Kesoram Industries Limited,BE,06-SEP-1995,EQUITY_L
KEYFINSERV,Keynote Financial Services Limited,EQ,26-JUN-1996,EQUITY_L
KFINTECH,Kfin Technologies Limited,EQ,29-DEC-2022,EQUITY_L
KHADIM,Khadim India Limited,BE,14-NOV-2017,EQUITY_L
KHAICHEM,Khaitan Chemicals & Fertilizers Limited,EQ,30-OCT-2020,EQUITY_L
KHAITANLTD,Khaitan (India) Limited,EQ,20-DEC-1995,EQUITY_L
KHANDSE,Khandwala Securities Limited,EQ,07-FEB-2001,EQUITY_L
KICL,Kalyani Investment Company Limited,EQ,14-JAN-2011,EQUITY_L
KILITCH,Kilitch Drugs (India) Limited,BE,29-SEP-2010,EQUITY_L
KIMS,Krishna Institute of Medical Sciences Limited,EQ,28-JUN-2021,EQUITY_L
KINGFA,Kingfa Science & Technology (India) Limited,EQ,15-NOV-2016,EQUITY_L
KIOCL,KIOCL Limited,EQ,29-NOV-2016,EQUITY_L
KIRANVYPAR,Kiran Vyapar Limited,EQ,20-APR-2026,EQUITY_L
KIRIINDUS,Kiri Industries Limited,EQ,22-APR-2008,EQUITY_L
KIRLFER,Kirloskar Ferrous Industries Limited,EQ,20-APR-2026,EQUITY_L
KIRLOSBROS,Kirloskar Brothers Limited,EQ,20-APR-2010,EQUITY_L
KIRLOSENG,Kirloskar Oil Engines Limited,EQ,24-DEC-2010,EQUITY_L
KIRLOSIND,Kirloskar Industries Limited,EQ,24-JUN-2010,EQUITY_L
KIRLPNU,Kirloskar Pneumatic Company Limited,EQ,26-APR-2023,EQUITY_L
KISSHT,OnEMI Technology Solutions Limited,EQ,08-MAY-2026,EQUITY_L
KITEX,Kitex Garments Limited,EQ,25-SEP-2012,EQUITY_L
KJMCFIN,KJMC Financial Services Limited,EQ,17-AUG-2026,EQUITY_L
KKCL,Kewal Kiran Clothing Limited,EQ,13-APR-2006,EQUITY_L
KLBRENG-B,Kilburn Engineering Limited,EQ,20-APR-2026,EQUITY_L
KMCSHIL,K M C Speciality Hospitals (India) Limited,EQ,17-AUG-2026,EQUITY_L
KMEW,Knowledge Marine & Engineering Works Limited,EQ,14-NOV-2024,EQUITY_L
KMSUGAR,K.M.Sugar Mills Limited,EQ,31-MAY-2007,EQUITY_L
KNACK,Knack Packaging Limited,EQ,08-JUL-2026,EQUITY_L
KNAGRI,KN Agri Resources Limited,EQ,09-DEC-2025,EQUITY_L
KNRCON,KNR Constructions Limited,EQ,18-FEB-2008,EQUITY_L
KOHINOOR,Kohinoor Foods Limited,EQ,20-OCT-1999,EQUITY_L
KOKUYOCMLN,Kokuyo Camlin Limited,EQ,28-JUL-2008,EQUITY_L
KOLTEPATIL,Kolte - Patil Developers Limited,EQ,13-DEC-2007,EQUITY_L
KOPRAN,Kopran Limited,BE,09-JUN-1999,EQUITY_L
KOTAKBANK,Kotak Mahindra Bank Limited,EQ,20-DEC-1995,EQUITY_L
KOTARISUG,Kothari Sugars And Chemicals Limited,BE,13-DEC-2004,EQUITY_L
KOTHARIPET,Kothari Petrochemicals Limited,EQ,02-NOV-1996,EQUITY_L
KOTHARIPRO,Kothari Products Limited,EQ,03-JUN-1998,EQUITY_L
KOTIC,Kothari Industrial Corporation Limited,EQ,20-APR-2026,EQUITY_L
KOTYARK,Kotyark Industries Limited,BE,12-MAR-2026,EQUITY_L
KOVAI,Kovai Medical Center & Hospital Limited,EQ,20-APR-2026,EQUITY_L
KPEL,K.P. Energy Limited,EQ,14-NOV-2024,EQUITY_L
KPIGREEN,KPI Green Energy Limited,EQ,27-JUL-2021,EQUITY_L
KPIL,Kalpataru Projects International Limited,EQ,15-DEC-2000,EQUITY_L
KPITTECH,KPIT Technologies Limited,EQ,22-APR-2019,EQUITY_L
KPL,Kwality Pharmaceuticals Limited,EQ,20-APR-2026,EQUITY_L
KPRMILL,K.P.R. Mill Limited,EQ,28-AUG-2007,EQUITY_L
KRBL,KRBL Limited,EQ,21-JAN-2002,EQUITY_L
KREBSBIO,Krebs Biochemicals and Industries Limited,EQ,03-JAN-1996,EQUITY_L
KRIDHANINF,Kridhan Infra Limited,BE,11-DEC-2015,EQUITY_L
KRISHANA,Krishana Phoschem Limited,EQ,22-AUG-2019,EQUITY_L
KRISHIVAL,Krishival Foods Limited,EQ,20-JUN-2025,EQUITY_L
KRISHNADEF,Krishna Defence And Allied Industries Limited,EQ,30-DEC-2025,EQUITY_L
KRITI,Kriti Industries (India) Limited,EQ,01-NOV-2021,EQUITY_L
KRITIKA,Kritika Wires Limited,EQ,04-MAY-2022,EQUITY_L
KRITINUT,Kriti Nutrients Limited,EQ,07-OCT-2022,EQUITY_L
KRN,KRN Heat Exchanger and Refrigeration Limited,EQ,03-OCT-2024,EQUITY_L
KRONOX,Kronox Lab Sciences Limited,BE,10-JUN-2024,EQUITY_L
KROSS,Kross Limited,EQ,16-SEP-2024,EQUITY_L
KRSNAA,Krsnaa Diagnostics Limited,EQ,16-AUG-2021,EQUITY_L
KRYSTAL,Krystal Integrated Services Limited,EQ,21-MAR-2024,EQUITY_L
KSB,Ksb Limited,EQ,08-FEB-1995,EQUITY_L
KSCL,Kaveri Seed Company Limited,EQ,04-OCT-2007,EQUITY_L
KSE,KSE Limited,EQ,17-AUG-2026,EQUITY_L
KSHINTL,KSH International Limited,EQ,23-DEC-2025,EQUITY_L
KSHITIJ-RE,Kshitij Polyline Ltd-RE,BE,27-AUG-2026,EQUITY_L
KSHITIJPOL,Kshitij Polyline Limited,EQ,27-JUL-2022,EQUITY_L
KSL,Kalyani Steels Limited,EQ,19-MAY-2010,EQUITY_L
KSOLVES,Ksolves India Limited,EQ,23-SEP-2022,EQUITY_L
KSR,KSR Footwear Limited,EQ,27-NOV-2025,EQUITY_L
KTKBANK,The Karnataka Bank Limited,EQ,10-MAY-2000,EQUITY_L
KUANTUM,Kuantum Papers Limited,EQ,23-OCT-2019,EQUITY_L
KUSUMGAR,Kusumgar Limited,EQ,15-JUL-2026,EQUITY_L
KWIL,Kwality Wall's (India) Limited,EQ,16-FEB-2026,EQUITY_L
LADDERUP,Ladderup Finance Limited,EQ,17-AUG-2026,EQUITY_L
LAGNAM,Lagnam Spintex Limited,EQ,30-SEP-2021,EQUITY_L
LAHOTIOV,Lahoti Overseas Limited,EQ,20-APR-2026,EQUITY_L
LAKSHMIMIL,Lakshmi Mills Company Limited,EQ,17-AUG-2026,EQUITY_L
LAL,Lorenzini Apparels Limited,EQ,10-APR-2023,EQUITY_L
LALITHAA,Lalithaa Jewellery Mart Limited,EQ,24-AUG-2026,EQUITY_L
LALPATHLAB,Dr. Lal Path Labs Ltd.,EQ,23-DEC-2015,EQUITY_L
LAMBODHARA,Lambodhara Textiles Limited,EQ,04-FEB-2015,EQUITY_L
LANCER,Lancer Container Lines Limited,EQ,17-AUG-2026,EQUITY_L
LANCORHOL,Lancor Holdings Limited,EQ,12-MAR-2024,EQUITY_L
LANDMARK,Landmark Cars Limited,EQ,23-DEC-2022,EQUITY_L
LANDSMILL,Landsmill Green Limited,EQ,03-AUG-2009,EQUITY_L
LAOPALA,La Opala RG Limited,EQ,16-MAR-2007,EQUITY_L
LASA,Lasa Supergenerics Limited,EQ,21-SEP-2017,EQUITY_L
LASERPOWER,Laser Power & Infra Limited,EQ,16-JUL-2026,EQUITY_L
LATENTVIEW,Latent View Analytics Limited,EQ,23-NOV-2021,EQUITY_L
LATTEYS,Latteys Industries Limited,EQ,23-MAY-2023,EQUITY_L
LAURUSLABS,Laurus Labs Limited,EQ,19-DEC-2016,EQUITY_L
LAXMICOT,Laxmi Cotspin Limited,EQ,12-NOV-2021,EQUITY_L
LAXMIDENTL,Laxmi Dental Limited,EQ,20-JAN-2025,EQUITY_L
LAXMIINDIA,Laxmi India Finance Limited,EQ,05-AUG-2025,EQUITY_L
LCCINFOTEC,LCC Infotech Limited,EQ,02-MAR-2000,EQUITY_L
LCL,Lohia Corp Limited,EQ,30-JUL-2026,EQUITY_L
LEAPIND,LEAP India Limited,EQ,14-AUG-2026,EQUITY_L
LEENEE,Lee & Nee Softwares Exports Limited,EQ,17-AUG-2026,EQUITY_L
LEMERITE,Le Merite Exports Limited,EQ,12-DEC-2025,EQUITY_L
LEMONTREE,Lemon Tree Hotels Limited,EQ,09-APR-2018,EQUITY_L
LENSKART,Lenskart Solutions Limited,EQ,10-NOV-2025,EQUITY_L
LEXUS,Lexus Granito (India) Limited,EQ,13-MAR-2023,EQUITY_L
LFIC,Lakshmi Finance & Industrial Corporation Limited,EQ,15-APR-2015,EQUITY_L
LGBBROSLTD,LG Balakrishnan & Bros Limited,EQ,30-MAR-2010,EQUITY_L
LGEINDIA,LG Electronics India Limited,EQ,14-OCT-2025,EQUITY_L
LGHL,Laxmi Goldorna House Limited,EQ,10-NOV-2023,EQUITY_L
LIBAS,Libas Consumer Products Limited,EQ,23-JUL-2019,EQUITY_L
LIBERTSHOE,Liberty Shoes Limited,EQ,27-SEP-1995,EQUITY_L
LICHSGFIN,LIC Housing Finance Limited,EQ,29-JUL-1998,EQUITY_L
LICI,Life Insurance Corporation Of India,EQ,17-MAY-2022,EQUITY_L
LIKHITHA,Likhitha Infrastructure Limited,EQ,15-OCT-2020,EQUITY_L
LINC,Linc Limited,EQ,09-MAR-2015,EQUITY_L
LINCOLN,Lincoln Pharmaceuticals Limited,EQ,17-DEC-2015,EQUITY_L
LINDEINDIA,Linde India Limited,EQ,16-JUN-1999,EQUITY_L
LKPSEC,LKP Securities Limited,EQ,17-AUG-2026,EQUITY_L
LLOYDSENGG,LLOYDS ENGINEERING WORKS LIMITED,EQ,18-JUL-2016,EQUITY_L
LLOYDSENT,Lloyds Enterprises Limited,EQ,17-OCT-2024,EQUITY_L
LLOYDSME,Lloyds Metals And Energy Limited,EQ,17-JUL-2023,EQUITY_L
LMW,LMW Limited,EQ,29-MAR-1995,EQUITY_L
LODHA,Lodha Developers Limited,EQ,19-APR-2021,EQUITY_L
LOKESHMACH,Lokesh Machines Limited,BE,05-MAY-2006,EQUITY_L
LORDSCHLO,Lords Chloro Alkali Limited,EQ,28-AUG-2023,EQUITY_L
LOTUSCHO,Lotus Chocolate Company Limited,EQ,17-AUG-2026,EQUITY_L
LOTUSDEV,Sri Lotus Developers and Realty Limited,BE,06-AUG-2025,EQUITY_L
LOTUSEYE,Lotus Eye Hospital and Institute Limited,EQ,11-JUL-2008,EQUITY_L
LOVABLE,Lovable Lingerie Limited,EQ,24-MAR-2011,EQUITY_L
LOYALTEX,Loyal Textile Mills Limited,EQ,11-AUG-2022,EQUITY_L
LPDC,Landmark Property Development Company Limited,EQ,12-AUG-2008,EQUITY_L
LT,Larsen & Toubro Limited,EQ,23-JUN-2004,EQUITY_L
LTF,L&T Finance Limited,EQ,12-AUG-2011,EQUITY_L
LTFOODS,LT Foods Limited,EQ,18-DEC-2006,EQUITY_L
LTM,LTM Limited,EQ,21-JUL-2016,EQUITY_L
LTTS,L&T Technology Services Limited,EQ,23-SEP-2016,EQUITY_L
LUMAXIND,Lumax Industries Limited,EQ,06-SEP-1995,EQUITY_L
LUMAXTECH,Lumax Auto Technologies Limited,EQ,16-JAN-2007,EQUITY_L
LUPIN,Lupin Limited,EQ,10-SEP-2001,EQUITY_L
LUXIND,Lux Industries Limited,EQ,30-NOV-2015,EQUITY_L
LXCHEM,Laxmi Organic Industries Limited,EQ,25-MAR-2021,EQUITY_L
LYKALABS,Lyka Labs Limited,BE,08-FEB-1995,EQUITY_L
M&M,Mahindra & Mahindra Limited,EQ,03-JAN-1996,EQUITY_L
M&MFIN,Mahindra & Mahindra Financial Services Limited,EQ,17-MAR-2006,EQUITY_L
MAANALU,Maan Aluminium Limited,EQ,22-OCT-2007,EQUITY_L
MACPOWER,Macpower CNC Machines Limited,EQ,19-AUG-2020,EQUITY_L
MADHAV,Madhav Marbles and Granites Limited,EQ,20-DEC-2007,EQUITY_L
MADHAVIPL,Madhav Infra Projects Limited,EQ,20-APR-2026,EQUITY_L
MADHUCON,Madhucon Projects Limited,BE,05-OCT-2006,EQUITY_L
MADRASFERT,Madras Fertilizers Limited,EQ,25-JUL-1997,EQUITY_L
MAFATIND,Mafatlal Industries Limited,EQ,20-APR-2026,EQUITY_L
MAGADSUGAR,Magadh Sugar & Energy Limited,EQ,28-JUL-2017,EQUITY_L
MAGNUM,Magnum Ventures Limited,EQ,20-SEP-2007,EQUITY_L
MAHABANK,Bank of Maharashtra,EQ,12-APR-2004,EQUITY_L
MAHAPEXLTD,Maha Rashtra Apex Corporation Limited,EQ,21-JAN-1998,EQUITY_L
MAHASTEEL,Mahamaya Steel Industries Limited,BE,01-JUL-2016,EQUITY_L
MAHEPC,Mahindra EPC Irrigation Limited,EQ,14-FEB-2020,EQUITY_L
MAHESHWARI,Maheshwari Logistics Limited,BE,15-APR-2019,EQUITY_L
MAHLIFE,Mahindra Lifespace Developers Limited,EQ,10-MAY-2000,EQUITY_L
MAHLOG,Mahindra Logistics Limited,EQ,10-NOV-2017,EQUITY_L
MAHSCOOTER,Maharashtra Scooters Limited,EQ,08-FEB-1995,EQUITY_L
MAHSEAMLES,Maharashtra Seamless Limited,EQ,25-AUG-2004,EQUITY_L
MAITHANALL,Maithan Alloys Limited,EQ,05-JUL-2011,EQUITY_L
MAJESAUT,Majestic Auto Limited,BE,20-APR-2026,EQUITY_L
MAKERSL,Makers Laboratories Limited,EQ,17-AUG-2026,EQUITY_L
MALLCOM,Mallcom (India) Limited,EQ,02-FEB-2022,EQUITY_L
MALUPAPER,Malu Paper Mills Limited,EQ,05-APR-2006,EQUITY_L
MAMATA,Mamata Machinery Limited,EQ,27-DEC-2024,EQUITY_L
MANAKALUCO,Manaksia Aluminium Company Limited,EQ,30-MAR-2015,EQUITY_L
MANAKCOAT,Manaksia Coated Metals & Industries Limited,EQ,30-MAR-2015,EQUITY_L
MANAKSIA,Manaksia Limited,EQ,08-JAN-2008,EQUITY_L
MANAKSTEEL,Manaksia Steels Limited,EQ,30-MAR-2015,EQUITY_L
MANALIPETC,Manali Petrochemicals Limited,EQ,06-DEC-2006,EQUITY_L
MANAPPURAM,Manappuram Finance Limited,EQ,01-DEC-2014,EQUITY_L
MANBA,Manba Finance Limited,EQ,30-SEP-2024,EQUITY_L
MANBRO,Manbro Industries Limited,EQ,17-AUG-2026,EQUITY_L
MANCREDIT,Mangal Credit and Fincorp Limited,EQ,16-AUG-2024,EQUITY_L
MANGALAM,Mangalam Drugs And Organics Limited,EQ,23-MAY-2005,EQUITY_L
MANGLMCEM,Mangalam Cement Limited,EQ,03-JAN-1996,EQUITY_L
MANINDS,Man Industries (India) Limited,EQ,24-JUN-2005,EQUITY_L
MANINFRA,Man Infraconstruction Limited,EQ,11-MAR-2010,EQUITY_L
MANIPALHOS,Manipal Health Enterprises Limited,EQ,05-AUG-2026,EQUITY_L
MANKIND,Mankind Pharma Limited,EQ,09-MAY-2023,EQUITY_L
MANOMAY,Manomay Tex India Limited,EQ,18-JAN-2023,EQUITY_L
MANORAMA,Manorama Industries Limited,EQ,01-JUL-2022,EQUITY_L
MANORG,Mangalam Organics Limited,EQ,02-NOV-2021,EQUITY_L
MANUGRAPH,Manugraph India Limited,BE,14-SEP-2006,EQUITY_L
MANYAVAR,Vedant Fashions Limited,EQ,16-FEB-2022,EQUITY_L
MAPMYINDIA,C.E. Info Systems Limited,EQ,21-DEC-2021,EQUITY_L
MARALOVER,Maral Overseas Limited,EQ,08-FEB-1995,EQUITY_L
MARATHON,Marathon Nextgen Realty Limited,EQ,29-SEP-2016,EQUITY_L
MARICO,Marico Limited,EQ,01-MAY-1996,EQUITY_L
MARINE,Marine Electricals (India) Limited,EQ,02-DEC-2020,EQUITY_L
MARKOLINES,Markolines Pavement Technologies Limited,EQ,14-OCT-2025,EQUITY_L
MARKSANS,Marksans Pharma Limited,EQ,21-JAN-2002,EQUITY_L
MARSONS,Marsons Limited,EQ,13-MAR-2026,EQUITY_L
MARUTI,Maruti Suzuki India Limited,EQ,09-JUL-2003,EQUITY_L
MASFIN,MAS Financial Services Limited,EQ,18-OCT-2017,EQUITY_L
MASKINVEST,Mask Investments Limited,EQ,14-OCT-2016,EQUITY_L
MASTEK,Mastek Limited,EQ,10-MAY-1995,EQUITY_L
MASTERTR,Master Trust Limited,EQ,12-NOV-2024,EQUITY_L
MATRIMONY,Matrimony.Com Limited,EQ,21-SEP-2017,EQUITY_L
MAWANASUG,Mawana Sugars Limited,EQ,20-MAR-2009,EQUITY_L
MAXESTATES,Max Estates Limited,EQ,30-OCT-2023,EQUITY_L
MAXHEALTH,Max Healthcare Institute Limited,EQ,21-AUG-2020,EQUITY_L
MAXIND,Max India Limited,EQ,28-AUG-2020,EQUITY_L
MAYURUNIQ,Mayur Uniquoters Ltd,EQ,25-SEP-2012,EQUITY_L
MAZDA,Mazda Limited,BE,01-NOV-2016,EQUITY_L
MAZDOCK,Mazagon Dock Shipbuilders Limited,EQ,12-OCT-2020,EQUITY_L
MBAPL,Madhya Bharat Agro Products Limited,EQ,22-AUG-2019,EQUITY_L
MBEL,M & B Engineering Limited,EQ,06-AUG-2025,EQUITY_L
MBLINFRA,MBL Infrastructure Limited,EQ,11-JAN-2010,EQUITY_L
MCCHRLS-B,Mac Charles India Limited,EQ,20-APR-2026,EQUITY_L
MCL,M TEK COPPER LIMITED,EQ,19-AUG-2020,EQUITY_L
MCLEODRUSS,Mcleod Russel India Limited,EQ,29-JUL-2005,EQUITY_L
MCLOUD,Magellanic Cloud Limited,EQ,07-FEB-2025,EQUITY_L
MCX,Multi Commodity Exchange of India Limited,EQ,09-MAR-2012,EQUITY_L
MEDANTA,Global Health Limited,EQ,16-NOV-2022,EQUITY_L
MEDIASSIST,Medi Assist Healthcare Services Limited,EQ,23-JAN-2024,EQUITY_L
MEDICAMEQ,Medicamen Biotech Limited,EQ,27-OCT-2021,EQUITY_L
MEDICAPQ,Medi Caps Limited,EQ,17-AUG-2026,EQUITY_L
MEDICO,Medico Remedies Limited,EQ,26-MAY-2022,EQUITY_L
MEDPLUS,Medplus Health Services Limited,EQ,23-DEC-2021,EQUITY_L
MEESHO,Meesho Limited,EQ,10-DEC-2025,EQUITY_L
MEGASTAR,Megastar Foods Limited,EQ,16-FEB-2022,EQUITY_L
MEIL,Mangal Electrical Industries Limited,EQ,28-AUG-2025,EQUITY_L
MENNPIS,Menon Pistons Limited,EQ,20-APR-2026,EQUITY_L
MENONBE,Menon Bearings Limited,BE,09-MAR-2015,EQUITY_L
MERCANTILE,Mercantile Ventures Limited,EQ,20-APR-2026,EQUITY_L
MERCURYEV,Mercury Ev-Tech Limited,EQ,02-JUN-2026,EQUITY_L
METROBRAND,Metro Brands Limited,EQ,22-DEC-2021,EQUITY_L
METROGLOBL,Metroglobal Limited,EQ,20-APR-2026,EQUITY_L
METROPOLIS,Metropolis Healthcare Limited,EQ,15-APR-2019,EQUITY_L
MFML,Mahalaxmi Fabric Mills Limited,EQ,27-AUG-2024,EQUITY_L
MFSL,Max Financial Services Limited,EQ,17-MAY-2000,EQUITY_L
MGEL,Mangalam Global Enterprise Limited,BE,23-DEC-2020,EQUITY_L
MGL,Mahanagar Gas Limited,EQ,01-JUL-2016,EQUITY_L
MHLXMIRU,Mahalaxmi Rubtech Limited,BE,27-JAN-2022,EQUITY_L
MHRIL,Mahindra Holidays & Resorts India Limited,EQ,16-JUL-2009,EQUITY_L
MICEL,MIC Electronics Limited,BE,17-DEC-2021,EQUITY_L
MIDHANI,Mishra Dhatu Nigam Limited,EQ,04-APR-2018,EQUITY_L
MIDWESTLTD,Midwest Limited,EQ,24-OCT-2025,EQUITY_L
MIIL,Meghna Infracon Infrastructure Limited,EQ,17-AUG-2026,EQUITY_L
MILKYMIST,Milky Mist Dairy Food Limited,EQ,18-AUG-2026,EQUITY_L
MINALIND,Minal Industries Limited,BE,17-AUG-2026,EQUITY_L
MINDACORP,Minda Corporation Limited,EQ,16-OCT-2014,EQUITY_L
MINDTECK,Mindteck (India) Limited,EQ,02-AUG-2016,EQUITY_L
MIRZAINT,Mirza International Limited,EQ,28-APR-1999,EQUITY_L
MITCON,MITCON Consultancy & Engineering Services Limited,BE,17-MAR-2022,EQUITY_L
MITTAL,Mittal Life Style Limited,EQ,29-APR-2020,EQUITY_L
MKEXIM,M.K. Exim (India) Limited,EQ,17-AUG-2026,EQUITY_L
MKPL,M K Proteins Limited,EQ,13-JUN-2023,EQUITY_L
MLKFOOD,Milkfood Limited,EQ,17-AUG-2026,EQUITY_L
MMFL,MM Forgings Limited,EQ,20-DEC-2006,EQUITY_L
MMP,MMP Industries Limited,EQ,09-JAN-2020,EQUITY_L
MMTC,MMTC Limited,EQ,09-APR-2012,EQUITY_L
MMWL,Media Matrix Worldwide Limited,EQ,20-APR-2026,EQUITY_L
MOBIKWIK,One Mobikwik Systems Limited,EQ,18-DEC-2024,EQUITY_L
MODINATUR,Modi Naturals Limited,BE,11-DEC-2025,EQUITY_L
MODIRUBBER,Modi Rubber Limited,EQ,07-FEB-1996,EQUITY_L
MODIS,Modis Navnirman Limited,EQ,14-NOV-2025,EQUITY_L
MODISONLTD,MODISON LIMITED,BE,03-MAY-2021,EQUITY_L
MODTHREAD,Modern Threads (India) Limited,EQ,22-NOV-1995,EQUITY_L
MOHITE,Mohite Industries Limited,EQ,17-AUG-2026,EQUITY_L
MOHITIND,Mohit Industries Limited,EQ,14-MAR-2013,EQUITY_L
MOIL,MOIL Limited,EQ,15-DEC-2010,EQUITY_L
MOKSH,Moksh Ornaments Limited,EQ,21-MAY-2021,EQUITY_L
MOL,Meghmani Organics Limited,EQ,18-AUG-2021,EQUITY_L
MOLBIO,Molbio Diagnostics Limited,EQ,17-AUG-2026,EQUITY_L
MOLDTECH,Mold-Tek Technologies Limited,BE,07-JUL-2016,EQUITY_L
MOLDTKPAC,Mold-Tek Packaging Limited,EQ,23-FEB-2015,EQUITY_L
MONARCH,Monarch Networth Capital Limited,EQ,06-JAN-2022,EQUITY_L
MONEYBOXX,Moneyboxx Finance Limited,EQ,15-OCT-2025,EQUITY_L
MONTECARLO,Monte Carlo Fashions Limited,EQ,19-DEC-2014,EQUITY_L
MOREPENLAB,Morepen Laboratories Limited,EQ,24-NOV-1999,EQUITY_L
MOSCHIP,Moschip Technologies Limited,EQ,05-FEB-2025,EQUITY_L
MOTHERSON,Samvardhana Motherson International Limited,EQ,14-AUG-1996,EQUITY_L
MOTILALOFS,Motilal Oswal Financial Services Limited,EQ,11-SEP-2007,EQUITY_L
MOTISONS,Motisons Jewellers Limited,EQ,26-DEC-2023,EQUITY_L
MOTOGENFIN,The Motor & General Finance Limited,BE,08-FEB-1995,EQUITY_L
MPDL,MPDL Limited,BE,17-AUG-2026,EQUITY_L
MPHASIS,MphasiS Limited,EQ,04-JUN-2004,EQUITY_L
MPSLTD,MPS Limited,EQ,21-JAN-2002,EQUITY_L
MRF,MRF Limited,EQ,18-SEP-1996,EQUITY_L
MRPL,Mangalore Refinery and Petrochemicals Limited,EQ,07-JAN-2005,EQUITY_L
MSL,Mangalam Seeds Limited,EQ,17-AUG-2026,EQUITY_L
MSPL,MSP Steel & Power Limited,EQ,18-JUL-2005,EQUITY_L
MSTCLTD,Mstc Limited,EQ,29-MAR-2019,EQUITY_L
MSUMI,Motherson Sumi Wiring India Limited,EQ,28-MAR-2022,EQUITY_L
MTARTECH,Mtar Technologies Limited,BE,15-MAR-2021,EQUITY_L
MTEDUCARE,MT Educare Limited,BE,12-APR-2012,EQUITY_L
MTNL,Mahanagar Telephone Nigam Limited,EQ,17-FEB-1999,EQUITY_L
MUFIN,Mufin Green Finance Limited,EQ,06-NOV-2023,EQUITY_L
MUFTI,Credo Brands Marketing Limited,EQ,27-DEC-2023,EQUITY_L
MUKANDLTD,Mukand Limited,EQ,23-FEB-2004,EQUITY_L
MUKESHB,Mukesh Babu Financial Services Limited,EQ,17-AUG-2026,EQUITY_L
MUKKA,Mukka Proteins Limited,EQ,07-MAR-2024,EQUITY_L
MUKTAARTS,Mukta Arts Limited,BE,12-SEP-2000,EQUITY_L
MUNJALAU,Munjal Auto Industries Limited,EQ,19-JUL-2006,EQUITY_L
MUNJALSHOW,Munjal Showa Limited,EQ,12-MAY-2003,EQUITY_L
MURUDCERA,Murudeshwar Ceramics Limited,EQ,28-MAY-2004,EQUITY_L
MUTHOOTCAP,Muthoot Capital Services Limited,EQ,24-AUG-2015,EQUITY_L
MUTHOOTFIN,Muthoot Finance Limited,EQ,06-MAY-2011,EQUITY_L
MUTHOOTMF,Muthoot Microfin Limited,EQ,26-DEC-2023,EQUITY_L
MVELECTRO,MV Electrosystems Limited,EQ,06-AUG-2026,EQUITY_L
MVGJL,Manoj Vaibhav Gems N Jewellers Limited,EQ,03-OCT-2023,EQUITY_L
MWL,Mangalam Worldwide Limited,EQ,18-SEP-2025,EQUITY_L
MYSORPETRO,Mysore Petro Chemicals Limited,BE,17-AUG-2026,EQUITY_L
NACLIND,NACL Industries Limited,EQ,07-APR-2017,EQUITY_L
NAGREEKCAP,Nagreeka Capital & Infrastructure Limited,EQ,18-SEP-2007,EQUITY_L
NAGREEKEXP,Nagreeka Exports Limited,EQ,18-JUN-2007,EQUITY_L
NAHARCAP,Nahar Capital and Financial Services Limited,EQ,11-MAR-2008,EQUITY_L
NAHARINDUS,Nahar Industrial Enterprises Limited,EQ,15-DEC-2005,EQUITY_L
NAHARPOLY,Nahar Poly Films Limited,EQ,23-MAR-2007,EQUITY_L
NAHARSPING,Nahar Spinning Mills Limited,EQ,23-MAR-2007,EQUITY_L
NAM-INDIA,Nippon Life India Asset Management Limited,EQ,06-NOV-2017,EQUITY_L
NARMADA,Narmada Agrobase Limited,EQ,27-OCT-2022,EQUITY_L
NATCAPSUQ,Natural Capsules Limited,EQ,14-FEB-2025,EQUITY_L
NATCOPHARM,Natco Pharma Limited,EQ,27-DEC-1995,EQUITY_L
NATHBIOGEN,Nath Bio-Genes (India) Limited,EQ,28-JAN-2014,EQUITY_L
NATIONALUM,National Aluminium Company Limited,EQ,28-APR-1999,EQUITY_L
NATIONSTD,National Standard (India) Limited,EQ,20-APR-2026,EQUITY_L
NAUKRI,Info Edge (India) Limited,EQ,21-NOV-2006,EQUITY_L
NAVA,NAVA LIMITED,EQ,03-APR-1996,EQUITY_L
NAVINFLUOR,Navin Fluorine International Limited,EQ,01-JUN-2007,EQUITY_L
NAVKARCORP,Navkar Corporation Limited,EQ,09-SEP-2015,EQUITY_L
NAVKARURB,Navkar Urbanstructure Limited,BE,17-JAN-2025,EQUITY_L
NAVNETEDUL,Navneet Education Limited,EQ,08-FEB-1995,EQUITY_L
NAZARA,Nazara Technologies Limited,EQ,30-MAR-2021,EQUITY_L
NBCC,NBCC (India) Limited,EQ,12-APR-2012,EQUITY_L
NBIFIN,N. B. I. Industrial Finance Company Limited,EQ,23-NOV-2016,EQUITY_L
NCC,NCC Limited,EQ,14-OCT-2003,EQUITY_L
NCLIND,NCL Industries Limited,EQ,03-APR-2007,EQUITY_L
NDGL,Naga Dhunseri Group Limited,EQ,29-AUG-2016,EQUITY_L
NDL,Nandan Denim Limited,EQ,23-MAR-2012,EQUITY_L
NDLVENTURE,NDL Ventures Limited,EQ,24-APR-2007,EQUITY_L
NDRAUTO,Ndr Auto Components Limited,EQ,30-JUL-2020,EQUITY_L
NDTV,New Delhi Television Limited,EQ,19-MAY-2004,EQUITY_L
NEAGI,Neelamalai Agro Industries Limited,EQ,20-APR-2026,EQUITY_L
NECCLTD,North Eastern Carrying Corporation Limited,BE,02-MAR-2016,EQUITY_L
NECLIFE,Nectar Lifesciences Limited,EQ,18-JUL-2005,EQUITY_L
NELCAST,Nelcast Limited,EQ,27-JUN-2007,EQUITY_L
NELCO,NELCO Limited,EQ,28-MAY-2003,EQUITY_L
NEOGEN,Neogen Chemicals Limited,EQ,08-MAY-2019,EQUITY_L
NEPHROPLUS,Nephrocare Health Services Limited,EQ,17-DEC-2025,EQUITY_L
NESCO,Nesco Limited,EQ,08-APR-2008,EQUITY_L
NESTLEIND,Nestle India Limited,EQ,01-AUG-2023,EQUITY_L
NETWEB,Netweb Technologies India Limited,EQ,27-JUL-2023,EQUITY_L
NETWORK18,Network18 Media & Investments Limited,EQ,02-FEB-2007,EQUITY_L
NEUEON,Neueon Corporation Limited,BE,11-SEP-2013,EQUITY_L
NEULANDLAB,Neuland Laboratories Limited,EQ,13-OCT-2008,EQUITY_L
NEWGEN,Newgen Software Technologies Limited,EQ,29-JAN-2018,EQUITY_L
NEXTMEDIA,Next Mediaworks Limited,EQ,04-APR-2001,EQUITY_L
NFL,National Fertilizers Limited,EQ,28-DEC-2006,EQUITY_L
NGIL,Nakoda Group of Industries Limited,EQ,20-AUG-2021,EQUITY_L
NGLFINE,NGL Fine-Chem Limited,EQ,08-JUL-2022,EQUITY_L
NH,Narayana Hrudayalaya Ltd.,EQ,06-JAN-2016,EQUITY_L
NHPC,NHPC Limited,EQ,01-SEP-2009,EQUITY_L
NIACL,The New India Assurance Company Limited,EQ,13-NOV-2017,EQUITY_L
NIBE,NIBE Limited,EQ,07-FEB-2025,EQUITY_L
NIBL,NRB Industrial Bearings Limited,EQ,09-APR-2013,EQUITY_L
NICCOPAR,Nicco Parks & Resorts Limited,EQ,17-AUG-2026,EQUITY_L
NIITLTD,NIIT Limited,EQ,16-AUG-2004,EQUITY_L
NIITMTS,NIIT Learning Systems Limited,EQ,08-AUG-2023,EQUITY_L
NILAINFRA,Nila Infrastructures Limited,EQ,21-MAY-2015,EQUITY_L
NILASPACES,Nila Spaces Limited,EQ,28-DEC-2018,EQUITY_L
NILE,Nile Limited,EQ,20-APR-2026,EQUITY_L
NILKAMAL,Nilkamal Limited,EQ,01-NOV-1995,EQUITY_L
NIMBSPROJ,Nimbus Projects Limited,EQ,06-APR-2026,EQUITY_L
NINSYS,NINtec Systems Limited,EQ,21-FEB-2023,EQUITY_L
NIPPOBATRY,Indo-National Limited,EQ,06-OCT-1999,EQUITY_L
NIRAJ,Niraj Cement Structurals Limited,EQ,01-OCT-2020,EQUITY_L
NIRAJISPAT,Niraj Ispat Industries Limited,EQ,27-OCT-2016,EQUITY_L
NIRLON,Nirlon Limited,EQ,20-APR-2026,EQUITY_L
NITCO,Nitco Limited,EQ,21-MAR-2006,EQUITY_L
NITINSPIN,Nitin Spinners Limited,EQ,02-FEB-2006,EQUITY_L
NITIRAJ,Nitiraj Engineers Limited,EQ,22-APR-2021,EQUITY_L
NITTAGELA,Nitta Gelatin India Limited,EQ,20-APR-2026,EQUITY_L
NIVABUPA,Niva Bupa Health Insurance Company Limited,EQ,14-NOV-2024,EQUITY_L
NKIND,NK Industries Limited,EQ,07-JUL-1995,EQUITY_L
NLCINDIA,NLC India Limited,EQ,23-AUG-2000,EQUITY_L
NMDC,NMDC Limited,EQ,03-MAR-2008,EQUITY_L
NOCIL,NOCIL Limited,EQ,17-JAN-1996,EQUITY_L
NOIDATOLL,Noida Toll Bridge Company Limited,EQ,06-DEC-2002,EQUITY_L
NORBTEAEXP,Norben Tea & Exports Limited,EQ,26-JUN-1996,EQUITY_L
NORTHARC,Northern Arc Capital Limited,EQ,24-SEP-2024,EQUITY_L
NOVAAGRI,Nova Agritech Limited,BE,31-JAN-2024,EQUITY_L
NOVARTIND,Novartis India Limited,EQ,20-APR-2026,EQUITY_L
NPST,Network People Services Technologies Limited,EQ,30-APR-2025,EQUITY_L
NRAIL,N R Agarwal Industries Limited,EQ,05-APR-2017,EQUITY_L
NRBBEARING,NRB Bearing Limited,EQ,08-MAR-2000,EQUITY_L
NRL,Nupur Recyclers Limited,BE,12-JAN-2023,EQUITY_L
NSIL,Nalwa Sons Investments Limited,EQ,17-NOV-2003,EQUITY_L
NSLNISP,NMDC Steel Limited,EQ,20-FEB-2023,EQUITY_L
NTCIND,NTC Industries Limited,EQ,17-AUG-2026,EQUITY_L
NTPC,NTPC Limited,EQ,05-NOV-2004,EQUITY_L
NTPCGREEN,NTPC Green Energy Limited,EQ,27-NOV-2024,EQUITY_L
NUCLEUS,Nucleus Software Exports Limited,EQ,19-DEC-2002,EQUITY_L
NURECA,Nureca Limited,BE,25-FEB-2021,EQUITY_L
NUVAMA,Nuvama Wealth Management Limited,EQ,26-SEP-2023,EQUITY_L
NUVOCO,Nuvoco Vistas Corporation Limited,EQ,23-AUG-2021,EQUITY_L
NYKAA,FSN E-Commerce Ventures Limited,EQ,10-NOV-2021,EQUITY_L
OAL,Oriental Aromatics Limited,EQ,11-JUL-2019,EQUITY_L
OBCL,OBCL Limited,EQ,07-APR-2022,EQUITY_L
OBEROIRLTY,Oberoi Realty Limited,EQ,20-OCT-2010,EQUITY_L
OCCLLTD,OCCL Limited,BE,29-OCT-2024,EQUITY_L
ODIGMA,Odigma Consultancy Solutions Limited,EQ,12-DEC-2024,EQUITY_L
ODYCORP,Odyssey Corporation Limited,EQ,17-AUG-2026,EQUITY_L
OFSS,Oracle Financial Services Software Limited,EQ,28-JUN-2002,EQUITY_L
OIL,Oil India Limited,EQ,30-SEP-2009,EQUITY_L
OILCOUNTUB,Oil Country Tubular Limited,BE,30-AUG-1995,EQUITY_L
OLAELEC,Ola Electric Mobility Limited,EQ,09-AUG-2024,EQUITY_L
OLECTRA,Olectra Greentech Limited,EQ,20-MAR-2002,EQUITY_L
OMAXAUTO,Omax Autos Limited,EQ,20-FEB-2003,EQUITY_L
OMAXE,Omaxe Limited,EQ,09-AUG-2007,EQUITY_L
OMFREIGHT,Om Freight Forwarders Limited,BE,08-OCT-2025,EQUITY_L
OMINFRAL,OM INFRA LIMITED,EQ,17-JUN-2011,EQUITY_L
OMNI,Omnitech Engineering Limited,EQ,05-MAR-2026,EQUITY_L
OMPOWER,Om Power Transmission Limited,EQ,17-APR-2026,EQUITY_L
ONEGLOBAL,One Global Service Provider Limited,EQ,17-AUG-2026,EQUITY_L
ONELIFECAP,Onelife Capital Advisors Limited,BE,17-OCT-2011,EQUITY_L
ONEPOINT,One Point One Solutions Limited,EQ,09-MAY-2019,EQUITY_L
ONESOURCE,Onesource Specialty Pharma Limited,EQ,24-JAN-2025,EQUITY_L
ONGC,Oil & Natural Gas Corporation Limited,EQ,19-JUL-1995,EQUITY_L
ONIDA,Onida Electronics Limited,EQ,24-MAY-2004,EQUITY_L
ONIXSOLAR,Onix Solar Energy Limited,EQ,17-AUG-2026,EQUITY_L
ONMOBILE,OnMobile Global Limited,BE,19-FEB-2008,EQUITY_L
ONWARDTEC,Onward Technologies Limited,EQ,07-MAR-2001,EQUITY_L
OPTIEMUS,Optiemus Infracom Limited,EQ,08-AUG-2017,EQUITY_L
OPTIFIN,Optimus Finance Limited,EQ,17-AUG-2026,EQUITY_L
ORBTEXP,Orbit Exports Limited,BE,05-NOV-2013,EQUITY_L
ORCHASP,Orchasp Limited,EQ,07-FEB-2025,EQUITY_L
ORCHPHARMA,Orchid Pharma Limited,EQ,02-NOV-2020,EQUITY_L
ORICONENT,Oricon Enterprises Limited,EQ,24-JUL-2015,EQUITY_L
ORIENTALTL,Oriental Trimex Limited,EQ,07-MAR-2007,EQUITY_L
ORIENTBELL,Orient Bell Limited,EQ,14-FEB-2007,EQUITY_L
ORIENTCEM,Orient Cement Limited,EQ,12-JUL-2013,EQUITY_L
ORIENTCER,ORIENT CERATECH LIMITED,EQ,15-DEC-2005,EQUITY_L
ORIENTELEC,Orient Electric Limited,EQ,14-MAY-2018,EQUITY_L
ORIENTHOT,Oriental Hotels Limited,EQ,27-AUG-1998,EQUITY_L
ORIENTLTD,Orient Press Limited,BE,03-MAR-2010,EQUITY_L
ORIENTPPR,Orient Paper & Industries Limited,EQ,29-MAR-1995,EQUITY_L
ORIENTTECH,Orient Technologies Limited,EQ,28-AUG-2024,EQUITY_L
ORIRAIL,Oriental Rail Infrastructure Limited,EQ,17-AUG-2026,EQUITY_L
ORISSAMINE,The Orissa Minerals Development Company Limited,EQ,29-SEP-2010,EQUITY_L
ORKLAINDIA,Orkla India Limited,EQ,06-NOV-2025,EQUITY_L
ORTINGLOBE,ORTIN GLOBAL LIMITED,EQ,30-MAR-2021,EQUITY_L
OSIAHYPER,Osia Hyper Retail Limited,BE,01-DEC-2022,EQUITY_L
OSWALAGRO,Oswal Agro Mills Limited,EQ,29-MAR-1995,EQUITY_L
OSWALGREEN,Oswal Greentech Limited,EQ,28-AUG-1996,EQUITY_L
OSWALPUMPS,Oswal Pumps Limited,EQ,20-JUN-2025,EQUITY_L
OSWALSEEDS,ShreeOswal Seeds And Chemicals Limited,EQ,28-FEB-2023,EQUITY_L
PACEDIGITK,Pace Digitek Limited,EQ,06-OCT-2025,EQUITY_L
PACIFICI,Pacific Industries Limited,EQ,17-AUG-2026,EQUITY_L
PAGEIND,Page Industries Limited,EQ,16-MAR-2007,EQUITY_L
PAISALO,Paisalo Digital Limited,EQ,17-OCT-2011,EQUITY_L
PAKKA,PAKKA LIMITED,EQ,11-JUL-2023,EQUITY_L
PALASHSECU,Palash Securities Limited,EQ,28-JUL-2017,EQUITY_L
PALREDTEC,Palred Technologies Limited,BE,09-MAY-2016,EQUITY_L
PANACEABIO,Panacea Biotec Limited,EQ,17-APR-1996,EQUITY_L
PANACHE,Panache Digilife Limited,BE,06-JAN-2020,EQUITY_L
PANAMAPET,Panama Petrochem Limited,EQ,30-SEP-2011,EQUITY_L
PANCHMAHQ,Panchmahal Steel Limited,EQ,17-AUG-2026,EQUITY_L
PANORAMA,Panorama Studios International Limited,EQ,17-AUG-2026,EQUITY_L
PANSARI,Pansari Developers Limited,EQ,18-OCT-2021,EQUITY_L
PAR,Par Drugs And Chemicals Limited,EQ,16-SEP-2021,EQUITY_L
PARACABLES,Paramount Communications Limited,EQ,03-JAN-2007,EQUITY_L
PARADEEP,Paradeep Phosphates Limited,EQ,27-MAY-2022,EQUITY_L
PARAGMILK,Parag Milk Foods Limited,EQ,19-MAY-2016,EQUITY_L
PARAS,Paras Defence and Space Technologies Limited,EQ,01-OCT-2021,EQUITY_L
PARASPETRO,Paras Petrofils Limited,EQ,14-FEB-1996,EQUITY_L
PARKHOSPS,Park Medi World Limited,EQ,17-DEC-2025,EQUITY_L
PARKHOTELS,Apeejay Surrendra Park Hotels Limited,EQ,12-FEB-2024,EQUITY_L
PARNAXLAB,Parnax Lab Limited,EQ,17-AUG-2026,EQUITY_L
PARSVNATH,Parsvnath Developers Limited,BE,30-NOV-2006,EQUITY_L
PASHUPATI,Pashupati Cotspin Limited,EQ,17-JUL-2025,EQUITY_L
PASUPTAC,Pasupati Acrylon Limited,BE,12-OCT-2021,EQUITY_L
PATANJALI,Patanjali Foods Limited,EQ,24-JAN-2020,EQUITY_L
PATELENG,Patel Engineering Limited,EQ,24-FEB-2005,EQUITY_L
PATELRMART,Patel Retail Limited,EQ,26-AUG-2025,EQUITY_L
PATINTLOG,Patel Integrated Logistics Limited,BE,11-JAN-2008,EQUITY_L
PAUSHAKLTD,Paushak Limited,EQ,01-DEC-2025,EQUITY_L
PAVNAIND,Pavna Industries Limited,EQ,01-JUN-2023,EQUITY_L
PAYTM,One 97 Communications Limited,EQ,18-NOV-2021,EQUITY_L
PBMPOLY,PBM Polytex Limited,EQ,17-AUG-2026,EQUITY_L
PCBL,PCBL Chemical Limited,EQ,29-MAR-1995,EQUITY_L
PCJEWELLER,PC Jeweller Limited,EQ,27-DEC-2012,EQUITY_L
PDMJEPAPER,Pudumjee Paper Products Limited,EQ,30-MAR-2016,EQUITY_L
PDSL,PDS Limited,EQ,21-OCT-2014,EQUITY_L
PEARLPOLY,Pearl Polymers Limited,EQ,11-OCT-1995,EQUITY_L
PENIND,Pennar Industries Limited,EQ,25-NOV-2010,EQUITY_L
PENINLAND,Peninsula Land Limited,BE,08-FEB-1995,EQUITY_L
PERMAGN,Permanent Magnets Limited,EQ,17-AUG-2026,EQUITY_L
PERSISTENT,Persistent Systems Limited,EQ,06-APR-2010,EQUITY_L
PETRONET,Petronet LNG Limited,EQ,26-MAR-2004,EQUITY_L
PFC,Power Finance Corporation Limited,EQ,23-FEB-2007,EQUITY_L
PFIZER,Pfizer Limited,EQ,28-APR-1999,EQUITY_L
PFOCUS,Prime Focus Limited,EQ,20-JUN-2006,EQUITY_L
PFS,PTC India Financial Services Limited,EQ,30-MAR-2011,EQUITY_L
PGEL,PG Electroplast Limited,EQ,26-SEP-2011,EQUITY_L
PGHH,Procter & Gamble Hygiene and Health Care Limited,EQ,07-JUL-2004,EQUITY_L
PGHL,Procter & Gamble Health Limited,EQ,24-APR-1996,EQUITY_L
PGIL,Pearl Global Industries Limited,EQ,15-FEB-2007,EQUITY_L
PHOENIXLTD,The Phoenix Mills Limited,EQ,23-APR-2007,EQUITY_L
PHOENXINTL,Phoenix International Limited,EQ,17-AUG-2026,EQUITY_L
PICCADIL,Piccadily Agro Industries Limited,EQ,02-JUL-2025,EQUITY_L
PIDILITIND,Pidilite Industries Limited,EQ,29-MAR-1995,EQUITY_L
PIGL,Power & Instrumentation (Gujarat) Limited,EQ,17-MAY-2023,EQUITY_L
PIIND,PI Industries Limited,EQ,15-JUN-2011,EQUITY_L
PILANIINVS,Pilani Investment and Industries Corporation Limited,EQ,08-DEC-2015,EQUITY_L
PILITA,PIL ITALICA LIFESTYLE LIMITED,EQ,07-OCT-2013,EQUITY_L
PINELABS,Pine Labs Limited,EQ,14-NOV-2025,EQUITY_L
PIONEEREMB,Pioneer Embroideries Limited,EQ,16-MAY-2006,EQUITY_L
PIONRINV,Pioneer Investcorp Limited,BE,20-APR-2026,EQUITY_L
PIRAMALFIN,Piramal Finance Limited,EQ,07-NOV-2025,EQUITY_L
PITTIENG,Pitti Engineering Limited,EQ,02-FEB-2007,EQUITY_L
PIXTRANS,Pix Transmissions Limited,EQ,28-APR-2022,EQUITY_L
PKTEA,The Peria Karamalai Tea & Produce Company Limited,EQ,19-AUG-2015,EQUITY_L
PLASTIBLEN,Plastiblends India Limited,EQ,28-DEC-2006,EQUITY_L
PLATIND,Platinum Industries Limited,EQ,05-MAR-2024,EQUITY_L
PLAZACABLE,Plaza Wires Limited,EQ,12-OCT-2023,EQUITY_L
PML,Paul Merchants Limited,EQ,20-APR-2026,EQUITY_L
PNB,Punjab National Bank,EQ,24-APR-2002,EQUITY_L
PNBGILTS,PNB Gilts Limited,EQ,18-SEP-2000,EQUITY_L
PNBHOUSING,PNB Housing Finance Limited,EQ,07-NOV-2016,EQUITY_L
PNC,Pritish Nandy Communications Limited,EQ,11-DEC-2000,EQUITY_L
PNCINFRA,PNC Infratech Limited,EQ,26-MAY-2015,EQUITY_L
PNGJL,P N Gadgil Jewellers Limited,EQ,17-SEP-2024,EQUITY_L
PNGSREVA,PNGS Reva Diamond Jewellery Limited,EQ,04-MAR-2026,EQUITY_L
POCL,Pondy Oxides & Chemicals Limited,EQ,06-MAR-2023,EQUITY_L
PODDARMENT,Poddar Pigments Limited,EQ,22-NOV-2016,EQUITY_L
POEL,POCL Enterprises Limited,EQ,17-AUG-2026,EQUITY_L
POKARNA,Pokarna Limited,EQ,07-JUL-2016,EQUITY_L
POLICYBZR,PB Fintech Limited,EQ,15-NOV-2021,EQUITY_L
POLYCAB,Polycab India Limited,EQ,16-APR-2019,EQUITY_L
POLYMED,Poly Medicure Limited,EQ,07-DEC-2011,EQUITY_L
POLYPLEX,Polyplex Corporation Limited,EQ,11-APR-2003,EQUITY_L
POLYSPIN,Polyspin Exports Limited,EQ,17-AUG-2026,EQUITY_L
PONNIERODE,Ponni Sugars (Erode) Limited,EQ,16-APR-2002,EQUITY_L
POONAWALLA,Poonawalla Fincorp Limited,EQ,27-APR-2004,EQUITY_L
POWERGRID,Power Grid Corporation of India Limited,EQ,05-OCT-2007,EQUITY_L
POWERICA,Powerica Limited,EQ,02-APR-2026,EQUITY_L
POWERINDIA,Hitachi Energy India Limited,EQ,30-MAR-2020,EQUITY_L
POWERMECH,Power Mech Projects Limited,EQ,26-AUG-2015,EQUITY_L
PPAP,PPAP Automotive Limited,BE,11-JAN-2008,EQUITY_L
PPL,Prakash Pipes Limited,BE,14-JUN-2019,EQUITY_L
PPLPHARMA,Piramal Pharma Limited,EQ,19-OCT-2022,EQUITY_L
PRABHA,Prabha Energy Limited,EQ,19-MAR-2025,EQUITY_L
PRADPME,Pradeep Metals Limited,BE,20-APR-2026,EQUITY_L
PRAENG,Prajay Engineers Syndicate Limited,EQ,02-JAN-2007,EQUITY_L
PRAJIND,Praj Industries Limited,EQ,11-OCT-1995,EQUITY_L
PRAKASH,Prakash Industries Limited,EQ,10-MAY-1995,EQUITY_L
PRAKASHSTL,Prakash Steelage Limited,EQ,25-AUG-2010,EQUITY_L
PRAVEG,Praveg Limited,EQ,20-APR-2026,EQUITY_L
PRAXIS,Praxis Home Retail Limited,EQ,31-JAN-2018,EQUITY_L
PRECAM,Precision Camshafts Limited,EQ,08-FEB-2016,EQUITY_L
PRECOT,Precot Limited,EQ,19-AUG-2005,EQUITY_L
PRECWIRE,Precision Wires India Limited,EQ,06-SEP-1995,EQUITY_L
PREMCO,Premco Global Limited,EQ,20-APR-2026,EQUITY_L
PREMEXPLN,Premier Explosives Limited,EQ,17-JUN-2016,EQUITY_L
PREMIER,Premier Limited,BE,03-APR-1996,EQUITY_L
PREMIERENE,Premier Energies Limited,EQ,03-SEP-2024,EQUITY_L
PREMIERPOL,Premier Polyfilm Limited,EQ,13-DEC-1995,EQUITY_L
PRESTIGE,Prestige Estates Projects Limited,EQ,27-OCT-2010,EQUITY_L
PRICOLLTD,Pricol Limited,EQ,10-FEB-2017,EQUITY_L
PRIMESECU,Prime Securities Limited,EQ,17-JUN-2005,EQUITY_L
PRIMO,Primo Chemicals Limited,EQ,22-APR-2025,EQUITY_L
PRINCEPIPE,Prince Pipes And Fittings Limited,EQ,30-DEC-2019,EQUITY_L
PRISMX,Prismx Global Ventures Limited,EQ,17-AUG-2026,EQUITY_L
PRITI,Priti International Limited,BE,02-MAR-2022,EQUITY_L
PRITIKAUTO,Pritika Auto Industries Limited,BE,10-AUG-2021,EQUITY_L
PRIVISCL,Privi Speciality Chemicals Limited,EQ,08-MAY-2015,EQUITY_L
PROSTARM,Prostarm Info Systems Limited,EQ,03-JUN-2025,EQUITY_L
PROTEAN,Protean eGov Technologies Limited,EQ,06-FEB-2025,EQUITY_L
PROZONER,Prozone Realty Limited,EQ,12-SEP-2012,EQUITY_L
PRSMJOHNSN,Prism Johnson Limited,EQ,20-AUG-2003,EQUITY_L
PRUDENT,Prudent Corporate Advisory Services Limited,EQ,20-MAY-2022,EQUITY_L
PRUDMOULI,Prudential Sugar Corporation Limited,BE,10-MAY-1995,EQUITY_L
PSB,Punjab & Sind Bank,EQ,30-DEC-2010,EQUITY_L
PSPPROJECT,PSP Projects Limited,EQ,29-MAY-2017,EQUITY_L
PTC,PTC India Limited,EQ,07-APR-2004,EQUITY_L
PTCIL,PTC Industries Limited,EQ,09-JUN-2023,EQUITY_L
PTL,PTL Enterprises Limited,EQ,29-JAN-2007,EQUITY_L
PUNJABCHEM,Punjab Chemicals & Crop Protection Limited,EQ,08-MAR-2007,EQUITY_L
PURVA,Puravankara Limited,EQ,30-AUG-2007,EQUITY_L
PVP,PVP Ventures Limited,EQ,03-APR-1996,EQUITY_L
PVRINOX,PVR INOX Limited,EQ,04-JAN-2006,EQUITY_L
PVSL,Popular Vehicles and Services Limited,EQ,19-MAR-2024,EQUITY_L
PWL,Physicswallah Limited,EQ,18-NOV-2025,EQUITY_L
PYRAMID,Pyramid Technoplast Limited,EQ,29-AUG-2023,EQUITY_L
QMSMEDI,QMS Medical Allied Services Limited,BE,18-JUN-2026,EQUITY_L
QPOWER,Quality Power Electrical Equipments Limited,EQ,24-FEB-2025,EQUITY_L
QUADFUTURE,Quadrant Future Tek Limited,EQ,14-JAN-2025,EQUITY_L
QUESS,Quess Corp Limited,EQ,12-JUL-2016,EQUITY_L
QUICKHEAL,Quick Heal Technologies Limited,BE,18-FEB-2016,EQUITY_L
QUINT,Quint Digital Limited,EQ,20-APR-2026,EQUITY_L
RACE,Race Eco Chain Limited,EQ,09-MAY-2023,EQUITY_L
RACLGEAR,RACL Geartech Limited,EQ,27-NOV-2024,EQUITY_L
RADAAN,Radaan Mediaworks India Limited,EQ,27-FEB-2003,EQUITY_L
RADHIKAJWE,Radhika Jeweltech Limited,EQ,18-JUL-2022,EQUITY_L
RADIANTCMS,Radiant Cash Management Services Limited,EQ,04-JAN-2023,EQUITY_L
RADICO,Radico Khaitan Limited,EQ,18-JUN-2003,EQUITY_L
RADIOCITY,Music Broadcast Limited,EQ,17-MAR-2017,EQUITY_L
RAILTEL,Railtel Corporation Of India Limited,EQ,26-FEB-2021,EQUITY_L
RAIN,Rain Industries Limited,EQ,03-MAR-2008,EQUITY_L
RAINBOW,Rainbow Childrens Medicare Limited,EQ,10-MAY-2022,EQUITY_L
RAJMET,Rajnandini Metal Limited,EQ,16-FEB-2021,EQUITY_L
RAJOOENG,Rajoo Engineers Limited,BE,29-MAY-2025,EQUITY_L
RAJPALAYAM,Rajapalayam Mills Limited,EQ,20-APR-2026,EQUITY_L
RAJRATAN,Rajratan Global Wire Limited,EQ,22-MAY-2020,EQUITY_L
RAJRILTD,Raj Rayon Industries Limited,BE,16-MAR-2022,EQUITY_L
RAJSREESUG,Rajshree Sugars & Chemicals Limited,EQ,29-MAR-1995,EQUITY_L
RAJTV,Raj Television Network Limited,EQ,16-MAR-2007,EQUITY_L
RALLIS,Rallis India Limited,EQ,01-APR-1999,EQUITY_L
RAMANEWS,Shree Rama Newsprint Limited,EQ,20-SEP-2006,EQUITY_L
RAMAPHO,Rama Phosphates Limited,EQ,05-AUG-2022,EQUITY_L
RAMASTEEL,Rama Steel Tubes Limited,BE,19-AUG-2015,EQUITY_L
RAMBHAJO,Advit Jewels Limited,EQ,01-JUL-2026,EQUITY_L
RAMCOCEM,The Ramco Cements Limited,EQ,09-APR-1997,EQUITY_L
RAMCOIND,Ramco Industries Limited,EQ,06-NOV-1996,EQUITY_L
RAMCOSYS,Ramco Systems Limited,EQ,12-APR-2000,EQUITY_L
RAMKY,Ramky Infrastructure Limited,EQ,08-OCT-2010,EQUITY_L
RAMRAT,Ram Ratna Wires Limited,EQ,29-JUL-2022,EQUITY_L
RANASUG,Rana Sugars Limited,EQ,24-FEB-2005,EQUITY_L
RANEHOLDIN,Rane Holdings Limited,EQ,24-SEP-1997,EQUITY_L
RATEGAIN,Rategain Travel Technologies Limited,EQ,17-DEC-2021,EQUITY_L
RATNAMANI,Ratnamani Metals & Tubes Limited,EQ,09-MAY-2006,EQUITY_L
RATNAVEER,Ratnaveer Precision Engineering Limited,EQ,11-SEP-2023,EQUITY_L
RAYMOND,Raymond Limited,EQ,18-OCT-1995,EQUITY_L
RAYMONDLSL,Raymond Lifestyle Limited,EQ,05-SEP-2024,EQUITY_L
RAYMONDREL,Raymond Realty Limited,EQ,01-JUL-2025,EQUITY_L
RBA,Restaurant Brands Asia Limited,EQ,14-DEC-2020,EQUITY_L
RBLBANK,RBL Bank Limited,EQ,31-AUG-2016,EQUITY_L
RBZJEWEL,RBZ Jewellers Limited,EQ,27-DEC-2023,EQUITY_L
RCF,Rashtriya Chemicals and Fertilizers Limited,EQ,07-JAN-1998,EQUITY_L
RCOM,Reliance Communications Limited,BE,06-MAR-2006,EQUITY_L
RECLTD,REC Limited,EQ,12-MAR-2008,EQUITY_L
REDINGTON,Redington Limited,EQ,15-FEB-2007,EQUITY_L
REDTAPE,Redtape Limited,EQ,11-AUG-2023,EQUITY_L
REFEX,Refex Industries Limited,EQ,03-DEC-2009,EQUITY_L
REGAAL,Regaal Resources Limited,EQ,20-AUG-2025,EQUITY_L
REGENCERAM,Regency Ceramics Limited,EQ,05-JUN-1996,EQUITY_L
RELAXO,Relaxo Footwears Limited,EQ,17-JUN-2011,EQUITY_L
RELCHEMQ,Reliance Chemotex Industries Limited,EQ,25-MAY-2022,EQUITY_L
RELIABLE,Reliable Data Services Limited,EQ,10-JUL-2024,EQUITY_L
RELIANCE,Reliance Industries Limited,EQ,29-NOV-1995,EQUITY_L
RELIGARE,Religare Enterprises Limited,EQ,21-NOV-2007,EQUITY_L
RELINFRA,Reliance Infrastructure Limited,BE,08-FEB-1995,EQUITY_L
RELTD,Ravindra Energy Limited,EQ,30-JUL-2024,EQUITY_L
REMSONSIND,Remsons Industries Limited,EQ,31-JAN-1996,EQUITY_L
RENUKA,Shree Renuka Sugars Limited,EQ,31-OCT-2005,EQUITY_L
REPCOHOME,Repco Home Finance Limited,EQ,01-APR-2013,EQUITY_L
REPL,Rudrabhishek Enterprises Limited,BE,14-DEC-2020,EQUITY_L
REPRO,Repro India Limited,EQ,22-DEC-2005,EQUITY_L
RESPONIND,Responsive Industries Limited,EQ,29-OCT-2010,EQUITY_L
RETAIL,JHS Svendgaard Retail Ventures Limited,EQ,26-JUN-2024,EQUITY_L
RGL,Renaissance Global Limited,EQ,12-DEC-2007,EQUITY_L
RHETAN,Rhetan TMT Limited,EQ,26-SEP-2025,EQUITY_L
RHIM,RHI MAGNESITA INDIA LIMITED,EQ,12-MAR-2012,EQUITY_L
RHL,Robust Hotels Limited,EQ,25-APR-2023,EQUITY_L
RICOAUTO,Rico Auto Industries Limited,EQ,12-MAY-2003,EQUITY_L
RIIL,Reliance Industrial Infrastructure Limited,EQ,29-NOV-1995,EQUITY_L
RIR,RIR Power Electronics Limited,EQ,16-JUL-2026,EQUITY_L
RISHABH,Rishabh Instruments Limited,EQ,11-SEP-2023,EQUITY_L
RITCO,Ritco Logistics Limited,EQ,12-APR-2022,EQUITY_L
RITES,RITES Limited,EQ,02-JUL-2018,EQUITY_L
RKDL,Ravi Kumar Distilleries Limited,EQ,27-DEC-2010,EQUITY_L
RKEC,RKEC Projects Limited,EQ,18-DEC-2020,EQUITY_L
RKFORGE,Ramkrishna Forgings Limited,EQ,05-MAY-2004,EQUITY_L
RKSWAMY,R K Swamy Limited,EQ,12-MAR-2024,EQUITY_L
RMC,RMC Switchgears Limited,EQ,01-APR-2026,EQUITY_L
RMDRIP,R M Drip and Sprinklers Systems Limited,BE,30-JUL-2025,EQUITY_L
RML,Rane (Madras) Limited,EQ,30-AUG-2005,EQUITY_L
RNBDENIMS,R&B Denims Limited,EQ,04-SEP-2025,EQUITY_L
ROHLTD,Royal Orchid Hotels Limited,EQ,06-FEB-2006,EQUITY_L
ROLEXRINGS,Rolex Rings Limited,EQ,09-AUG-2021,EQUITY_L
ROLLT,Rollatainers Limited,BE,22-NOV-2016,EQUITY_L
ROML,Raj Oil Mills Limited,EQ,06-OCT-2020,EQUITY_L
ROSSARI,Rossari Biotech Limited,EQ,23-JUL-2020,EQUITY_L
ROSSELLIND,Rossell India Limited,EQ,25-SEP-2012,EQUITY_L
ROSSTECH,Rossell Techsys Limited,EQ,09-DEC-2024,EQUITY_L
ROTO,Roto Pumps Limited,EQ,21-APR-2022,EQUITY_L
ROUTE,ROUTE MOBILE LIMITED,EQ,21-SEP-2020,EQUITY_L
RPEL,Raghav Productivity Enhancers Limited,EQ,08-AUG-2024,EQUITY_L
RPGLIFE,RPG Life Sciences Limited,EQ,10-JUN-2008,EQUITY_L
RPOWER,Reliance Power Limited,EQ,11-FEB-2008,EQUITY_L
RPPINFRA,R.P.P. Infra Projects Limited,EQ,06-DEC-2010,EQUITY_L
RPPL,Rajshree Polypack Limited,BE,26-NOV-2021,EQUITY_L
RPSGVENT,RPSG VENTURES LIMITED,EQ,25-JAN-2019,EQUITY_L
RPTECH,Rashi Peripherals Limited,EQ,14-FEB-2024,EQUITY_L
RRECL,RDB Real Estate Constructions Limited,EQ,17-AUG-2026,EQUITY_L
RRIL,RRIL Limited,EQ,20-APR-2026,EQUITY_L
RRKABEL,R R Kabel Limited,EQ,20-SEP-2023,EQUITY_L
RSDFIN,RSD Finance Limited,BE,20-APR-2026,EQUITY_L
RSL,Rajputana Stainless Limited,EQ,19-MAR-2026,EQUITY_L
RSSOFTWARE,R. S. Software (India) Limited,EQ,19-MAY-1999,EQUITY_L
RSWM,RSWM Limited,BE,15-FEB-1995,EQUITY_L
RSYSTEMS,R Systems International Limited,EQ,26-APR-2006,EQUITY_L
RTNINDIA,RattanIndia Enterprises Limited,EQ,30-JUL-2012,EQUITY_L
RTNPOWER,RattanIndia Power Limited,EQ,30-OCT-2009,EQUITY_L
RTSPOWR,RTS Power Corporation Limited,EQ,17-AUG-2026,EQUITY_L
RUBFILA,Rubfila International Limited,EQ,08-AUG-2024,EQUITY_L
RUBICON,Rubicon Research Limited,EQ,16-OCT-2025,EQUITY_L
RUBYMILLS,The Ruby Mills Limited,BE,29-MAR-1995,EQUITY_L
RUCHINFRA,Ruchi Infrastructure Limited,EQ,16-OCT-1996,EQUITY_L
RUCHIRA,Ruchira Papers Limited,EQ,20-DEC-2006,EQUITY_L
RUDRA,Rudra Global Infra Products Limited,EQ,19-DEC-2025,EQUITY_L
RUPA,Rupa & Company Limited,EQ,07-DEC-2011,EQUITY_L
RUSHIL,Rushil Decor Limited,EQ,07-JUL-2011,EQUITY_L
RUSTOMJEE,Keystone Realtors Limited,EQ,24-NOV-2022,EQUITY_L
RVHL,Ravinder Heights Limited,EQ,18-DEC-2020,EQUITY_L
RVNL,Rail Vikas Nigam Limited,EQ,11-APR-2019,EQUITY_L
RVTH,Revathi Equipment India Limited,EQ,11-SEP-2024,EQUITY_L
S&SPOWER,S&S Power Switchgears Limited,EQ,27-SEP-1995,EQUITY_L
SAATVIKGL,Saatvik Green Energy Limited,EQ,26-SEP-2025,EQUITY_L
SAB,SAB Industries Limited,EQ,17-AUG-2026,EQUITY_L
SADBHAV,Sadbhav Engineering Limited,EQ,01-MAR-2006,EQUITY_L
SADBHIN,Sadbhav Infrastructure Project Limited,BE,16-SEP-2015,EQUITY_L
SADHNANIQ,Sadhana Nitrochem Limited,BE,05-MAY-2023,EQUITY_L
SAFARI,Safari Industries (India) Limited,EQ,12-SEP-2019,EQUITY_L
SAGARDEEP,Sagardeep Alloys Limited,EQ,25-JAN-2019,EQUITY_L
SAGCEM,Sagar Cements Limited,EQ,29-JAN-2007,EQUITY_L
SAGILITY,SAGILITY LIMITED,EQ,12-NOV-2024,EQUITY_L
SAHLIBHFI,Shalibhadra Finance Limited,EQ,10-APR-2026,EQUITY_L
SAHYADRI,Sahyadri Industries Limited,EQ,06-APR-2023,EQUITY_L
SAICAPI,Sai Capital Limited,EQ,17-AUG-2026,EQUITY_L
SAIL,Steel Authority of India Limited,EQ,06-JUL-1995,EQUITY_L
SAILIFE,Sai Life Sciences Limited,EQ,18-DEC-2024,EQUITY_L
SAIPARENT,Sai Parenterals Limited,EQ,02-APR-2026,EQUITY_L
SAKAR,Sakar Healthcare Limited,EQ,11-APR-2019,EQUITY_L
SAKHTISUG,Sakthi Sugars Limited,EQ,06-SEP-1995,EQUITY_L
SAKSOFT,Saksoft Limited,EQ,09-MAY-2005,EQUITY_L
SAKUMA,Sakuma Exports Limited,EQ,08-MAR-2006,EQUITY_L
SALASAR,Salasar Techno Engineering Limited,EQ,25-JUL-2017,EQUITY_L
SALONA,Salona Cotspin Limited,EQ,16-JUN-2016,EQUITY_L
SALSTEEL,S.A.L. Steel Limited,EQ,24-NOV-2004,EQUITY_L
SALZERELEC,Salzer Electronics Limited,EQ,02-DEC-2015,EQUITY_L
SAMBANDAM,Sambandam Spinning Mills Limited,EQ,17-AUG-2026,EQUITY_L
SAMBHAAV,Sambhaav Media Limited,EQ,05-JUN-1996,EQUITY_L
SAMBHV,Sambhv Steel Tubes Limited,EQ,02-JUL-2025,EQUITY_L
SAMHI,Samhi Hotels Limited,EQ,22-SEP-2023,EQUITY_L
SAMMAANCAP,Sammaan Capital Limited,EQ,23-JUL-2013,EQUITY_L
SAMPANN,Sampann Utpadan India Limited,EQ,27-JUL-2012,EQUITY_L
SANATHAN,Sanathan Textiles Limited,EQ,27-DEC-2024,EQUITY_L
SANDESH,The Sandesh Limited,EQ,26-NOV-2002,EQUITY_L
SANDHAR,Sandhar Technologies Limited,EQ,02-APR-2018,EQUITY_L
SANDUMA,Sandur Manganese & Iron Ores Limited,EQ,07-SEP-2023,EQUITY_L
SANGAMIND,Sangam (India) Limited,EQ,17-JUL-1996,EQUITY_L
SANGHVIMOV,Sanghvi Movers Limited,EQ,24-JAN-2007,EQUITY_L
SANGINITA,Sanginita Chemicals Limited,BE,15-JUL-2019,EQUITY_L
SANOFI,Sanofi India Limited,EQ,19-MAY-2003,EQUITY_L
SANOFICONR,Sanofi Consumer Healthcare India Limited,EQ,13-SEP-2024,EQUITY_L
SANSERA,Sansera Engineering Limited,EQ,24-SEP-2021,EQUITY_L
SANSTAR,Sanstar Limited,EQ,26-JUL-2024,EQUITY_L
SAPPHIRE,Sapphire Foods India Limited,EQ,18-NOV-2021,EQUITY_L
SAPPL,Shree Ajit Pulp & Paper Limited,EQ,20-APR-2026,EQUITY_L
SARDAEN,Sarda Energy & Minerals Limited,EQ,03-DEC-2009,EQUITY_L
SAREGAMA,Saregama India Limited,EQ,30-JUL-1997,EQUITY_L
SARLAPOLY,Sarla Performance Fibers Limited,EQ,19-JAN-2007,EQUITY_L
SARVESHWAR,Sarveshwar Foods Limited,EQ,08-DEC-2022,EQUITY_L
SASKEN,Sasken Technologies Limited,EQ,09-SEP-2005,EQUITY_L
SATIA,Satia Industries Limited,EQ,17-JUL-2019,EQUITY_L
SATIN,Satin Creditcare Network Limited,EQ,26-AUG-2015,EQUITY_L
SAURASHCEM,Saurashtra Cement Limited,EQ,27-FEB-2024,EQUITY_L
SAYAJIHOTL,Sayaji Hotels Limited,EQ,20-APR-2026,EQUITY_L
SAYAJIIND,Sayaji Industries Limited,EQ,17-AUG-2026,EQUITY_L
SBC,SBC Exports Limited,EQ,23-NOV-2021,EQUITY_L
SBCL,Shivalik Bimetal Controls Limited,EQ,24-JUN-2021,EQUITY_L
SBFC,SBFC Finance Limited,EQ,16-AUG-2023,EQUITY_L
SBGLP,Suratwwala Business Group Limited,EQ,10-FEB-2023,EQUITY_L
SBICARD,SBI Cards and Payment Services Limited,EQ,16-MAR-2020,EQUITY_L
SBIFUNDS,SBI Funds Management Limited,EQ,21-JUL-2026,EQUITY_L
SBILIFE,SBI Life Insurance Company Limited,EQ,03-OCT-2017,EQUITY_L
SBIN,State Bank of India,EQ,01-MAR-1995,EQUITY_L
SCANSTL,Scan Steels Limited,BE,20-APR-2026,EQUITY_L
SCHAEFFLER,Schaeffler India Limited,EQ,29-NOV-2000,EQUITY_L
SCHAND,S Chand And Company Limited,EQ,09-MAY-2017,EQUITY_L
SCHNEIDER,Schneider Electric Infrastructure Limited,EQ,20-MAR-2012,EQUITY_L
SCI,Shipping Corporation Of India Limited,EQ,13-AUG-1997,EQUITY_L
SCILAL,Shipping Corporation of India Land and Assets Limited,EQ,19-MAR-2024,EQUITY_L
SCODATUBES,Scoda Tubes Limited,EQ,04-JUN-2025,EQUITY_L
SCPL,Sheetal Cool Products Limited,BE,22-NOV-2022,EQUITY_L
SDBL,Som Distilleries & Breweries Limited,EQ,18-MAR-2014,EQUITY_L
SEAMECLTD,Seamec Limited,EQ,28-JUN-1995,EQUITY_L
SECMARK,SecMark Consultancy Limited,EQ,16-OCT-2023,EQUITY_L
SECURKLOUD,SECUREKLOUD TECHNOLOGIES LIMITED,EQ,29-JAN-2014,EQUITY_L
SEDEMAC,SEDEMAC Mechatronics Limited,EQ,11-MAR-2026,EQUITY_L
SEIL,Shanti Educational Initiatives Limited,EQ,20-APR-2026,EQUITY_L
SEJALLTD,Sejal Glass Limited,EQ,13-DEC-2021,EQUITY_L
SEKURITIND,Saint Gobain Sekurit India Limited,EQ,17-AUG-2026,EQUITY_L
SELMC,SEL Manufacturing Company Limited,EQ,26-OCT-2021,EQUITY_L
SEMAC,Semac Construction Limited,EQ,11-AUG-2005,EQUITY_L
SENCO,Senco Gold Limited,EQ,14-JUL-2023,EQUITY_L
SENORES,Senores Pharmaceuticals Limited,EQ,30-DEC-2024,EQUITY_L
SEPC,SEPC Limited,EQ,20-FEB-2008,EQUITY_L
SERVOTECH,Servotech Renewable Power System Limited,EQ,02-SEP-2021,EQUITY_L
SESHAPAPER,Seshasayee Paper and Boards Limited,EQ,29-MAR-1995,EQUITY_L
SETCO,Setco Automotive Limited,BE,01-JUL-2016,EQUITY_L
SETL,Standard Engineering Technology Limited,EQ,13-JAN-2025,EQUITY_L
SEYAIND,Seya Industries Limited,BE,11-JUL-2019,EQUITY_L
SFL,Sheela Foam Limited,EQ,09-DEC-2016,EQUITY_L
SGFIN,SG Finserve Limited,EQ,05-AUG-2025,EQUITY_L
SGIL,Synergy Green Industries Limited,EQ,28-JUL-2021,EQUITY_L
SGL,STL Global Limited,EQ,10-APR-2006,EQUITY_L
SGLRES,SGL Resources Limited,EQ,17-AUG-2026,EQUITY_L
SGMART,SG Mart Limited,EQ,12-SEP-2025,EQUITY_L
SGRL,Shree Ganesh Remedies Limited,EQ,17-AUG-2026,EQUITY_L
SHADOWFAX,Shadowfax Technologies Limited,EQ,28-JAN-2026,EQUITY_L
SHAH,Shah Metacorp Limited,EQ,27-OCT-2010,EQUITY_L
SHAHALLOYS,Shah Alloys Limited,EQ,16-JUN-2005,EQUITY_L
SHAILY,Shaily Engineering Plastics Limited,EQ,04-APR-2022,EQUITY_L
SHAKTIPUMP,Shakti Pumps (India) Limited,EQ,29-JAN-2015,EQUITY_L
SHALBY,Shalby Limited,EQ,15-DEC-2017,EQUITY_L
SHALPAINTS,Shalimar Paints Limited,BE,03-MAR-2008,EQUITY_L
SHANKARA,Shankara Building Products Limited,EQ,05-APR-2017,EQUITY_L
SHANKESH,Shankesh Jewellers Limited,EQ,25-AUG-2026,EQUITY_L
SHANTI,Shanti Overseas (India) Limited,EQ,16-SEP-2021,EQUITY_L
SHANTIGEAR,Shanthi Gears Limited,EQ,17-JAN-1996,EQUITY_L
SHANTIGOLD,Shanti Gold International Limited,EQ,01-AUG-2025,EQUITY_L
SHARDACROP,Sharda Cropchem Limited,EQ,23-SEP-2014,EQUITY_L
SHARDAMOTR,Sharda Motor Industries Limited,EQ,03-SEP-2015,EQUITY_L
SHARDUL,Shardul Securities Limited,BE,20-APR-2026,EQUITY_L
SHAREINDIA,Share India Securities Limited,EQ,21-SEP-2020,EQUITY_L
SHBAJRG,Shri Bajrang Alliance Limited,EQ,20-APR-2026,EQUITY_L
SHEKHAWATI,Shekhawati Industries Limited,BE,12-JAN-2011,EQUITY_L
SHEMAROO,Shemaroo Entertainment Limited,BE,01-OCT-2014,EQUITY_L
SHERVANI,Shervani Industrial Syndicate Limited,EQ,17-AUG-2026,EQUITY_L
SHILCTECH,Shilchar Technologies Limited,EQ,24-NOV-2025,EQUITY_L
SHILGRAVQ,Shilp Gravures Limited,EQ,17-AUG-2026,EQUITY_L
SHILPAMED,Shilpa Medicare Limited,EQ,03-DEC-2009,EQUITY_L
SHINDL,Sharat Industries Limited,EQ,20-APR-2026,EQUITY_L
SHIPROCKET,Shiprocket Limited,EQ,19-AUG-2026,EQUITY_L
SHIVAAGRO,Shiva Global Agro Industries Limited,EQ,17-AUG-2026,EQUITY_L
SHIVACEM,Shiva Cement Limited,EQ,17-AUG-2026,EQUITY_L
SHIVALIK,Shivalik Rasayan Limited,BE,09-DEC-2021,EQUITY_L
SHIVAMAUTO,Shivam Autotech Limited,BE,21-NOV-2006,EQUITY_L
SHIVAMILLS,Shiva Mills Limited,EQ,26-FEB-2018,EQUITY_L
SHIVATEX,Shiva Texyarn Limited,EQ,26-DEC-2017,EQUITY_L
SHIVAUM,Shiv Aum Steels Limited,EQ,14-NOV-2025,EQUITY_L
SHK,S H Kelkar and Company Limited,EQ,16-NOV-2015,EQUITY_L
SHOPERSTOP,Shoppers Stop Limited,EQ,23-MAY-2005,EQUITY_L
SHRADDHA,Shraddha Prime Projects Limited,EQ,17-AUG-2026,EQUITY_L
SHRADHA,Shradha Realty Limited,EQ,22-OCT-2020,EQUITY_L
SHREDIGCEM,Shree Digvijay Cement Co.Ltd,EQ,28-JAN-2020,EQUITY_L
SHREECEM,SHREE CEMENT LIMITED,EQ,26-APR-1995,EQUITY_L
SHREEJISPG,Shreeji Shipping Global Limited,EQ,26-AUG-2025,EQUITY_L
SHREEPUSHK,Shree Pushkar Chemicals & Fertilisers Limited,EQ,10-SEP-2015,EQUITY_L
SHREERAMA,Shree Rama Multi-Tech Limited,EQ,13-MAR-2000,EQUITY_L
SHREYANIND,Shreyans Industries Limited,EQ,06-NOV-1996,EQUITY_L
SHRIKRISH,Shri Krishna Devcon Limited,EQ,20-APR-2026,EQUITY_L
SHRINGARMS,Shringar House of Mangalsutra Limited,EQ,17-SEP-2025,EQUITY_L
SHRIPISTON,SPR Auto Technologies Limited,EQ,02-JUN-2016,EQUITY_L
SHRIRAMFIN,Shriram Finance Limited,EQ,11-DEC-1996,EQUITY_L
SHRIRAMPPS,Shriram Properties Limited,EQ,20-DEC-2021,EQUITY_L
SHRJAGP,Shri Jagdamba Polymers Limited,EQ,17-AUG-2026,EQUITY_L
SHUKRAPHAR,Shukra Pharmaceuticals Limited,EQ,14-AUG-2026,EQUITY_L
SHYAMCENT,Shyam Century Ferrous Limited,BE,28-JUL-2015,EQUITY_L
SHYAMMETL,Shyam Metalics and Energy Limited,EQ,24-JUN-2021,EQUITY_L
SHYAMTEL,Shyam Telecom Limited,EQ,06-NOV-2006,EQUITY_L
SICAGEN,Sicagen India Limited,EQ,20-APR-2026,EQUITY_L
SICALLOG,Sical Logistics Limited,BE,12-OCT-2023,EQUITY_L
SIEL,Superior Industrial Enterprises Limited,EQ,17-AUG-2026,EQUITY_L
SIEMENS,Siemens Limited,EQ,06-SEP-1995,EQUITY_L
SIGACHI,Sigachi Industries Limited,EQ,15-NOV-2021,EQUITY_L
SIGIND,Signet Industries Limited,BE,29-AUG-2018,EQUITY_L
SIGMA,Sigma Solve Limited,EQ,09-JUN-2023,EQUITY_L
SIGMAADV,SIGMA ADVANCED SYSTEMS LIMITED,EQ,19-JUL-2007,EQUITY_L
SIGNATURE,Signatureglobal (India) Limited,EQ,27-SEP-2023,EQUITY_L
SIGNPOST,Signpost India Limited,EQ,14-FEB-2024,EQUITY_L
SIKA,Sika Interplant Systems Limited,EQ,20-APR-2026,EQUITY_L
SIKKO,Sikko Industries Limited,BE,22-OCT-2021,EQUITY_L
SIL,Standard Industries Limited,EQ,27-JAN-2004,EQUITY_L
SILGO,Silgo Retail Limited,EQ,03-MAR-2021,EQUITY_L
SILINV,SIL Investments Limited,EQ,22-MAY-1996,EQUITY_L
SILLYMONKS,Silly Monks Entertainment Limited,EQ,08-JUL-2020,EQUITY_L
SILVERTUC,Silver Touch Technologies Limited,EQ,12-MAY-2022,EQUITY_L
SIMPLEXINF,Simplex Infrastructures Limited,EQ,09-MAR-2004,EQUITY_L
SIMPLXREA,Simplex Realty Limited,EQ,17-AUG-2026,EQUITY_L
SINCLAIR,Sinclairs Hotels Limited,EQ,10-APR-2024,EQUITY_L
SINDHUTRAD,Sindhu Trade Links Limited,EQ,20-JUN-2023,EQUITY_L
SINGERIND,Singer India Limited,EQ,19-MAR-2026,EQUITY_L
SINTERCOM,Sintercom India Limited,EQ,07-OCT-2020,EQUITY_L
SIRCA,Sirca Paints India Limited,EQ,22-JUL-2019,EQUITY_L
SIS,SIS LIMITED,EQ,10-AUG-2017,EQUITY_L
SIYSIL,Siyaram Silk Mills Limited,EQ,29-JAN-2007,EQUITY_L
SJS,S.J.S. Enterprises Limited,EQ,15-NOV-2021,EQUITY_L
SJVN,SJVN Limited,EQ,20-MAY-2010,EQUITY_L
SKFINDIA,SKF India Limited,EQ,27-JAN-1999,EQUITY_L
SKFINDUS,SKF India (Industrial) Limited,EQ,05-DEC-2025,EQUITY_L
SKIPPER,Skipper Limited,EQ,27-MAY-2015,EQUITY_L
SKMEGGPROD,SKM Egg Products Export (India) Limited,EQ,14-MAR-1997,EQUITY_L
SKYGOLD,SKY GOLD AND DIAMONDS LIMITED,EQ,06-JAN-2023,EQUITY_L
SMARTLINK,Smartlink Holdings Limited,BE,11-APR-2001,EQUITY_L
SMARTWORKS,Smartworks Coworking Spaces Limited,EQ,17-JUL-2025,EQUITY_L
SMCGLOBAL,SMC Global Securities Limited,EQ,24-FEB-2021,EQUITY_L
SMLMAH,SML Mahindra Limited,EQ,29-AUG-2003,EQUITY_L
SMLT,Sarthak Metals Limited,EQ,25-NOV-2021,EQUITY_L
SMSPHARMA,SMS Pharmaceuticals Limited,EQ,28-FEB-2007,EQUITY_L
SNOWMAN,Snowman Logistics Limited,EQ,12-SEP-2014,EQUITY_L
SOBHA,Sobha Limited,EQ,20-DEC-2006,EQUITY_L
SOFTTECH,Softtech Engineers Limited,EQ,25-FEB-2022,EQUITY_L
SOLARA,Solara Active Pharma Sciences Limited,EQ,27-JUN-2018,EQUITY_L
SOLARINDS,Solar Industries India Limited,EQ,03-APR-2006,EQUITY_L
SOLARWORLD,Solarworld Energy Solutions Limited,EQ,30-SEP-2025,EQUITY_L
SOLEX,Solex Energy Limited,EQ,08-OCT-2025,EQUITY_L
SOMANYCERA,Somany Ceramics Limited,EQ,22-NOV-1995,EQUITY_L
SOMATEX,Soma Textiles & Industries Limited,EQ,14-AUG-1996,EQUITY_L
SOMICONVEY,Somi Conveyor Beltings Limited,EQ,18-JUL-2016,EQUITY_L
SONACOMS,Sona BLW Precision Forgings Limited,EQ,24-JUN-2021,EQUITY_L
SONAL,Sonal Mercantile Limited,EQ,20-APR-2026,EQUITY_L
SONAMLTD,SONAM LIMITED,EQ,07-APR-2022,EQUITY_L
SONATSOFTW,Sonata Software Limited,EQ,28-JUL-1999,EQUITY_L
SOTL,Savita Oil Technologies Limited,EQ,28-JUN-1995,EQUITY_L
SOUTHBANK,The South Indian Bank Limited,EQ,08-DEC-1998,EQUITY_L
SOUTHWEST,South West Pinnacle Exploration Limited,EQ,18-APR-2019,EQUITY_L
SPAL,S. P. Apparels Limited,EQ,12-AUG-2016,EQUITY_L
SPANDANA,Spandana Sphoorty Financial Limited,EQ,19-AUG-2019,EQUITY_L
SPARC,Sun Pharma Advanced Research Company Limited,EQ,18-JUL-2007,EQUITY_L
SPCENET,Spacenet Enterprises India Limited,EQ,10-JAN-2017,EQUITY_L
SPECIALITY,Speciality Restaurants Limited,BE,30-MAY-2012,EQUITY_L
SPECTRUM,Spectrum Electrical Industries Limited,BE,28-MAR-2025,EQUITY_L
SPELS,SPEL Semiconductor Limited,EQ,17-AUG-2026,EQUITY_L
SPENCERS,Spencer's Retail Limited,EQ,25-JAN-2019,EQUITY_L
SPIC,Southern Petrochemicals Industries Corporation  Limited,EQ,10-JAN-1996,EQUITY_L
SPLIL,SPL Industries Limited,EQ,26-JUL-2005,EQUITY_L
SPLPETRO,Supreme Petrochem Limited,EQ,24-MAY-2022,EQUITY_L
SPMLINFRA,SPML Infra Limited,EQ,14-FEB-1996,EQUITY_L
SPORTKING,Sportking India Limited,EQ,24-AUG-2022,EQUITY_L
SRD,Shankar Lal Rampal Dye-Chem Limited,EQ,09-OCT-2024,EQUITY_L
SREEL,Sreeleathers Limited,EQ,01-JAN-2014,EQUITY_L
SRF,SRF Limited,EQ,18-AUG-2003,EQUITY_L
SRGHFL,SRG Housing Finance Limited,EQ,21-AUG-2023,EQUITY_L
SRHHYPOLTD,Sree Rayalaseema Hi-Strength Hypo Limited,EQ,08-MAY-2007,EQUITY_L
SRIKPRIND,Sri KPR Industries Limited,EQ,17-AUG-2026,EQUITY_L
SRM,SRM Contractors Limited,EQ,03-APR-2024,EQUITY_L
SRTL,Shree Ram Twistex Limited,EQ,02-MAR-2026,EQUITY_L
SSDL,Saraswati Saree Depot Limited,EQ,20-AUG-2024,EQUITY_L
SSWL,Steel Strips Wheels Limited,EQ,06-JUN-2005,EQUITY_L
STALLION,Stallion India Fluorochemicals Limited,BE,23-JAN-2025,EQUITY_L
STANLEY,Stanley Lifestyles Limited,EQ,28-JUN-2024,EQUITY_L
STAR,Strides Pharma Science Limited,EQ,02-FEB-2000,EQUITY_L
STARCEMENT,Star Cement Limited,EQ,16-JUN-2017,EQUITY_L
STARHEALTH,Star Health and Allied Insurance Company Limited,EQ,10-DEC-2021,EQUITY_L
STARPAPER,Star Paper Mills Limited,EQ,13-SEP-1995,EQUITY_L
STARTECK,Starteck Finance Limited,EQ,04-MAY-2022,EQUITY_L
STCINDIA,The State Trading Corporation of India Limited,EQ,01-APR-2003,EQUITY_L
STEELCAS,Steelcast Limited,EQ,23-NOV-2021,EQUITY_L
STEELCITY,Steel City Securities Limited,EQ,27-JUN-2019,EQUITY_L
STEELXIND,STEEL EXCHANGE INDIA LIMITED,EQ,20-JUL-2017,EQUITY_L
STEL,Stel Holdings Limited,EQ,09-FEB-2011,EQUITY_L
STERTOOLS,Sterling Tools Limited,BE,02-FEB-2006,EQUITY_L
STLNETWORK,STL Networks Limited,EQ,04-SEP-2025,EQUITY_L
STLSTRINF,Steel Strips Infrastructures Limited,EQ,17-AUG-2026,EQUITY_L
STLTECH,Sterlite Technologies Limited,BE,08-DEC-2000,EQUITY_L
STOVEKRAFT,Stove Kraft Limited,EQ,05-FEB-2021,EQUITY_L
STUDDS,Studds Accessories Limited,EQ,07-NOV-2025,EQUITY_L
STYL,Seshaasai Technologies Limited,EQ,30-SEP-2025,EQUITY_L
STYLAMIND,Stylam Industries Limited,EQ,02-AUG-2021,EQUITY_L
STYLEBAAZA,Baazar Style Retail Limited,EQ,06-SEP-2024,EQUITY_L
STYRENIX,Styrenix Performance Materials Limited,EQ,29-MAR-1995,EQUITY_L
SUBEXLTD,Subex Limited,EQ,05-NOV-2020,EQUITY_L
SUBROS,Subros Limited,EQ,13-JUL-2005,EQUITY_L
SUDARCOLOR,Sudarshan Colorants India Limited,EQ,14-JUN-1995,EQUITY_L
SUDARSCHEM,Sudarshan Chemical Industries Limited,EQ,25-MAY-1995,EQUITY_L
SUDEEPPHRM,Sudeep Pharma Limited,EQ,28-NOV-2025,EQUITY_L
SUKHJITS,Sukhjit Starch & Chemicals Limited,EQ,07-NOV-2022,EQUITY_L
SULA,Sula Vineyards Limited,EQ,22-DEC-2022,EQUITY_L
SUMEDHA,Sumedha Fiscal Services Limited,EQ,17-AUG-2026,EQUITY_L
SUMEETINDS,Sumeet Industries Limited,EQ,10-DEC-2010,EQUITY_L
SUMICHEM,Sumitomo Chemical India Limited,EQ,27-JAN-2020,EQUITY_L
SUMIT,Sumit Woods Limited,EQ,30-JUL-2019,EQUITY_L
SUMMITSEC,Summit Securities Limited,EQ,28-JAN-2011,EQUITY_L
SUNCLAY,Sundaram Clayton Limited,EQ,29-DEC-2023,EQUITY_L
SUNDARAM,Sundaram Multi Pap Limited,EQ,02-JUN-2010,EQUITY_L
SUNDARMFIN,Sundaram Finance Limited,EQ,07-JAN-1998,EQUITY_L
SUNDRMBRAK,Sundaram Brake Linings Limited,BE,17-JUL-1996,EQUITY_L
SUNDRMFAST,Sundram Fasteners Limited,EQ,07-JUN-2000,EQUITY_L
SUNDROP,Sundrop Brands Limited,EQ,06-DEC-2002,EQUITY_L
SUNFLAG,Sunflag Iron And Steel Company Limited,EQ,29-SEP-2005,EQUITY_L
SUNLOC,Sunil Healthcare Limited,EQ,17-AUG-2026,EQUITY_L
SUNPHARMA,Sun Pharmaceutical Industries Limited,EQ,08-FEB-1995,EQUITY_L
SUNRAKSHAK,Sunrakshakk Industries India Limited,EQ,17-AUG-2026,EQUITY_L
SUNSHIEL,Sunshield Chemicals Limited,EQ,17-AUG-2026,EQUITY_L
SUNSHINE,Sunshine Pictures Limited,EQ,25-AUG-2026,EQUITY_L
SUNTECK,Sunteck Realty Limited,EQ,13-NOV-2009,EQUITY_L
SUNTV,Sun TV Network Limited,EQ,24-APR-2006,EQUITY_L
SUPERHOUSE,Superhouse Limited,EQ,26-SEP-2014,EQUITY_L
SUPERSPIN,Super Spinning Mills Limited,BE,08-JUL-2004,EQUITY_L
SUPRAJIT,Suprajit Engineering Limited,EQ,18-FEB-2005,EQUITY_L
SUPREME,Supreme Holdings & Hospitality (India) Limited,EQ,03-FEB-2025,EQUITY_L
SUPREMEIND,Supreme Industries Limited,EQ,19-JUL-1995,EQUITY_L
SUPREMEINF,Supreme Infrastructure India Limited,EQ,18-OCT-2007,EQUITY_L
SUPRIYA,Supriya Lifescience Limited,EQ,28-DEC-2021,EQUITY_L
SUPTANERY,Super Tannery Limited,BE,17-AUG-2026,EQUITY_L
SURAJEST,Suraj Estate Developers Limited,EQ,26-DEC-2023,EQUITY_L
SURAJLTD,Suraj Limited,EQ,29-AUG-2024,EQUITY_L
SURAKSHA,Suraksha Diagnostic Limited,EQ,06-DEC-2024,EQUITY_L
SURANASOL,Surana Solar Limited,EQ,07-JAN-2011,EQUITY_L
SURANAT&P,Surana Telecom and Power Limited,EQ,22-MAY-2002,EQUITY_L
SURYALA,Suryalata Spinning Mills Limited,EQ,20-APR-2026,EQUITY_L
SURYALAXMI,Suryalakshmi Cotton Mills Limited,EQ,15-JUN-2005,EQUITY_L
SURYAROSNI,Surya Roshni Limited,EQ,10-MAY-1995,EQUITY_L
SURYODAY,Suryoday Small Finance Bank Limited,EQ,26-MAR-2021,EQUITY_L
SUTLEJTEX,Sutlej Textiles and Industries Limited,BE,14-DEC-2006,EQUITY_L
SUVEN,Suven Life Sciences Limited,EQ,23-OCT-2003,EQUITY_L
SUVIDHAA,Suvidhaa Infoserve Limited,EQ,31-MAR-2021,EQUITY_L
SUYOG,Suyog Telematics Limited,EQ,20-AUG-2024,EQUITY_L
SUZLON,Suzlon Energy Limited,EQ,19-OCT-2005,EQUITY_L
SVGLOBAL,S V Global Mill Limited,EQ,17-AUG-2026,EQUITY_L
SVLL,Shree Vasu Logistics Limited,BE,21-APR-2023,EQUITY_L
SVPGLOB,SVP GLOBAL TEXTILES LIMITED,EQ,14-JUL-2021,EQUITY_L
SWANCORP,SWAN CORP LIMITED,EQ,29-MAY-2012,EQUITY_L
SWANDEF,Swan Defence and Heavy Industries Limited,BE,20-JAN-2025,EQUITY_L
SWARAJ,Swaraj Suiting Limited,BE,13-AUG-2026,EQUITY_L
SWARAJENG,Swaraj Engines Limited,EQ,06-DEC-1995,EQUITY_L
SWARNSAR,Swarnsarita Jewels India Limited,EQ,17-AUG-2026,EQUITY_L
SWELECTES,Swelect Energy Systems Limited,EQ,09-MAY-2006,EQUITY_L
SWIGGY,Swiggy Limited,EQ,13-NOV-2024,EQUITY_L
SWISSMLTRY,Swiss Military Consumer Goods Limited,EQ,17-AUG-2026,EQUITY_L
SWSOLAR,Sterling and Wilson Renewable Energy Limited,EQ,20-AUG-2019,EQUITY_L
SYMPHONY,Symphony Limited,EQ,15-JUN-2011,EQUITY_L
SYNCOMF,Syncom Formulations (India) Limited,EQ,18-NOV-2022,EQUITY_L
SYNGENE,Syngene International Limited,EQ,11-AUG-2015,EQUITY_L
SYRMA,Syrma SGS Technology Limited,EQ,26-AUG-2022,EQUITY_L
SYSTMTXC,Systematix Corporate Services Limited,BE,06-OCT-2025,EQUITY_L
TAALTECH,Taal Tech Limited,EQ,20-APR-2026,EQUITY_L
TAINWALCHM,Tainwala Chemical and Plastic (I) Limited,EQ,27-JUL-1995,EQUITY_L
TAJGVK,Taj GVK Hotels & Resorts Limited,EQ,20-DEC-2000,EQUITY_L
TAKE,TAKE Limited,EQ,27-AUG-2007,EQUITY_L
TALBROAUTO,Talbros Automotive Components Limited,EQ,29-SEP-2006,EQUITY_L
TAMBOLIIN,Tamboli Industries Limited,BE,20-APR-2026,EQUITY_L
TANAA,Taneja Aerospace & Aviation Limited,EQ,17-AUG-2026,EQUITY_L
TANLA,Tanla Platforms Limited,EQ,05-JAN-2007,EQUITY_L
TARACHAND,Tara Chand InfraLogistic Solutions Limited,EQ,16-APR-2024,EQUITY_L
TARAPUR,Tarapur Transformers Limited,EQ,18-MAY-2010,EQUITY_L
TARC,TARC Limited,EQ,18-DEC-2020,EQUITY_L
TARIL,Transformers And Rectifiers (India) Limited,EQ,28-DEC-2007,EQUITY_L
TARMAT,Tarmat Limited,EQ,09-JUL-2007,EQUITY_L
TARSONS,Tarsons Products Limited,EQ,26-NOV-2021,EQUITY_L
TASTYBITE,Tasty Bite Eatables Limited,EQ,23-MAR-2017,EQUITY_L
TATACAP,Tata Capital Limited,EQ,13-OCT-2025,EQUITY_L
TATACHEM,Tata Chemicals Limited,EQ,01-APR-1999,EQUITY_L
TATACOMM,Tata Communications Limited,EQ,12-APR-1995,EQUITY_L
TATACONSUM,TATA CONSUMER PRODUCTS LIMITED,EQ,18-NOV-1998,EQUITY_L
TATAELXSI,Tata Elxsi Limited,EQ,17-SEP-2003,EQUITY_L
TATAINVEST,Tata Investment Corporation Limited,EQ,24-JUN-1998,EQUITY_L
TATAPOWER,Tata Power Company Limited,EQ,03-APR-1996,EQUITY_L
TATASTEEL,Tata Steel Limited,EQ,18-NOV-1998,EQUITY_L
TATATECH,Tata Technologies Limited,EQ,30-NOV-2023,EQUITY_L
TATVA,Tatva Chintan Pharma Chem Limited,EQ,29-JUL-2021,EQUITY_L
TBOTEK,TBO Tek Limited,EQ,15-MAY-2024,EQUITY_L
TBZ,Tribhovandas Bhimji Zaveri Limited,EQ,09-MAY-2012,EQUITY_L
TCC,TCC Concept Limited,EQ,25-FEB-2026,EQUITY_L
TCI,Transport Corporation of India Limited,EQ,21-JAN-2002,EQUITY_L
TCIEXP,TCI Express Limited,EQ,15-DEC-2016,EQUITY_L
TCIFINANCE,TCI Finance Limited,BE,21-MAY-1997,EQUITY_L
TCPLPACK,TCPL Packaging Limited,EQ,17-OCT-2017,EQUITY_L
TCS,Tata Consultancy Services Limited,EQ,25-AUG-2004,EQUITY_L
TDPOWERSYS,TD Power Systems Limited,EQ,08-SEP-2011,EQUITY_L
TEAMGTY,Team India Guaranty Limited,EQ,11-JUN-2002,EQUITY_L
TEAMLEASE,Teamlease Services Limited,EQ,12-FEB-2016,EQUITY_L
TECHM,Tech Mahindra Limited,EQ,28-AUG-2006,EQUITY_L
TECHNOCRAF,Technocraft Ventures Limited,EQ,14-AUG-2026,EQUITY_L
TECHNOE,Techno Electric & Engineering Company Limited,EQ,04-DEC-2018,EQUITY_L
TECHNVISN,TechNVision Ventures Limited,EQ,20-APR-2026,EQUITY_L
TECILCHEM,TECIL Chemicals and Hydro Power Limited,EQ,06-DEC-1995,EQUITY_L
TEGA,Tega Industries Limited,EQ,13-DEC-2021,EQUITY_L
TEJASNET,Tejas Networks Limited,EQ,27-JUN-2017,EQUITY_L
TEMBO,Tembo Global Industries Limited,EQ,23-APR-2021,EQUITY_L
TENNIND,Tenneco Clean Air India Limited,EQ,19-NOV-2025,EQUITY_L
TERAI,Terai Tea Company Limited,EQ,17-AUG-2026,EQUITY_L
TERASOFT,Tera Software Limited,EQ,29-DEC-2016,EQUITY_L
TEXINFRA,Texmaco Infrastructure & Holdings Limited,EQ,09-SEP-2004,EQUITY_L
TEXMOPIPES,Texmo Pipes and Products Limited,EQ,10-MAR-2010,EQUITY_L
TEXRAIL,Texmaco Rail & Engineering Limited,EQ,03-MAR-2011,EQUITY_L
TFCILTD,Tourism Finance Corporation of India Limited,EQ,26-JUL-2000,EQUITY_L
TFL,Transwarranty Finance Limited,EQ,26-FEB-2007,EQUITY_L
TGBHOTELS,TGB Banquets And Hotels Limited,EQ,17-MAY-2007,EQUITY_L
TGVSL,TGV Sraac Limited,EQ,17-AUG-2026,EQUITY_L
THACKER,Thacker & Company Limited,BE,20-APR-2026,EQUITY_L
THAKDEV,Thakkers Developers Limited,EQ,20-APR-2026,EQUITY_L
THANGAMAYL,Thangamayil Jewellery Limited,EQ,19-FEB-2010,EQUITY_L
THEINVEST,The Investment Trust Of India Limited,EQ,02-AUG-2017,EQUITY_L
THEJO,Thejo Engineering Limited,EQ,10-OCT-2023,EQUITY_L
THELEELA,Leela Palaces Hotels & Resorts Limited,EQ,02-JUN-2025,EQUITY_L
THEMISMED,Themis Medicare Limited,EQ,02-APR-2007,EQUITY_L
THERMAX,Thermax Limited,EQ,30-AUG-1995,EQUITY_L
THOMASCOOK,Thomas Cook  (India)  Limited,EQ,07-JUN-2000,EQUITY_L
THOMASCOTT,Thomas Scott (India) Limited,EQ,30-JAN-2012,EQUITY_L
THYROCARE,Thyrocare Technologies Limited,EQ,09-MAY-2016,EQUITY_L
TI,Tilaknagar Industries Limited,EQ,16-JUL-2010,EQUITY_L
TICL,Twamev Construction and Infrastructure Limited,BE,16-OCT-2023,EQUITY_L
TIGERLOGS,Tiger Logistics (India) Limited,EQ,18-SEP-2025,EQUITY_L
TIIL,Technocraft Industries (India) Limited,EQ,12-FEB-2007,EQUITY_L
TIINDIA,Tube Investments of India Limited,EQ,02-NOV-2017,EQUITY_L
TIJARIA,Tijaria Polypipes Limited,EQ,14-OCT-2011,EQUITY_L
TIL,TIL Limited,BE,27-SEP-1995,EQUITY_L
TIMETECHNO,Time Technoplast Limited,EQ,13-JUN-2007,EQUITY_L
TIMEX,Timex Group India Limited,EQ,20-APR-2026,EQUITY_L
TIMKEN,Timken India Limited,EQ,06-FEB-2007,EQUITY_L
TINNARUBR,Tinna Rubber and Infrastructure Limited,EQ,17-APR-2025,EQUITY_L
TIPSFILMS,Tips Films Limited,EQ,06-OCT-2022,EQUITY_L
TIPSMUSIC,Tips Music Limited,EQ,10-NOV-2000,EQUITY_L
TIRUMALCHM,Thirumalai Chemicals Limited,EQ,14-MAY-2003,EQUITY_L
TIRUPATIFL,Tirupati Forge Limited,BE,04-AUG-2020,EQUITY_L
TITAGARH,TITAGARH RAIL SYSTEMS LIMITED,EQ,21-APR-2008,EQUITY_L
TITAN,Titan Company Limited,EQ,24-SEP-2004,EQUITY_L
TMB,Tamilnad Mercantile Bank Limited,EQ,15-SEP-2022,EQUITY_L
TMCV,Tata Motors Limited,EQ,12-NOV-2025,EQUITY_L
TMPV,Tata Motors Passenger Vehicles Limited,EQ,22-JUL-1998,EQUITY_L
TNPETRO,Tamilnadu PetroProducts Limited,EQ,27-OCT-1999,EQUITY_L
TNPL,Tamil Nadu Newsprint & Papers Limited,EQ,14-FEB-1996,EQUITY_L
TNTELE,Tamilnadu Telecommunication Limited,EQ,04-FEB-2003,EQUITY_L
TOKYOPLAST,Tokyo Plast International Limited,EQ,11-OCT-1995,EQUITY_L
TOLINS,Tolins Tyres Limited,EQ,16-SEP-2024,EQUITY_L
TORNTPHARM,Torrent Pharmaceuticals Limited,EQ,25-NOV-2002,EQUITY_L
TORNTPOWER,Torrent Power Limited,EQ,28-NOV-2006,EQUITY_L
TOTAL,Total Transport Systems Limited,EQ,28-AUG-2020,EQUITY_L
TOUCHWOOD,Touchwood Entertainment Limited,EQ,21-JAN-2020,EQUITY_L
TOYAMSL,Toyam Sports Limited,EQ,17-AUG-2026,EQUITY_L
TPHQ,Teamo Productions HQ Limited,BE,30-JAN-2009,EQUITY_L
TPLPLASTEH,TPL Plastech Limited,EQ,20-MAY-2015,EQUITY_L
TRACXN,Tracxn Technologies Limited,EQ,20-OCT-2022,EQUITY_L
TRANSCOR,Transcorp International Limited,EQ,17-AUG-2026,EQUITY_L
TRANSPEK,Transpek Industry Limited,BE,20-APR-2026,EQUITY_L
TRANSRAILL,Transrail Lighting Limited,EQ,27-DEC-2024,EQUITY_L
TRANSWORLD,TRANSWORLD SHIPPING LINES LIMITED,BE,01-MAR-1995,EQUITY_L
TRAVELFOOD,Travel Food Services Limited,EQ,14-JUL-2025,EQUITY_L
TREEHOUSE,Tree House Education & Accessories Limited,EQ,26-AUG-2011,EQUITY_L
TREJHARA,TREJHARA SOLUTIONS LIMITED,EQ,28-DEC-2018,EQUITY_L
TREL,Transindia Real Estate Limited,EQ,10-AUG-2023,EQUITY_L
TRENT,Trent Limited,EQ,07-JUN-2004,EQUITY_L
TRF,TRF Limited,EQ,26-MAR-2010,EQUITY_L
TRIDENT,Trident Limited,EQ,21-FEB-2001,EQUITY_L
TRIGYN,Trigyn Technologies Limited,EQ,09-APR-1998,EQUITY_L
TRITONV,Triton Valves Limited,EQ,17-AUG-2026,EQUITY_L
TRITURBINE,Triveni Turbine Limited,EQ,28-OCT-2011,EQUITY_L
TRIVENI,Triveni Engineering & Industries Limited,EQ,13-DEC-2005,EQUITY_L
TRU,TruCap Finance Limited,EQ,20-JUN-2023,EQUITY_L
TRUALT,TruAlt Bioenergy Limited,EQ,03-OCT-2025,EQUITY_L
TSFINV,TSF INVESTMENTS LIMITED,EQ,26-MAR-2018,EQUITY_L
TTKHLTCARE,TTK Healthcare Limited,EQ,02-DEC-2015,EQUITY_L
TTKPRESTIG,TTK Prestige Limited,EQ,22-DEC-1999,EQUITY_L
TTL,T T Limited,EQ,22-FEB-2007,EQUITY_L
TTML,Tata Teleservices (Maharashtra) Limited,EQ,20-OCT-2000,EQUITY_L
TURTLEMINT,Turtlemint Fintech Solutions Limited,EQ,29-JUN-2026,EQUITY_L
TUTIALKA,Tuticorin Alkali Chemicals & Fertilizers Limited,EQ,17-AUG-2026,EQUITY_L
TVSELECT,TVS Electronics Limited,EQ,26-DEC-2003,EQUITY_L
TVSHLTD,TVS Holdings Limited,EQ,23-OCT-2012,EQUITY_L
TVSMOTOR,TVS Motor Company Limited,EQ,02-AUG-2000,EQUITY_L
TVSSCS,TVS Supply Chain Solutions Limited,EQ,23-AUG-2023,EQUITY_L
TVSSRICHAK,TVS Srichakra Limited,EQ,13-FEB-2007,EQUITY_L
TVTODAY,TV Today Network Limited,EQ,16-JAN-2004,EQUITY_L
TVVISION,TV Vision Limited,BE,15-SEP-2016,EQUITY_L
UBL,United Breweries Limited,EQ,28-JUL-2008,EQUITY_L
UCAL,UCAL LIMITED,BE,13-SEP-1995,EQUITY_L
UCOBANK,UCO Bank,EQ,09-OCT-2003,EQUITY_L
UDAYJEW,Uday Jewellery Industries Limited,EQ,17-AUG-2026,EQUITY_L
UDS,Updater Services Limited,EQ,04-OCT-2023,EQUITY_L
UEL,Ujaas Energy Limited,EQ,16-APR-2024,EQUITY_L
UFBL,United Foodbrands Limited,BE,07-APR-2021,EQUITY_L
UFLEX,UFLEX Limited,EQ,23-AUG-1995,EQUITY_L
UFO,UFO Moviez India Limited,EQ,14-MAY-2015,EQUITY_L
UGARSUGAR,The Ugar Sugar Works Limited,EQ,23-AUG-2010,EQUITY_L
UGROCAP,Ugro Capital Limited,EQ,11-AUG-2021,EQUITY_L
UJJIVANSFB,Ujjivan Small Finance Bank Limited,EQ,12-DEC-2019,EQUITY_L
ULTRACEMCO,UltraTech Cement Limited,EQ,24-AUG-2004,EQUITY_L
ULTRAMAR,Ultramarine & Pigments Limited,EQ,20-APR-2026,EQUITY_L
UMAEXPORTS,Uma Exports Limited,BE,07-APR-2022,EQUITY_L
UMESLTD,Usha Martin Education & Solutions Limited,EQ,12-JUL-2010,EQUITY_L
UMIYA-MRO,UMIYA BUILDCON LIMITED,EQ,01-NOV-2000,EQUITY_L
UNICHEMLAB,Unichem Laboratories Limited,EQ,07-FEB-2001,EQUITY_L
UNIDT,United Drilling Tools Limited,BE,25-SEP-2020,EQUITY_L
UNIECOM,Unicommerce Esolutions Limited,EQ,13-AUG-2024,EQUITY_L
UNIENTER,Uniphos Enterprises Limited,EQ,23-JAN-2004,EQUITY_L
UNIINFO,Uniinfo Telecom Services Limited,EQ,12-JAN-2022,EQUITY_L
UNIMECH,Unimech Aerospace and Manufacturing Limited,EQ,31-DEC-2024,EQUITY_L
UNIONBANK,Union Bank of India,EQ,24-SEP-2002,EQUITY_L
UNIPARTS,Uniparts India Limited,EQ,12-DEC-2022,EQUITY_L
UNITDSPR,United Spirits Limited,EQ,27-SEP-2001,EQUITY_L
UNITECH,Unitech Limited,EQ,08-SEP-1999,EQUITY_L
UNITEDPOLY,United Polyfab Gujarat Limited,EQ,31-DEC-2021,EQUITY_L
UNITEDTEA,The United Nilgiri Tea Estates Company Limited,EQ,28-JAN-2015,EQUITY_L
UNIVASTU,Univastu India Limited,BE,22-JUN-2020,EQUITY_L
UNIVCABLES,Universal Cables Limited,EQ,17-MAY-1995,EQUITY_L
UNIVPHOTO,Universus Photo Imagings Limited,BE,14-FEB-2020,EQUITY_L
UNOMINDA,UNO Minda Limited,EQ,02-FEB-2007,EQUITY_L
UPHOT,U P Hotels Limited,EQ,17-AUG-2026,EQUITY_L
UPL,UPL Limited,EQ,23-JAN-2004,EQUITY_L
URAVIDEF,Uravi Defence and Technology Limited,BE,05-JUL-2023,EQUITY_L
URBANCO,Urban Company Limited,EQ,17-SEP-2025,EQUITY_L
URJA,Urja Global Limited,EQ,28-MAR-2017,EQUITY_L
USHAMART,Usha Martin Limited,EQ,11-OCT-2000,EQUITY_L
USK,Udayshivakumar Infra Limited,EQ,03-APR-2023,EQUITY_L
UTIAMC,UTI Asset Management Company Limited,EQ,12-OCT-2020,EQUITY_L
UTKARSHBNK,Utkarsh Small Finance Bank Limited,EQ,21-JUL-2023,EQUITY_L
UTLSOLAR,Fujiyama Power Systems Limited,EQ,20-NOV-2025,EQUITY_L
UTTAMSUGAR,Uttam Sugar Mills Limited,EQ,10-APR-2006,EQUITY_L
UYFINCORP,U. Y. Fincorp Limited,BE,03-OCT-2024,EQUITY_L
V2RETAIL,V2 Retail Limited,EQ,04-JUL-2007,EQUITY_L
VADILALIND,Vadilal Industries Limited,EQ,15-JUN-2011,EQUITY_L
VADILENT,Vadilal Enterprises Limited,EQ,17-AUG-2026,EQUITY_L
VAIBHAVGBL,Vaibhav Global Limited,EQ,05-APR-2004,EQUITY_L
VAISHALI,Vaishali Pharma Limited,EQ,15-JAN-2020,EQUITY_L
VAKRANGEE,Vakrangee Limited,EQ,03-APR-2006,EQUITY_L
VALIANTLAB,Valiant Laboratories Limited,EQ,06-OCT-2023,EQUITY_L
VALIANTORG,Valiant Organics Limited,BE,23-JUL-2021,EQUITY_L
VAML,Vedanta Aluminium Metal Limited,EQ,15-JUN-2026,EQUITY_L
VARDHACRLC,Vardhman Acrylics Limited,BE,30-SEP-2003,EQUITY_L
VARDMNPOLY,Vardhman Polytex Limited,EQ,12-MAY-2003,EQUITY_L
VARROC,Varroc Engineering Limited,EQ,06-JUL-2018,EQUITY_L
VASCONEQ,Vascon Engineers Limited,EQ,15-FEB-2010,EQUITY_L
VASUPRADA,Shri Vasuprada Plantations Limited,EQ,17-AUG-2026,EQUITY_L
VASWANI,Vaswani Industries Limited,EQ,20-SEP-2011,EQUITY_L
VBL,Varun Beverages Limited,EQ,08-NOV-2016,EQUITY_L
VCL,Vaxtex Cotfab Limited,BE,19-APR-2022,EQUITY_L
VEDAVAAG,VEDAVAAG Systems Limited,EQ,17-AUG-2026,EQUITY_L
VEDL,Vedanta Limited,EQ,13-MAY-1998,EQUITY_L
VEDPOWER,Vedanta Power Limited,EQ,15-JUN-2026,EQUITY_L
VEEDOL,Veedol Corporation Limited,EQ,16-JAN-2007,EQUITY_L
VELJAN,Veljan Denison Limited,BE,20-APR-2026,EQUITY_L
VENKEYS,Venky's (India) Limited,EQ,28-JUL-2003,EQUITY_L
VENTIVE,Ventive Hospitality Limited,EQ,30-DEC-2024,EQUITY_L
VENUSPIPES,Venus Pipes & Tubes Limited,EQ,24-MAY-2022,EQUITY_L
VENUSREM,Venus Remedies Limited,BE,20-DEC-2006,EQUITY_L
VERANDA,Veranda Learning Solutions Limited,EQ,11-APR-2022,EQUITY_L
VERTOZ,Vertoz Limited,BE,14-MAY-2020,EQUITY_L
VESUVIUS,Vesuvius India Limited,EQ,04-OCT-2002,EQUITY_L
VETO,Veto Switchgears And Cables Limited,BE,29-APR-2015,EQUITY_L
VGCL,Vibrant Global Capital Limited,EQ,17-AUG-2026,EQUITY_L
VGL,VARVEE GLOBAL LIMITED,EQ,21-NOV-2006,EQUITY_L
VGUARD,V-Guard Industries Limited,EQ,13-MAR-2008,EQUITY_L
VHL,Vardhman Holdings Limited,EQ,30-JUN-2005,EQUITY_L
VHLTD,Viceroy Hotels Limited,BE,03-APR-2024,EQUITY_L
VIDHIING,Vidhi Specialty Food Ingredients Limited,EQ,02-MAR-2016,EQUITY_L
VIDYAWIRES,Vidya Wires Limited,EQ,10-DEC-2025,EQUITY_L
VIJAYA,Vijaya Diagnostic Centre Limited,EQ,14-SEP-2021,EQUITY_L
VIJIFIN,Viji Finance Limited,BE,11-JUL-2016,EQUITY_L
VIJSOLX,Vijay Solvex Limited,EQ,17-AUG-2026,EQUITY_L
VIKASECO,Vikas EcoTech Limited,EQ,12-DEC-2011,EQUITY_L
VIKASLIFE,Vikas Lifecare Limited,EQ,08-MAY-2019,EQUITY_L
VIKRAMSOLR,Vikram Solar Limited,EQ,26-AUG-2025,EQUITY_L
VIKRAN,Vikran Engineering Limited,EQ,03-SEP-2025,EQUITY_L
VIMTALABS,Vimta Labs Limited,EQ,15-DEC-2005,EQUITY_L
VINATIORGA,Vinati Organics Limited,EQ,28-JUL-2009,EQUITY_L
VINCOFE,Vintage Coffee And Beverages Limited,EQ,18-OCT-2024,EQUITY_L
VINDHYATEL,Vindhya Telelinks Limited,EQ,08-FEB-1995,EQUITY_L
VINEETLAB,Vineet Laboratories Limited,EQ,15-JUN-2021,EQUITY_L
VINNY,Vinny Overseas Limited,EQ,28-NOV-2022,EQUITY_L
VINYLINDIA,Vinyl Chemicals (India) Limited,EQ,21-JUL-2008,EQUITY_L
VIPCLOTHNG,VIP Clothing Limited,EQ,06-AUG-2007,EQUITY_L
VIPIND,VIP Industries Limited,EQ,02-MAR-2005,EQUITY_L
VIPULLTD,Vipul Limited,BE,23-APR-2015,EQUITY_L
VIRAT,Virat Industries Limited,EQ,17-AUG-2026,EQUITY_L
VIRINCHI,Virinchi Limited,EQ,03-MAY-2023,EQUITY_L
VIRTUALG,Virtual Global Education Limited,EQ,17-AUG-2026,EQUITY_L
VISACHROME,VISA Chrome Limited,EQ,17-MAR-2006,EQUITY_L
VISAKAIND,Visaka Industries Limited,EQ,28-AUG-1996,EQUITY_L
VISHAL,Vishal Fabrics Limited,EQ,17-AUG-2026,EQUITY_L
VISHNU,Vishnu Chemicals Limited,EQ,05-MAR-2015,EQUITY_L
VISHWARAJ,Vishwaraj Sugar Industries Limited,EQ,15-OCT-2019,EQUITY_L
VISL,Vedanta Iron and Steel Limited,EQ,15-JUN-2026,EQUITY_L
VITAL,Vital Chemtech Limited,BE,11-MAR-2026,EQUITY_L
VIVIANA,Viviana Power Tech Limited,BE,02-JUN-2026,EQUITY_L
VIVIDHA,Visagar Polytex Limited,EQ,21-MAY-2013,EQUITY_L
VIVIMEDLAB,Vivimed Labs Limited,BE,17-AUG-2005,EQUITY_L
VIVOBIOT,Vivo Bio Tech Limited,EQ,17-AUG-2026,EQUITY_L
VIYASH,Viyash Scientific Limited,EQ,10-MAR-2016,EQUITY_L
VLEGOV,VL E-Governance & IT Solutions Limited,BE,14-AUG-2023,EQUITY_L
VLSFINANCE,VLS Finance Limited,EQ,25-MAY-1995,EQUITY_L
VMART,V-Mart Retail Limited,EQ,20-FEB-2013,EQUITY_L
VMM,Vishal Mega Mart Limited,EQ,18-DEC-2024,EQUITY_L
VMSTMT,VMS TMT Limited,EQ,24-SEP-2025,EQUITY_L
VOEPL,Virtuoso Optoelectronics Limited,EQ,01-JUL-2026,EQUITY_L
VOGL,Vedanta Oil and Gas Limited,EQ,15-JUN-2026,EQUITY_L
VOITHPAPR,Voith Paper Fabrics India Limited,EQ,17-AUG-2026,EQUITY_L
VOLTAMP,Voltamp Transformers Limited,EQ,20-SEP-2006,EQUITY_L
VOLTAS,Voltas Limited,EQ,12-APR-1995,EQUITY_L
VPRPL,Vishnu Prakash R Punglia Limited,EQ,05-SEP-2023,EQUITY_L
VRAJ,Vraj Iron and Steel Limited,EQ,03-JUL-2024,EQUITY_L
VRLLOG,VRL Logistics Limited,EQ,30-APR-2015,EQUITY_L
VSSL,Vardhman Special Steels Limited,EQ,17-MAY-2012,EQUITY_L
VSTIND,VST Industries Limited,EQ,05-SEP-2003,EQUITY_L
VSTL,Vibhor Steel Tubes Limited,EQ,20-FEB-2024,EQUITY_L
VSTTILLERS,V.S.T Tillers Tractors Limited,EQ,20-JUN-2011,EQUITY_L
VTL,Vardhman Textiles Limited,EQ,14-JAN-2003,EQUITY_L
VTMLTD,VTM Limited,EQ,17-AUG-2026,EQUITY_L
WAAREEENER,Waaree Energies Limited,EQ,28-OCT-2024,EQUITY_L
WAAREEINDO,Indosolar Limited,EQ,29-SEP-2010,EQUITY_L
WAAREERTL,Waaree Renewable Technologies Limited,EQ,09-APR-2025,EQUITY_L
WABAG,VA Tech Wabag Limited,EQ,13-OCT-2010,EQUITY_L
WAKEFIT,Wakefit Innovations Limited,EQ,15-DEC-2025,EQUITY_L
WALCHANNAG,Walchandnagar Industries Limited,EQ,18-SEP-1996,EQUITY_L
WANBURY,Wanbury Limited,EQ,29-JAN-2007,EQUITY_L
WARDINMOBI,Wardwizard Innovations & Mobility Limited,EQ,17-AUG-2026,EQUITY_L
WATERBASE,Waterbase Limited,EQ,17-AUG-2026,EQUITY_L
WCIL,Western Carriers (India) Limited,EQ,24-SEP-2024,EQUITY_L
WEALTH,Wealth First Portfolio Managers Limited,EQ,20-JAN-2021,EQUITY_L
WEBELSOLAR,Websol Energy System Limited,EQ,15-MAY-2007,EQUITY_L
WEIZMANIND,Weizmann Limited,EQ,10-MAY-1995,EQUITY_L
WEL,Wonder Electricals Limited,EQ,17-JAN-2022,EQUITY_L
WELCORP,Welspun Corp Limited,EQ,24-MAY-2005,EQUITY_L
WELENT,Welspun Enterprises Limited,EQ,04-NOV-2004,EQUITY_L
WELINV,Welspun Investments and Commercials Limited,BE,20-SEP-2010,EQUITY_L
WELSPLSOL,Welspun Specialty Solutions Limited,EQ,20-APR-2026,EQUITY_L
WELSPUNLIV,Welspun Living Limited,EQ,04-DEC-2003,EQUITY_L
WENDT,Wendt (India) Limited,EQ,07-AUG-2006,EQUITY_L
WESTLIFE,WESTLIFE FOODWORLD LIMITED,EQ,05-JUN-2023,EQUITY_L
WEWIN,WE WIN LIMITED,EQ,15-JUN-2022,EQUITY_L
WEWORK,WeWork India Management Limited,EQ,10-OCT-2025,EQUITY_L
WHBRADY,WH Brady & Company Limited,EQ,17-AUG-2026,EQUITY_L
WHEELS,Wheels India Limited,EQ,07-APR-2000,EQUITY_L
WHIRLPOOL,Whirlpool of India Limited,EQ,06-APR-2010,EQUITY_L
WILLAMAGOR,Williamson Magor & Company Limited,EQ,08-FEB-1995,EQUITY_L
WINDLAS,Windlas Biotech Limited,EQ,16-AUG-2021,EQUITY_L
WINDMACHIN,Windsor Machines Limited,EQ,17-AUG-2011,EQUITY_L
WIPL,The Western India Plywoods Limited,EQ,17-APR-2017,EQUITY_L
WIPRO,Wipro Limited,EQ,08-NOV-1995,EQUITY_L
WOCKPHARMA,Wockhardt Limited,EQ,23-FEB-2000,EQUITY_L
WONDERLA,Wonderla Holidays Limited,EQ,09-MAY-2014,EQUITY_L
WORTHPERI,Worth Peripherals Limited,EQ,04-AUG-2020,EQUITY_L
WPIL,WPIL Limited,EQ,20-APR-2026,EQUITY_L
WSI,W S Industries (I) Limited,EQ,01-AUG-2007,EQUITY_L
WSTCSTPAPR,West Coast Paper Mills Limited,EQ,17-JAN-2001,EQUITY_L
XCHANGING,Xchanging Solutions Limited,EQ,09-MAR-2005,EQUITY_L
XELPMOC,Xelpmoc Design And Tech Limited,EQ,04-FEB-2019,EQUITY_L
XPROINDIA,Xpro India Limited,EQ,27-APR-2004,EQUITY_L
XTGLOBAL,Xtglobal Infotech Limited,EQ,16-SEP-2024,EQUITY_L
XTRANET,Xtranet Technologies Limited,EQ,30-JUL-2026,EQUITY_L
YASHO,Yasho Industries Limited,EQ,21-AUG-2023,EQUITY_L
YATHARTH,Yatharth Hospital & Trauma Care Services Limited,EQ,07-AUG-2023,EQUITY_L
YATRA,Yatra Online Limited,EQ,28-SEP-2023,EQUITY_L
YESBANK,Yes Bank Limited,EQ,12-JUL-2005,EQUITY_L
YOGI,Yogi Limited,EQ,17-AUG-2026,EQUITY_L
YUKEN,Yuken India Limited,EQ,02-SEP-2021,EQUITY_L
ZAGGLE,Zaggle Prepaid Ocean Services Limited,EQ,22-SEP-2023,EQUITY_L
ZEEL,Zee Entertainment Enterprises Limited,EQ,09-SEP-1998,EQUITY_L
ZEELEARN,Zee Learn Limited,BE,20-DEC-2010,EQUITY_L
ZEEMEDIA,Zee Media Corporation Limited,EQ,10-JAN-2007,EQUITY_L
ZENITHEXPO,Zenith Exports Limited,EQ,10-JUL-1996,EQUITY_L
ZENITHSTL,Zenith Steel Pipes & Industries Limited,EQ,30-APR-2007,EQUITY_L
ZENSARTECH,Zensar Technologies Limited,EQ,09-JUL-2003,EQUITY_L
ZENTEC,Zen Technologies Limited,EQ,30-MAR-2015,EQUITY_L
ZFCVINDIA,ZF Commercial Vehicle Control Systems India Limited,EQ,01-OCT-2008,EQUITY_L
ZFSTEERING,ZF Steering Gear (India) Limited,EQ,20-APR-2026,EQUITY_L
ZIMLAB,Zim Laboratories Limited,EQ,25-NOV-2022,EQUITY_L
ZODIAC,Zodiac Energy Limited,EQ,14-DEC-2021,EQUITY_L
ZODIACLOTH,Zodiac Clothing Company Limited,EQ,27-SEP-1995,EQUITY_L
ZOTA,Zota Health Care LImited,EQ,19-AUG-2019,EQUITY_L
ZSARACOM,Saraswati Commercial India Limited,EQ,20-APR-2026,EQUITY_L
ZUARI,Zuari Agro Chemicals Limited,EQ,27-NOV-2012,EQUITY_L
ZUARIIND,ZUARI INDUSTRIES LIMITED,EQ,12-APR-1995,EQUITY_L
ZYDUSLIFE,Zydus Lifesciences Limited,EQ,18-APR-2000,EQUITY_L
ZYDUSWELL,Zydus Wellness Limited,EQ,13-NOV-2009,EQUITY_L
